--
-- PostgreSQL database dump
--

\restrict t6ClDg0JFJuvpKbJejMeBBWtYr75hEVraAdaE8lTH03yASEF4aYhZfk1Jp60Iaa

-- Dumped from database version 16.10 (Ubuntu 16.10-0ubuntu0.24.04.1)
-- Dumped by pg_dump version 16.10 (Ubuntu 16.10-0ubuntu0.24.04.1)

-- Started on 2025-12-02 21:41:42 -03

SET statement_timeout = 0;
SET lock_timeout = 0;
SET idle_in_transaction_session_timeout = 0;
SET client_encoding = 'UTF8';
SET standard_conforming_strings = on;
SELECT pg_catalog.set_config('search_path', '', false);
SET check_function_bodies = false;
SET xmloption = content;
SET client_min_messages = warning;
SET row_security = off;

SET default_tablespace = '';

SET default_table_access_method = heap;

--
-- TOC entry 226 (class 1259 OID 148155)
-- Name: addresses; Type: TABLE; Schema: public; Owner: csantana
--

CREATE TABLE public.addresses (
    id bigint NOT NULL,
    street character varying,
    description character varying,
    user_id bigint NOT NULL,
    created_at timestamp(6) without time zone NOT NULL,
    updated_at timestamp(6) without time zone NOT NULL,
    latitude double precision,
    longitude double precision,
    fecha_inicio date,
    ult_mes_pagado integer,
    ult_ano_pagado integer
);


ALTER TABLE public.addresses OWNER TO csantana;

--
-- TOC entry 225 (class 1259 OID 148154)
-- Name: addresses_id_seq; Type: SEQUENCE; Schema: public; Owner: csantana
--

CREATE SEQUENCE public.addresses_id_seq
    START WITH 1
    INCREMENT BY 1
    NO MINVALUE
    NO MAXVALUE
    CACHE 1;


ALTER SEQUENCE public.addresses_id_seq OWNER TO csantana;

--
-- TOC entry 3476 (class 0 OID 0)
-- Dependencies: 225
-- Name: addresses_id_seq; Type: SEQUENCE OWNED BY; Schema: public; Owner: csantana
--

ALTER SEQUENCE public.addresses_id_seq OWNED BY public.addresses.id;


--
-- TOC entry 216 (class 1259 OID 141538)
-- Name: apartments; Type: TABLE; Schema: public; Owner: csantana
--

CREATE TABLE public.apartments (
    id bigint NOT NULL,
    number integer,
    description character varying,
    start_date date,
    user_id bigint NOT NULL,
    created_at timestamp(6) without time zone NOT NULL,
    updated_at timestamp(6) without time zone NOT NULL,
    address_id bigint,
    ap_paterno character varying,
    ap_materno character varying,
    nombre character varying,
    edad integer,
    estado_civil character varying,
    profesion character varying,
    domicilio character varying,
    rut integer,
    dv character varying,
    telefono character varying,
    estado character varying,
    ult_mes_pagado integer,
    ult_ano_pagado integer
);


ALTER TABLE public.apartments OWNER TO csantana;

--
-- TOC entry 215 (class 1259 OID 141537)
-- Name: apartments_id_seq; Type: SEQUENCE; Schema: public; Owner: csantana
--

CREATE SEQUENCE public.apartments_id_seq
    START WITH 1
    INCREMENT BY 1
    NO MINVALUE
    NO MAXVALUE
    CACHE 1;


ALTER SEQUENCE public.apartments_id_seq OWNER TO csantana;

--
-- TOC entry 3477 (class 0 OID 0)
-- Dependencies: 215
-- Name: apartments_id_seq; Type: SEQUENCE OWNED BY; Schema: public; Owner: csantana
--

ALTER SEQUENCE public.apartments_id_seq OWNED BY public.apartments.id;


--
-- TOC entry 224 (class 1259 OID 141612)
-- Name: ar_internal_metadata; Type: TABLE; Schema: public; Owner: csantana
--

CREATE TABLE public.ar_internal_metadata (
    key character varying NOT NULL,
    value character varying,
    created_at timestamp(6) without time zone NOT NULL,
    updated_at timestamp(6) without time zone NOT NULL
);


ALTER TABLE public.ar_internal_metadata OWNER TO csantana;

--
-- TOC entry 218 (class 1259 OID 141548)
-- Name: bills; Type: TABLE; Schema: public; Owner: csantana
--

CREATE TABLE public.bills (
    id bigint NOT NULL,
    date date,
    tipo_egreso integer,
    comment character varying,
    amount integer DEFAULT 0,
    user_id bigint NOT NULL,
    created_at timestamp(6) without time zone NOT NULL,
    updated_at timestamp(6) without time zone NOT NULL,
    apartment_id bigint
);


ALTER TABLE public.bills OWNER TO csantana;

--
-- TOC entry 217 (class 1259 OID 141547)
-- Name: bills_id_seq; Type: SEQUENCE; Schema: public; Owner: csantana
--

CREATE SEQUENCE public.bills_id_seq
    START WITH 1
    INCREMENT BY 1
    NO MINVALUE
    NO MAXVALUE
    CACHE 1;


ALTER SEQUENCE public.bills_id_seq OWNER TO csantana;

--
-- TOC entry 3478 (class 0 OID 0)
-- Dependencies: 217
-- Name: bills_id_seq; Type: SEQUENCE OWNED BY; Schema: public; Owner: csantana
--

ALTER SEQUENCE public.bills_id_seq OWNED BY public.bills.id;


--
-- TOC entry 220 (class 1259 OID 141559)
-- Name: deposits; Type: TABLE; Schema: public; Owner: csantana
--

CREATE TABLE public.deposits (
    id bigint NOT NULL,
    date date,
    tipo_ingreso integer,
    comment character varying,
    amount integer DEFAULT 0,
    mes integer,
    ano integer,
    user_id bigint NOT NULL,
    apartment_id bigint NOT NULL,
    created_at timestamp(6) without time zone NOT NULL,
    updated_at timestamp(6) without time zone NOT NULL
);


ALTER TABLE public.deposits OWNER TO csantana;

--
-- TOC entry 219 (class 1259 OID 141558)
-- Name: deposits_id_seq; Type: SEQUENCE; Schema: public; Owner: csantana
--

CREATE SEQUENCE public.deposits_id_seq
    START WITH 1
    INCREMENT BY 1
    NO MINVALUE
    NO MAXVALUE
    CACHE 1;


ALTER SEQUENCE public.deposits_id_seq OWNER TO csantana;

--
-- TOC entry 3479 (class 0 OID 0)
-- Dependencies: 219
-- Name: deposits_id_seq; Type: SEQUENCE OWNED BY; Schema: public; Owner: csantana
--

ALTER SEQUENCE public.deposits_id_seq OWNED BY public.deposits.id;


--
-- TOC entry 223 (class 1259 OID 141605)
-- Name: schema_migrations; Type: TABLE; Schema: public; Owner: csantana
--

CREATE TABLE public.schema_migrations (
    version character varying NOT NULL
);


ALTER TABLE public.schema_migrations OWNER TO csantana;

--
-- TOC entry 222 (class 1259 OID 141571)
-- Name: users; Type: TABLE; Schema: public; Owner: csantana
--

CREATE TABLE public.users (
    id bigint NOT NULL,
    email character varying DEFAULT ''::character varying NOT NULL,
    encrypted_password character varying DEFAULT ''::character varying NOT NULL,
    reset_password_token character varying,
    reset_password_sent_at timestamp(6) without time zone,
    remember_created_at timestamp(6) without time zone,
    created_at timestamp(6) without time zone NOT NULL,
    updated_at timestamp(6) without time zone NOT NULL,
    name_community character varying,
    type_community character varying,
    saldo_inicial integer DEFAULT 0,
    name character varying,
    role integer DEFAULT 0
);


ALTER TABLE public.users OWNER TO csantana;

--
-- TOC entry 221 (class 1259 OID 141570)
-- Name: users_id_seq; Type: SEQUENCE; Schema: public; Owner: csantana
--

CREATE SEQUENCE public.users_id_seq
    START WITH 1
    INCREMENT BY 1
    NO MINVALUE
    NO MAXVALUE
    CACHE 1;


ALTER SEQUENCE public.users_id_seq OWNER TO csantana;

--
-- TOC entry 3480 (class 0 OID 0)
-- Dependencies: 221
-- Name: users_id_seq; Type: SEQUENCE OWNED BY; Schema: public; Owner: csantana
--

ALTER SEQUENCE public.users_id_seq OWNED BY public.users.id;


--
-- TOC entry 3285 (class 2604 OID 148158)
-- Name: addresses id; Type: DEFAULT; Schema: public; Owner: csantana
--

ALTER TABLE ONLY public.addresses ALTER COLUMN id SET DEFAULT nextval('public.addresses_id_seq'::regclass);


--
-- TOC entry 3275 (class 2604 OID 141541)
-- Name: apartments id; Type: DEFAULT; Schema: public; Owner: csantana
--

ALTER TABLE ONLY public.apartments ALTER COLUMN id SET DEFAULT nextval('public.apartments_id_seq'::regclass);


--
-- TOC entry 3276 (class 2604 OID 141551)
-- Name: bills id; Type: DEFAULT; Schema: public; Owner: csantana
--

ALTER TABLE ONLY public.bills ALTER COLUMN id SET DEFAULT nextval('public.bills_id_seq'::regclass);


--
-- TOC entry 3278 (class 2604 OID 141562)
-- Name: deposits id; Type: DEFAULT; Schema: public; Owner: csantana
--

ALTER TABLE ONLY public.deposits ALTER COLUMN id SET DEFAULT nextval('public.deposits_id_seq'::regclass);


--
-- TOC entry 3280 (class 2604 OID 141574)
-- Name: users id; Type: DEFAULT; Schema: public; Owner: csantana
--

ALTER TABLE ONLY public.users ALTER COLUMN id SET DEFAULT nextval('public.users_id_seq'::regclass);


--
-- TOC entry 3470 (class 0 OID 148155)
-- Dependencies: 226
-- Data for Name: addresses; Type: TABLE DATA; Schema: public; Owner: csantana
--

COPY public.addresses (id, street, description, user_id, created_at, updated_at, latitude, longitude, fecha_inicio, ult_mes_pagado, ult_ano_pagado) FROM stdin;
7	GALVARINO 365 DEPTO 602	ORELLANA FERNANDEZ GERARDO	1	2025-11-12 14:50:23.673294	2025-12-01 19:31:21.41145	\N	\N	2022-06-04	\N	\N
10	O'HIGGINS 1452	BORDEU URREJOLA GABRIELA	1	2025-11-12 14:50:23.739182	2025-12-01 19:31:21.423829	\N	\N	2022-06-04	\N	\N
11	JUAN BOSCO 1828 DEPTO 21	SENN MORAN EMILIO	1	2025-11-12 14:50:23.75539	2025-12-01 19:31:21.427956	\N	\N	2022-06-04	\N	\N
12	BARROS ARANA 1522 DEPTO 42	MELLA RAVANAL BEATRIZ	1	2025-11-12 14:50:23.77008	2025-12-01 19:31:21.43293	\N	\N	2022-06-04	\N	\N
13	AINAVILLO 672	YEVENES CRISOSTOMO GONZALO	1	2025-11-12 14:50:23.78384	2025-12-01 19:31:34.223718	\N	\N	2022-06-04	1	2023
14	LAUTARO 431 DEPTO 304	CHAMBLAS NAVARRETE OCTAVIO	1	2025-11-12 14:50:23.799595	2025-12-01 19:31:21.441831	\N	\N	2022-06-04	\N	\N
16	LAUTARO 431 DEPTO 204	JARPA MATELUNA JOAQUIN	1	2025-11-12 14:50:23.844479	2025-12-01 19:31:21.451548	\N	\N	2022-06-04	\N	\N
17	O'HIGGINS 1634 DEPTO 402	CAVIERES PARADA GRISEL	1	2025-11-12 14:50:23.861085	2025-12-01 19:31:21.455927	\N	\N	2022-06-04	\N	\N
18	JANEQUEO 564 DEPTO 601	AGUILERA OLIVARES DANIEL	1	2025-11-12 14:50:23.876777	2025-12-01 19:31:21.460143	\N	\N	2022-06-04	\N	\N
19	GALVARINO 365 DEPTO 601	FUENTES ESPINOZA ANA MARIA	1	2025-11-12 14:50:23.892551	2025-12-01 19:31:21.46529	\N	\N	2022-06-04	\N	\N
20	MAIPU 1458 CASA 6	BUSTOS MELIN NADIA	1	2025-11-12 14:50:23.919376	2025-12-01 19:31:34.285672	\N	\N	2022-06-04	9	2025
22	AINAVILLO 571	DAROCH HORMAZABAL GUNTHER	1	2025-11-12 14:50:23.97086	2025-12-01 19:31:21.478026	\N	\N	2022-06-04	\N	\N
23	BARROS ARANA 1584 DEPTO 101	MEZA GALLARDO MACARENA	1	2025-11-12 14:50:23.986797	2025-12-01 19:31:21.483105	\N	\N	2022-06-04	\N	\N
24	FREIRE 1656 CASA D	CORREA CASTILLO BLANCA	1	2025-11-12 14:50:24.002955	2025-12-01 19:31:21.487148	\N	\N	2022-06-04	\N	\N
31	AINAVILLO 620	OLAVARRIA BENNETT SONIA	1	2025-11-12 14:50:24.138675	2025-12-01 19:31:34.347934	\N	\N	2022-06-04	6	2025
60	JUAN BOSCO 1806 DEPTO 12	VILLALOBOS SALAZAR MARCELA	1	2025-11-12 14:50:24.66982	2025-12-01 19:31:34.512161	\N	\N	2022-06-04	5	2024
28	ROOSEVELT 1703 DEPTO 70	VERGARA BASTIAS LORENA	1	2025-11-12 14:50:24.08399	2025-12-01 19:31:21.515754	\N	\N	2022-06-04	\N	\N
29	AINAVILLO 558 DEPTO 302	MARTINEZ BELLO M ALEJANDRA	1	2025-11-12 14:50:24.099793	2025-12-01 19:31:21.519653	\N	\N	2022-06-04	\N	\N
30	AINAVILLO 465 DEPTO 203	FRINDT GARRETON M. VALERIA	1	2025-11-12 14:50:24.115341	2025-12-01 19:31:21.524304	\N	\N	2022-06-04	\N	\N
35	LAUTARO 645 A	ITURRIA RECABARREN HECTOR	1	2025-11-12 14:50:24.203589	2025-12-01 19:31:21.546122	\N	\N	2022-06-04	\N	\N
32	MAIPU 1684 DEPTO 23	VILLAGRAN FUENTEALBA JUAN	1	2025-11-12 14:50:24.15496	2025-12-01 19:31:34.357735	\N	\N	2022-06-04	3	2023
61	BARROS ARANA 1751 INT	SAN JUAN RAMOS VICTOR	1	2025-11-12 14:50:24.684718	2025-12-01 19:31:21.657907	\N	\N	2022-06-04	\N	\N
1	BARROS ARANA 1532 CASA G	HENRIQUEZ CID NORA DEL C.	1	2025-11-12 14:50:23.528105	2025-12-01 19:31:21.384087	\N	\N	2022-06-04	\N	\N
36	LAUTARO 645 C	ITURRIA CAMPANO VERONICA	1	2025-11-12 14:50:24.220748	2025-12-01 19:31:21.550408	\N	\N	2022-06-04	\N	\N
37	LA VIRGEN 12	MORA TAPIA NATALIA	1	2025-11-12 14:50:24.245882	2025-12-01 19:31:21.55422	\N	\N	2022-06-04	\N	\N
38	GALVARINO 365	VERA MAYORGA HERNAN	1	2025-11-12 14:50:24.268755	2025-12-01 19:31:21.557721	\N	\N	2022-06-04	\N	\N
41	VILUMILLA 654	PEZO LAGOS MARIA	1	2025-11-12 14:50:24.314487	2025-12-01 19:31:21.570492	\N	\N	2022-06-04	\N	\N
44	GALVARINO 347 DEPTO 1401	YAGI VALENZUELA JAVIERA	1	2025-11-12 14:50:24.36784	2025-12-01 19:31:21.582913	\N	\N	2022-06-04	\N	\N
42	FREIRE 1951	GUTIERREZ MUÑOZ AMALIA	1	2025-11-12 14:50:24.337608	2025-12-01 19:31:21.574744	\N	\N	2022-06-04	\N	\N
43	JANEQUEO 454 DEPTO 402	AGUAYO CATALAN DANIEL	1	2025-11-12 14:50:24.35188	2025-12-01 19:31:21.578401	\N	\N	2022-06-04	\N	\N
45	BARROS ARANA 1572 DEPTO 302	YAGI MUÑOZ NELSON	1	2025-11-12 14:50:24.389597	2025-12-01 19:31:21.587331	\N	\N	2022-06-04	\N	\N
47	GALVARINO 427	FLORES VENEGAS RODRIGO	1	2025-11-12 14:50:24.422082	2025-12-01 19:31:21.594274	\N	\N	2022-06-04	\N	\N
48	FREIRE 1656 CASA F	MIRANDA CREMASCHI ELISA	1	2025-11-12 14:50:24.438361	2025-12-01 19:31:21.598528	\N	\N	2022-06-04	\N	\N
49	AINAVILLO 627 DEPTO 3	LAFOURCADE CONCHA CECILIA	1	2025-11-12 14:50:24.452916	2025-12-01 19:31:21.602359	\N	\N	2022-06-04	\N	\N
50	LIENTUR 529	HOTT CRISOSTO KARIN	1	2025-11-12 14:50:24.467804	2025-12-01 19:31:21.605878	\N	\N	2022-06-04	\N	\N
52	JANEQUEO 670	INOSTROZA ANABALON VALENTINA	1	2025-11-12 14:50:24.505014	2025-12-01 19:31:34.444422	\N	\N	2022-06-04	12	2025
26	AINAVILLO 465 DEPTO 204	LARRAIN FIGUEROA CARMEN L.	1	2025-11-12 14:50:24.034581	2025-12-01 19:31:21.506453	\N	\N	2022-06-04	\N	\N
54	FREIRE 1460 CASA 2	VARGAS VILLAGRA HEGIA	1	2025-11-12 14:50:24.544884	2025-12-01 19:31:21.621191	\N	\N	2022-06-04	\N	\N
55	FREIRE 1746	OCAMPO DELGADO NATACHA	1	2025-11-12 14:50:24.567678	2025-12-01 19:31:34.464272	\N	\N	2022-06-04	12	2025
56	ROOSEVELT 1697 DEPTO 1	AREVALO DAVILA ROSA	1	2025-11-12 14:50:24.592074	2025-12-01 19:31:21.62849	\N	\N	2022-06-04	\N	\N
53	FREIRE 1480 DEPTO 302 B	PEREZ SUAREZ JOSE	1	2025-11-12 14:50:24.529922	2025-12-01 19:31:21.617329	\N	\N	2022-06-04	\N	\N
62	BARROS ARANA 1780 DEPTO 901	SAGREDO ARANEDA CESAR	1	2025-11-12 14:50:24.698716	2025-12-01 19:31:21.663397	\N	\N	2022-06-04	\N	\N
63	FREIRE 1755 DEPTO 604	DOMINGUEZ AGUILA CARMEN	1	2025-11-12 14:50:24.722956	2025-12-01 19:31:21.667616	\N	\N	2022-06-04	\N	\N
65	BARROS ARANA 1532 DEPTO 3B	GARCIA PARRA RUTH	1	2025-11-12 14:50:24.755494	2025-12-01 19:31:21.675508	\N	\N	2022-06-04	\N	\N
66	FREIRE 1487	MORENO RIVEROS ANTONIO	1	2025-11-12 14:50:24.770492	2025-12-01 19:31:21.679929	\N	\N	2022-06-04	\N	\N
67	PADRE KORDA 2278 DEPTO 401	CARRASCO MIGUELES MARITZA	1	2025-11-12 14:50:24.785199	2025-12-01 19:31:21.684546	\N	\N	2022-06-04	\N	\N
78	JANEQUEO 285 DEPTO 703	MILLENAO CARO LEYLA	1	2025-11-12 14:50:24.958732	2025-12-01 19:31:21.727565	\N	\N	2022-06-04	\N	\N
68	MAIPU 1676 BLOCK A DEPTO 12	VENEGAS PICEROS YENY	1	2025-11-12 14:50:24.799931	2025-12-01 19:31:21.688167	\N	\N	2022-06-04	\N	\N
69	ROOSEVELT 1703 DEPTO 50	YEVENES ELGUETA ROSA	1	2025-11-12 14:50:24.813093	2025-12-01 19:31:21.691749	\N	\N	2022-06-04	\N	\N
71	GALVARINO 470	URIBE MATURANA DANIELA	1	2025-11-12 14:50:24.843192	2025-12-01 19:31:21.700325	\N	\N	2022-06-04	\N	\N
72	LIENTUR 652	ARAVENA CHAPARRO MARIELLE	1	2025-11-12 14:50:24.859343	2025-12-01 19:31:21.703976	\N	\N	2022-06-04	\N	\N
73	LAUTARO 635 A	PARES LAMAS SARA	1	2025-11-12 14:50:24.873482	2025-12-01 19:31:34.568909	\N	\N	2022-06-04	5	2024
74	LAUTARO 635	LAMAS ZENTENO ANA	1	2025-11-12 14:50:24.88814	2025-12-01 19:31:21.711668	\N	\N	2022-06-04	\N	\N
75	BARROS ARANA 1701 DEPTO 502	NOVA RADIC MARIA	1	2025-11-12 14:50:24.90304	2025-12-01 19:31:21.716141	\N	\N	2022-06-04	\N	\N
77	GALVARINO 347	BROCEWERS LEFORT PAULINA	1	2025-11-12 14:50:24.942789	2025-12-01 19:31:21.72399	\N	\N	2022-06-04	\N	\N
81	DANIEL URREJOLA 35 DEPTO 301	PINTO VIDAL CARLOS	1	2025-11-12 14:50:25.010082	2025-12-01 19:31:34.646179	\N	\N	2022-06-04	11	2024
25	MAIPU 1676 BLOCK A DEPTO 21	LASAGNA LABBE SILVANA	1	2025-11-12 14:50:24.018803	2025-12-01 19:31:34.316575	\N	\N	2022-06-04	1	2024
34	BARROS ARANA 1532 CASA D	POPP MELENDEZ ALEX	1	2025-11-12 14:50:24.186301	2025-12-01 19:31:34.368683	\N	\N	2022-06-04	1	2024
3	LAUTARO 630	FUENTES FUENTES SIGISFREDO	1	2025-11-12 14:50:23.581468	2025-12-01 19:31:21.394047	\N	\N	2022-06-04	\N	\N
4	MAIPU 1458 CASA 1	CORNEJO BARRA RICARDO	1	2025-11-12 14:50:23.619731	2025-12-01 19:31:21.39907	\N	\N	2022-06-04	\N	\N
5	BARROS ARANA 1522 DEPTO 102	SEGOVIA CORTES RICARDO	1	2025-11-12 14:50:23.636955	2025-12-01 19:31:21.403437	\N	\N	2022-06-04	\N	\N
6	GALVARINO 321	ORELLANA LOPEZ CLAUDIO	1	2025-11-12 14:50:23.656454	2025-12-01 19:31:21.407315	\N	\N	2022-06-04	\N	\N
89	LAUTARO 597	MARTINEZ OYANEDEL VERONICA	1	2025-11-12 14:50:25.14854	2025-12-01 19:31:21.776163	\N	\N	2022-06-04	\N	\N
90	FREIRE 1497	ROJAS ENCINA OCTAVIO	1	2025-11-12 14:50:25.166049	2025-12-01 19:31:21.780477	\N	\N	2022-06-04	\N	\N
91	JUAN BOSCO 1838 B DEPTO 303	ESCOBAR CONTRERAS PATRICIO	1	2025-11-12 14:50:25.180478	2025-12-01 19:31:21.785463	\N	\N	2022-06-04	\N	\N
93	LUIS URRUTIA MANZANO 446	SANHUEZA REYES MARGARITA	1	2025-11-12 14:50:25.21845	2025-12-01 19:31:21.793004	\N	\N	2022-06-04	\N	\N
94	AINAVILLO 625	SALGADO ARAVENA FRANCISCA	1	2025-11-12 14:50:25.232469	2025-12-01 19:31:21.79831	\N	\N	2022-06-04	\N	\N
95	LAUTARO 431	VALDES DIAZ STEFFAN	1	2025-11-12 14:50:25.257086	2025-12-01 19:31:21.802113	\N	\N	2022-06-04	\N	\N
96	LAUTARO 435 DEPTO 303	ALFARO AHUMADA VICTORIA	1	2025-11-12 14:50:25.292561	2025-12-01 19:31:21.806581	\N	\N	2022-06-04	\N	\N
98	O'HIGGINS 1672 DEPTO 961	PEÑA GONZALEZ KARINA	1	2025-11-12 14:50:25.32188	2025-12-01 19:31:21.814625	\N	\N	2022-06-04	\N	\N
99	BARROS ARANA 1672 DEPTO 1403	LANDEA BOLIVAR PAULA	1	2025-11-12 14:50:25.335814	2025-12-01 19:31:21.819235	\N	\N	2022-06-04	\N	\N
100	O'HIGGINS 1414 DEPTO 202	GUERRERO PEREZ ROBERTO	1	2025-11-12 14:50:25.35895	2025-12-01 19:31:21.822918	\N	\N	2022-06-04	\N	\N
101	FREIRE 1611 DEPTO 202	ESPINOZA MORALES NORMA	1	2025-11-12 14:50:25.384247	2025-12-01 19:31:21.826382	\N	\N	2022-06-04	\N	\N
103	BARROS ARANA 1760 DEPTO 301	MOSSO HASBUN MARCO	1	2025-11-12 14:50:25.440235	2025-12-01 19:31:21.834811	\N	\N	2022-06-04	\N	\N
104	LAUTARO 410 DEPTO 58	SAAVEDRA CLARKE DANIELA	1	2025-11-12 14:50:25.453949	2025-12-01 19:31:21.838238	\N	\N	2022-06-04	\N	\N
106	BARROS ARANA 1701 DEPTO 802	VILLEGAS ROJAS MARIA	1	2025-11-12 14:50:25.494994	2025-12-01 19:31:21.84619	\N	\N	2022-06-04	\N	\N
107	FREIRE 1755	SANCHEZ ALVEAL GRACIELA	1	2025-11-12 14:50:25.50908	2025-12-01 19:31:21.850193	\N	\N	2022-06-04	\N	\N
109	GALVARINO 427 DEPTO 303	PARRA CHICAGO JORGE	1	2025-11-12 14:50:25.538543	2025-12-01 19:31:21.858429	\N	\N	2022-06-04	\N	\N
111	LAUTARO 410 DEPTO 32	CONTRERAS OJEDA EDUARDO	1	2025-11-12 14:50:25.567787	2025-12-01 19:31:21.866385	\N	\N	2022-06-04	\N	\N
112	AINAVILLO 625 DEPTO 3	PARRA PAZ JULIO	1	2025-11-12 14:50:25.59289	2025-12-01 19:31:34.786164	\N	\N	2022-06-04	3	2024
114	BARROS ARANA 1522 DEPTO 11	SAN MARTIN BARRA CARLA	1	2025-11-12 14:50:25.631351	2025-12-01 19:31:21.87714	\N	\N	2022-06-04	\N	\N
115	MAIPU 1676 BLOCK D DEPTO 11	VALLEJOS NEIRA MARTA	1	2025-11-12 14:50:25.645757	2025-12-01 19:31:21.88115	\N	\N	2022-06-04	\N	\N
121	FREIRE 1627 DEPTO 306	CHARLES DOUN BRIAN	1	2025-11-12 14:50:25.797895	2025-12-01 19:31:21.907004	\N	\N	2022-06-04	\N	\N
133	AINAVILLO 465 DEPTO 404	TOLEDO ARANDA FELIPE	1	2025-11-12 14:50:26.081654	2025-12-01 19:31:21.95692	\N	\N	2022-06-04	\N	\N
154	LUIS URRUTIA MANZANO 436 B DEPTO 204	MORENO QUEIROLO MARCELO	1	2025-11-12 14:50:26.504051	2025-12-01 19:31:22.038974	\N	\N	2022-06-04	\N	\N
153	FREIRE 1839 A	CRUZ PEREIRA	1	2025-11-12 14:50:26.480847	2025-12-01 19:37:27.051976	\N	\N	2022-06-04	5	2024
120	GALVARINO 365 DEPTO 801	MEZA ALCORTA ROSA	1	2025-11-12 14:50:25.782167	2025-12-01 19:31:21.899458	\N	\N	2022-06-04	\N	\N
127	FREIRE 1718	GUAJARDO YAÑEZ MONICA	1	2025-11-12 14:50:25.940436	2025-12-01 19:31:34.872776	\N	\N	2022-06-04	6	2026
118	LAUTARO 645 B	CAMPANO MUÑOZ CRISTINA	1	2025-11-12 14:50:25.7359	2025-12-01 19:31:21.891379	\N	\N	2022-06-04	\N	\N
119	LUIS URRUTIA MANZANO 438 A DEPTO 302	TAPIA MALDONADO IRMA	1	2025-11-12 14:50:25.7505	2025-12-01 19:31:21.895642	\N	\N	2022-06-04	\N	\N
122	FREIRE 1755 DEPTO 203	NAVARRETE VEGA CARMEN	1	2025-11-12 14:50:25.81339	2025-12-01 19:31:21.910741	\N	\N	2022-06-04	\N	\N
124	ROOSEVELT 1703 DEPTO 30	CHAPARRO CASTRO ENOVE	1	2025-11-12 14:50:25.852121	2025-12-01 19:31:21.919178	\N	\N	2022-06-04	\N	\N
145	AINAVILLO 678	DIAZ PERALTA LUISA	1	2025-11-12 14:50:26.345445	2025-12-01 19:31:22.00304	\N	\N	2022-06-04	\N	\N
125	GALVARINO 374 DEPTO 1401	VEGA ALISTE ALFONSO	1	2025-11-12 14:50:25.874343	2025-12-01 19:31:21.922528	\N	\N	2022-06-04	\N	\N
126	GALVARINO 427 DEPTO 403	LAGOS CONTRERAS PAULA	1	2025-11-12 14:50:25.917588	2025-12-01 19:31:21.926883	\N	\N	2022-06-04	\N	\N
132	O'HIGGINS 1672 DEPTO 802	RAMIREZ CARVAJAL LUIS ARTURO	1	2025-11-12 14:50:26.041536	2025-12-01 19:31:34.914635	\N	\N	2022-06-04	3	2026
139	BARROS ARANA 1532 DEPTO 5B	HUNTER RETAMAL MARIA DIGNA	1	2025-11-12 14:50:26.207512	2025-12-01 19:31:21.97964	\N	\N	2022-06-04	\N	\N
131	FREIRE 1760 DEPTO 2	SEPULVEDA VARGAS CAMILA	1	2025-11-12 14:50:26.026932	2025-12-01 19:31:21.949459	\N	\N	2022-06-04	\N	\N
138	AINAVILLO 426 DEPTO 306	BENAVENTI DUCOMMUN ANTONELLA	1	2025-11-12 14:50:26.185183	2025-12-01 19:31:34.934275	\N	\N	2022-06-04	5	2023
135	BARROS ARANA 1795	MEINAS CAMPOS RALF	1	2025-11-12 14:50:26.121704	2025-12-01 19:31:21.965397	\N	\N	2022-06-04	\N	\N
136	JUAN BOSCO 1896 DEPTO 41	MARTINEZ HERNAMDEZ DIANA	1	2025-11-12 14:50:26.138198	2025-12-01 19:31:21.969057	\N	\N	2022-06-04	\N	\N
137	FREIRE 1656 CASA G	PALMA BUSTOS ELISABETH	1	2025-11-12 14:50:26.160552	2025-12-01 19:31:21.972447	\N	\N	2022-06-04	\N	\N
116	AINAVILLO 558 DEPTO 201	ROBERTSON HERRERA MA. JULIA	1	2025-11-12 14:50:25.659247	2025-12-01 19:31:34.809602	\N	\N	2022-06-04	10	2025
140	FREIRE 1755 DEPTO 602	GRARIA LOPEZ ROCIO	1	2025-11-12 14:50:26.223002	2025-12-01 19:31:21.98406	\N	\N	2022-06-04	\N	\N
142	ROOSEVELT 1703 DEPTO 72	VIDAL FRIZ MARISOL	1	2025-11-12 14:50:26.272769	2025-12-01 19:31:21.991341	\N	\N	2022-06-04	\N	\N
143	FREIRE 1627	SANCHEZ SALGADO NIRVANA	1	2025-11-12 14:50:26.304215	2025-12-01 19:31:21.995742	\N	\N	2022-06-04	\N	\N
144	JANEQUEO 564 DEPTO 907	ACEVEDO TORRES IGNACIO	1	2025-11-12 14:50:26.329571	2025-12-01 19:31:21.999773	\N	\N	2022-06-04	\N	\N
146	AINAVILLO 615	RAMOS JIMENEZ TOMAS	1	2025-11-12 14:50:26.360378	2025-12-01 19:31:22.006553	\N	\N	2022-06-04	\N	\N
149	DANIEL URREJOLA 35 DEPTO XXX	SUAZO HENRIQUEZ PATRICIA	1	2025-11-12 14:50:26.40304	2025-12-01 19:31:22.018188	\N	\N	2022-06-04	\N	\N
150	DANIEL URREJOLA 35 DEPTO 302	SUAZO HENRIQUEZ ABIGAIL	1	2025-11-12 14:50:26.416348	2025-12-01 19:31:22.02181	\N	\N	2022-06-04	\N	\N
151	BARROS ARANA 1672 DEPTO 1307	PEDREROS NAVARRETE ESMERALDA	1	2025-11-12 14:50:26.433358	2025-12-01 19:31:22.025245	\N	\N	2022-06-04	\N	\N
82	AINAVILLO 587	SANTIBANEZ BADLLA ELIZABETH	1	2025-11-12 14:50:25.024226	2025-12-01 19:31:21.743071	\N	\N	2022-06-04	\N	\N
155	AINAVILLO 485 DEPTO 102	MONTECINO MUÑOZ CAROLINA	1	2025-11-12 14:50:26.518047	2025-12-01 19:31:22.043693	\N	\N	2022-06-04	\N	\N
156	MAIPU 1458 CASA 4	RAVANAL AMBROSI CORA	1	2025-11-12 14:50:26.533621	2025-12-01 19:31:22.048139	\N	\N	2022-06-04	\N	\N
157	DANIEL URREJOLA 35 DEPTO 101	LY GATICA AZAAM	1	2025-11-12 14:50:26.559521	2025-12-01 19:31:22.052987	\N	\N	2022-06-04	\N	\N
158	LAUTARO 630 INT	FUENTES HERMOSILLA RUTH	1	2025-11-12 14:50:26.581966	2025-12-01 19:31:22.056684	\N	\N	2022-06-04	\N	\N
160	LUIS URRUTIA MANZANO 446 DEPTO 42	CUEVAS LANDAETA LUIS	1	2025-11-12 14:50:26.6111	2025-12-01 19:31:22.065692	\N	\N	2022-06-04	\N	\N
161	AINAVILLO 671 DEPTO 12	SCHLEGEL TORO SARA	1	2025-11-12 14:50:26.6246	2025-12-01 19:31:22.069209	\N	\N	2022-06-04	\N	\N
85	BARROS ARANA 1699	LOPEZ DIAZ CLAUDIA	1	2025-11-12 14:50:25.090179	2025-12-01 19:31:34.661438	\N	\N	2022-06-04	5	2024
88	FREIRE 1414	ARELLANO ESCOBAR JUAN LUIS	1	2025-11-12 14:50:25.132952	2025-12-01 19:31:21.765989	\N	\N	2022-06-04	\N	\N
84	FREIRE 1755 DEPTO 501	MONTECINOS LOYOLA PABLO	1	2025-11-12 14:50:25.066571	2025-12-01 19:31:21.751479	\N	\N	2022-06-04	\N	\N
87	LAUTARO 424 DEPTO 32	HILLERNS ROJAS GABRIELA	1	2025-11-12 14:50:25.118755	2025-12-01 19:31:34.68961	\N	\N	2022-06-04	3	2026
129	GALVARINO 347 DEPTO 305	CASTILLO IGLESIAS LUCIA	1	2025-11-12 14:50:25.986509	2025-12-01 19:31:21.939758	\N	\N	2022-06-04	\N	\N
117	MAIPU 1684 DEPTO 32	TAPIA RIVERA MONICA	1	2025-11-12 14:50:25.684383	2025-12-01 19:31:21.888224	\N	\N	2022-06-04	\N	\N
168	MAIPU 1684	RETAMAL RIVAS DANITZA	1	2025-11-12 14:50:26.775914	2025-12-01 19:31:22.097422	\N	\N	2022-06-25	\N	\N
227	AINAVILLO 513	CABRERA VEGA MARTA	1	2025-11-12 14:50:27.942395	2025-12-01 19:31:35.192802	\N	\N	2025-05-10	4	2026
234	BARROS ARANA 1659 DEPTO A3	SORI ANTOLA JIMENEZ	1	2025-11-12 14:50:28.100009	2025-12-01 19:31:35.229762	\N	\N	2025-06-13	10	2025
172	BARROS ARANA 1579 DEPTO 31	JAEN HARISMENDY MARY	1	2025-11-12 14:50:26.860865	2025-12-01 19:31:22.113324	\N	\N	2022-06-25	\N	\N
173	FREIRE 1480 DEPTO 803 B	ARREPOL ZUÑIGA DAYANA	1	2025-11-12 14:50:26.876149	2025-12-01 19:31:22.117012	\N	\N	2022-06-25	\N	\N
174	FREIRE 1908	JARA VIDAL PEDRO	1	2025-11-12 14:50:26.898978	2025-12-01 19:31:22.120621	\N	\N	2022-06-25	\N	\N
175	FREIRE 1627 DEPTO 402	VILDOSOLA RIQUELME JOSE	1	2025-11-12 14:50:26.914352	2025-12-01 19:31:22.123982	\N	\N	2022-06-25	\N	\N
176	BARROS ARANA 1522 DEPTO 12	SANTIS BRANTE OSCAR	1	2025-11-12 14:50:26.929288	2025-12-01 19:31:22.128085	\N	\N	2022-06-25	\N	\N
178	BARROS ARANA 1532 CASA C	VILLALOBOS MERINO RAFAEL	1	2025-11-12 14:50:26.969621	2025-12-01 19:31:22.135737	\N	\N	2022-06-25	\N	\N
179	AINAVILLO 426 DEPTO 505	RAMOS MORA FABIOLA	1	2025-11-12 14:50:26.985726	2025-12-01 19:31:22.139039	\N	\N	2022-06-28	\N	\N
180	ROOSEVELT 1703 DEPTO 52	MUÑOZ VERGARA CECILIA	1	2025-11-12 14:50:27.000799	2025-12-01 19:31:22.142739	\N	\N	2022-06-29	\N	\N
181	FREIRE 1914	SALGADO VARAS RENATA	1	2025-11-12 14:50:27.025443	2025-12-01 19:31:35.073887	\N	\N	2022-07-01	1	2024
182	O'HIGGINS 1659	RIFFO SAAVEDRA VERONICA	1	2025-11-12 14:50:27.055244	2025-12-01 19:31:22.150736	\N	\N	2022-07-02	\N	\N
184	GALVARINO 468	ARTEAGA ROMERO FRANCISCA	1	2025-11-12 14:50:27.113581	2025-12-01 19:31:22.157052	\N	\N	2022-07-05	\N	\N
185	BARROS ARANA 1665	MALDONADO ROA PEDRO	1	2025-11-12 14:50:27.137094	2025-12-01 19:31:22.164234	\N	\N	2022-07-09	\N	\N
186	BARROS ARANA 1701	BAUER LISSNER PATRICIA	1	2025-11-12 14:50:27.150468	2025-12-01 19:31:22.16805	\N	\N	2022-07-09	\N	\N
187	BARROS ARANA 1760 DEPTO 201	REUSS VILLARROEL PROSPERINA	1	2025-11-12 14:50:27.174193	2025-12-01 19:31:22.172361	\N	\N	2022-07-09	\N	\N
188	BARROS ARANA 1592	MATTHEI SCHMDT LUZ	1	2025-11-12 14:50:27.199669	2025-12-01 19:31:22.176279	\N	\N	2022-07-09	\N	\N
191	MAIPU 1980 D	ERIZ SOTO ALEX	1	2025-11-12 14:50:27.26053	2025-12-01 19:31:22.188787	\N	\N	2022-07-18	\N	\N
197	LIENTUR 675	GARAY REBOLLEDO NANCY	1	2025-11-12 14:50:27.350617	2025-12-01 19:31:22.213258	\N	\N	2022-07-18	\N	\N
192	MAIPU 1980 A	PEREZ HENRIQUEZ MIRIAM	1	2025-11-12 14:50:27.276297	2025-12-01 19:31:22.192384	\N	\N	2022-07-18	\N	\N
193	MAIPU 1980 E	CONTANZO PINCHEIRA GERMAN	1	2025-11-12 14:50:27.291362	2025-12-01 19:31:22.197548	\N	\N	2022-07-18	\N	\N
194	MAIPU 1980 F	CARRASCO AZOCAR EMILIA	1	2025-11-12 14:50:27.307811	2025-12-01 19:31:22.201422	\N	\N	2022-07-18	\N	\N
202	JANEQUEO 454 DEPTO 202	SANCHEZ BOBADILLA ROSA	1	2025-11-12 14:50:27.475419	2025-12-01 19:31:22.231364	\N	\N	2022-07-23	\N	\N
196	LAUTARO 556 DEPTO 21	MUTIS ENRIQUEZ ELIANA	1	2025-11-12 14:50:27.336032	2025-12-01 19:31:22.209014	\N	\N	2022-07-18	\N	\N
198	LIENTUR 664	CASTILLO COLE CARLOS	1	2025-11-12 14:50:27.364486	2025-12-01 19:31:22.216508	\N	\N	2022-07-18	\N	\N
199	FREIRE 1627 DEPTO 1201	ERIZ GOMEZ CAROLA	1	2025-11-12 14:50:27.41708	2025-12-01 19:31:22.219995	\N	\N	2022-07-18	\N	\N
201	FREIRE 1480 DEPTO 703	FLORES ORDENES NORMA	1	2025-11-12 14:50:27.462084	2025-12-01 19:31:22.22766	\N	\N	2022-07-23	\N	\N
203	JANEQUEO 642	DAVILA VALLEJOS RICARDO	1	2025-11-12 14:50:27.50127	2025-12-01 19:31:22.234952	\N	\N	2022-07-23	\N	\N
163	MAIPU 1472 DEPTO 54	PINO DE LA BARRA MARIA TERESA	1	2025-11-12 14:50:26.666033	2025-12-01 19:31:22.077605	\N	\N	2022-06-04	\N	\N
204	LAUTARO 581	POLITO GONZALEZ BRUNO	1	2025-11-12 14:50:27.541769	2025-12-01 19:31:22.239434	\N	\N	2022-07-23	\N	\N
205	LA VIRGEN 184	CRUZ FUENTEALBA CARLA	1	2025-11-12 14:50:27.556187	2025-12-01 19:31:22.242784	\N	\N	2025-08-02	\N	\N
207	AINAVILLO 591	MOLINA ROTHEN MARIA	1	2025-11-12 14:50:27.584018	2025-12-01 19:31:22.250163	\N	\N	2022-08-22	\N	\N
209	FREIRE 1530 CASA 3	RIVERA VIDAL RAYEN	1	2025-11-12 14:50:27.625095	2025-12-01 19:31:22.256831	\N	\N	2022-09-07	\N	\N
210	LAUTARO 410 DEPTO 21	CARDENAS HERNANDEZ CLAUDIO	1	2025-11-12 14:50:27.63918	2025-12-01 19:31:22.260684	\N	\N	2022-09-13	\N	\N
212	FREIRE 1595 DEPTO 602	DIAZ SANCHEZ GABRIELA	1	2025-11-12 14:50:27.667393	2025-12-01 19:31:22.264587	\N	\N	2022-09-20	\N	\N
214	GALVARINO 427-505	VELASQUEZ SILVA FABIOLA	1	2025-11-12 14:50:27.723125	2025-12-01 19:31:22.271568	\N	\N	2023-11-01	\N	\N
215	O'HIGGINS 1530 B	MORENO CASTILLO MARTA	1	2025-11-12 14:50:27.737334	2025-12-01 19:31:22.274807	\N	\N	2023-11-01	\N	\N
216	BARROS ARANA 1672 DEPTO 907	GUERRA BRITO SONIA	1	2025-11-12 14:50:27.75122	2025-12-01 19:31:22.279005	\N	\N	2024-03-13	\N	\N
217	LAUTARO 563 DEPTO 504	ANGULO TRIBIÑO ROXANA	1	2025-11-12 14:50:27.766221	2025-12-01 19:31:22.282662	\N	\N	2024-03-19	\N	\N
218	PELANTARO 687	GARCIA CASTILLO SEBASTIAN	1	2025-11-12 14:50:27.7881	2025-12-01 19:31:22.288435	\N	\N	2024-05-25	\N	\N
220	O'HIGGINS 1650	PAZ RODRIGUEZ MONICA	1	2025-11-12 14:50:27.820467	2025-12-01 19:31:22.297022	\N	\N	2024-06-15	\N	\N
221	ROOSELVELT 1703	CASTILLO BARRA NELSON	1	2025-11-12 14:50:27.843486	2025-12-01 19:31:22.301335	\N	\N	2024-06-15	\N	\N
222	MAC-IVER 1690	CALDERON DIAZ JUAN JOSÉ	1	2025-11-12 14:50:27.857939	2025-12-01 19:31:22.304949	\N	\N	2024-09-02	\N	\N
223	LAUTARO 323 DEPTO 301	AÑI LEIVA JANNETTE	1	2025-11-12 14:50:27.872875	2025-12-01 19:31:22.309767	\N	\N	2025-02-06	\N	\N
224	AINAVILLO 519	DE BORGUIE CABRERA ALEJANDRA	1	2025-11-12 14:50:27.886911	2025-12-01 19:31:22.314051	\N	\N	2025-03-01	\N	\N
226	MAIPU 1676 BLOCK B DEPTO 32	ALTAMIRANO SALAMANCA RODRIGO	1	2025-11-12 14:50:27.918343	2025-12-01 19:31:22.321644	\N	\N	2025-04-01	\N	\N
232	LIENTUR 699	AGUILERA RETAMAL MAGALI	1	2025-11-12 14:50:28.046033	2025-12-01 19:31:35.209529	\N	\N	2025-06-09	11	2025
230	AINAVILLO 485 DEPTO 201	ESCOBAR DIAZ GINDRA	1	2025-11-12 14:50:28.000879	2025-12-01 19:31:22.336017	\N	\N	2025-05-23	\N	\N
233	GALVARINO 660	CISTERNA CABRERA FRESIA	1	2025-11-12 14:50:28.069149	2025-12-01 19:31:35.220231	\N	\N	2025-06-13	11	2025
235	O'HIGGINS 1655 DEPTO 201	VASQUEZ VENEGAS MARIA JOSE	1	2025-11-12 14:50:28.12542	2025-12-01 19:31:22.354941	\N	\N	2025-06-26	\N	\N
162	LUIS URRUTIA MANZANO 483 B DEPTO 404	ALARCON VENEGAS HORACIO	1	2025-11-12 14:50:26.640376	2025-12-01 19:31:22.073351	\N	\N	2022-06-04	\N	\N
171	VILUMILLA 631 DEPTO 2	LEYTON ARAYA CHISTIAN	1	2025-11-12 14:50:26.844815	2025-12-01 19:31:22.107848	\N	\N	2022-06-25	\N	\N
236	BARROS ARANA 1159	JIMENEZ HABALI PATRICIO	1	2025-11-12 14:50:28.141689	2025-12-01 19:31:22.358789	\N	\N	2025-06-26	\N	\N
238	BARROS ARANA 1661 DEPTO 43	SANZANA MUÑOZ GABRIELA	1	2025-11-12 14:50:28.170567	2025-12-01 19:31:22.367075	\N	\N	2025-06-26	\N	\N
239	FREIRE 1627 DEPTO 802	CONTRERAS ESPINOZA CAROLINA	1	2025-11-12 14:50:28.185606	2025-12-01 19:31:22.370308	\N	\N	2025-06-26	\N	\N
240	BARROS ARANA 1760 DEPTO 601	ROMERO FERNANDEZ PABLO	1	2025-11-12 14:50:28.200068	2025-12-01 19:31:22.373555	\N	\N	2025-07-16	\N	\N
242	O'HIGGINS 1655 DEPTO 102	TORRES SOTO MARCELA	1	2025-11-12 14:50:28.229864	2025-12-01 19:31:22.38144	\N	\N	2025-07-16	\N	\N
169	LAUTARO 685	VILLARROEL PINO PAULA	1	2025-11-12 14:50:26.807484	2025-12-01 19:31:35.036311	\N	\N	2022-06-25	12	2023
228	FREIRE 1901	SEPULVEDA MONJE DELIA	1	2025-11-12 14:50:27.956331	2025-12-01 19:31:22.328927	\N	\N	2025-05-10	\N	\N
165	BARROS ARANA 1532 DEPTO 4B	SAN MARTIN SAEZ JEANNETTE	1	2025-11-12 14:50:26.719752	2025-12-01 19:31:35.022147	\N	\N	2022-06-04	3	2026
166	O'HIGGINS 1544 DEPTO 502	BAÑADOS PLACENCIA BARBARA	1	2025-11-12 14:50:26.733866	2025-12-01 19:31:22.089219	\N	\N	2022-06-04	\N	\N
167	JANEQUEO 454 DEPTO 502	GARDA PINTO NICOLAS	1	2025-11-12 14:50:26.751762	2025-12-01 19:31:22.092854	\N	\N	2022-06-04	\N	\N
33	BARROS ARANA 1584 DEPTO 102	GUTIERREZ ZAMORANO LUIS	1	2025-11-12 14:50:24.169988	2025-12-01 19:31:21.537421	\N	\N	2022-06-04	\N	\N
39	JUAN BOSCO 1816 DEPTO 11	RIQUELME CRUCES NELSON	1	2025-11-12 14:50:24.282472	2025-12-01 19:31:21.561239	\N	\N	2022-06-04	\N	\N
58	MAIPU 1576	LABARCA LAGOS MONICA	1	2025-11-12 14:50:24.63056	2025-12-01 19:31:34.501701	\N	\N	2022-06-04	12	2025
21	BARROS ARANA 1532 CASA F	CABRERA CROT VERONICA	1	2025-11-12 14:50:23.942212	2025-12-01 19:31:21.473613	\N	\N	2022-06-04	\N	\N
219	LAUTARO 484 DEPTO 301	VIVEROS BENNETT SERGIO	1	2025-11-12 14:50:27.804599	2025-12-01 19:31:22.291769	\N	\N	2024-05-25	\N	\N
64	BARROS ARANA 1701 DEPTO 503	LOPEZ CORREA PABLO	1	2025-11-12 14:50:24.739445	2025-12-01 19:31:21.671909	\N	\N	2022-06-04	\N	\N
70	O'HIGGINS 1414 DEPTO 301	NAVARRO YUNGE PABLO	1	2025-11-12 14:50:24.828163	2025-12-01 19:31:21.696242	\N	\N	2022-06-04	\N	\N
76	LAUTARO 635 INT	LAMAS ZENTENO MARIA ROSA	1	2025-11-12 14:50:24.917063	2025-12-01 19:31:34.595291	\N	\N	2022-06-04	5	2025
225	BARROS ARANA 1532 DEPTO 3A	GRANDON ROJAS GONZALO	1	2025-11-12 14:50:27.902475	2025-12-01 19:31:35.179329	\N	\N	2025-04-01	12	2025
195	GALVARINO 481	GROCASSAN MICHAEL	1	2025-11-12 14:50:27.321341	2025-12-01 19:31:22.20492	\N	\N	2022-07-18	\N	\N
86	GALVARINO 319-A	FERNANDEZ AGUILERA MARIA CECILIA	1	2025-11-12 14:50:25.105093	2025-12-01 19:31:21.75801	\N	\N	2022-06-04	\N	\N
105	BARROS ARANA 1532 DEPTO 1B	REYES VELASQUEZ NAZMY	1	2025-11-12 14:50:25.479064	2025-12-01 19:31:21.842154	\N	\N	2022-06-04	\N	\N
266	AV. ROOSEVELT 1777 DEPTO 1	MORA BENEVENTI HUMBERTO	1	2025-11-12 14:50:28.62556	2025-12-01 19:31:35.340716	\N	\N	2025-10-25	7	2026
92	AINAVILLO 636	RUIZ MOORE BOLIVAR	1	2025-11-12 14:50:25.203325	2025-12-01 19:31:21.789254	\N	\N	2022-06-04	\N	\N
268	AINAVILLO 648	MARTINEZ YAÑEZ LORETO	1	2025-11-12 14:50:28.656506	2025-12-01 19:31:35.351239	\N	\N	2025-10-30	9	2026
15	FREIRE 1707	MANRIQUEZ FORNO M.VERONICA	1	2025-11-12 14:50:23.81342	2025-12-01 19:31:34.237124	\N	\N	2022-06-04	11	2022
270	FREIRE 1820	ANCONETANI DELLA TORRE GINO	1	2025-11-12 14:50:28.688874	2025-12-01 19:31:35.362212	\N	\N	2025-11-11	10	2026
2	BARROS ARANA 1780 DEPTO 604	BRICEÑO VALENCIA LESLEY	1	2025-11-12 14:50:23.563514	2025-12-01 19:31:21.389968	\N	\N	2022-06-04	\N	\N
231	LIENTUR 631	LOPEZ MORALES MARGARITA	1	2025-11-12 14:50:28.030265	2025-12-01 19:31:22.339884	\N	\N	2025-05-26	\N	\N
213	JANEQUEO 454 DEPTO 301	SANTANA GACITUA CARLOS	1	2025-11-12 14:50:27.689624	2025-12-01 19:31:35.149279	\N	\N	2022-11-17	12	2023
9	BARROS ARANA 1522 DEPTO 101	SANCHEZ SANCHEZ EDGARDO	1	2025-11-12 14:50:23.711377	2025-12-01 19:31:21.420011	\N	\N	2022-06-04	\N	\N
46	AINAVILLO 558 DEPTO 701	MEDINA CARRASCO MARIO	1	2025-11-12 14:50:24.405458	2025-12-01 19:31:34.397491	\N	\N	2022-06-04	9	2025
59	LIENTUR 574	SANHUEZA HERRERA FELIPE	1	2025-11-12 14:50:24.647024	2025-12-01 19:31:21.650795	\N	\N	2022-06-04	\N	\N
97	ROOSEVELT 1777 DEPTO 3	ESPINOZA REYES ANITA	1	2025-11-12 14:50:25.306899	2025-12-01 19:31:21.810164	\N	\N	2022-06-04	\N	\N
27	JUAN BOSCO 1863 DEPTO 1209	FUENTES VILLALOBOS FRANCISCO	1	2025-11-12 14:50:24.049349	2025-12-01 19:31:21.511361	\N	\N	2022-06-04	\N	\N
102	LUIS URRUTIA MANZANO 438 A DEPTO 301	VENEGAS TRONCOSO EDITH	1	2025-11-12 14:50:25.399686	2025-12-01 19:31:21.830969	\N	\N	2022-06-04	\N	\N
110	LAUTARO 431 DEPTO 303	VALLEGOS GARRIDO PAULO	1	2025-11-12 14:50:25.552136	2025-12-01 19:31:21.862641	\N	\N	2022-06-04	\N	\N
123	LAUTARO 424 DEPTO 22	PERUGI ARTIGAS SUSANA	1	2025-11-12 14:50:25.837132	2025-12-01 19:31:21.915856	\N	\N	2022-06-04	\N	\N
265	BARROS ARANA 1701 DEPTO 302	OSORIO CORTES JAIME	1	2025-11-12 14:50:28.61152	2025-12-01 19:31:22.47342	\N	\N	2025-10-25	\N	\N
128	ROOSEVELT 1703 DEPTO 31	GARDA PINTO FELIPE	1	2025-11-12 14:50:25.96489	2025-12-01 19:31:21.935849	\N	\N	2022-06-04	\N	\N
134	BARROS ARANA 1672 DEPTO 1713	ALBORNOZ GUERRA DHAYA	1	2025-11-12 14:50:26.095141	2025-12-01 19:31:21.961407	\N	\N	2022-06-04	\N	\N
141	JANEQUEO 564 DEPTO 302	BAO MORA MARCELA	1	2025-11-12 14:50:26.239971	2025-12-01 19:31:21.987689	\N	\N	2022-06-04	\N	\N
147	BARROS ARANA 1795 DEPTO 10	EULUFI CERDA HELIA	1	2025-11-12 14:50:26.374401	2025-12-01 19:31:22.010364	\N	\N	2022-06-04	\N	\N
159	GALVARINO 319 A	ESPARZA PEZO PEDRO	1	2025-11-12 14:50:26.597334	2025-12-01 19:31:22.060771	\N	\N	2022-06-04	\N	\N
164	AINAVILLO 625 DEPTO 2	SALAZAR CARVALLO LORETO	1	2025-11-12 14:50:26.680361	2025-12-01 19:31:22.08165	\N	\N	2022-06-04	\N	\N
170	MAIPU 1676 BLOCK A DEPTO 11	VALLEJOS NEIRA EUGENIA	1	2025-11-12 14:50:26.821652	2025-12-01 19:31:22.104636	\N	\N	2022-06-25	\N	\N
177	MAIPU 1458 CASA 2	ASTETE BOETTCHER PAULINA	1	2025-11-12 14:50:26.953528	2025-12-01 19:31:22.132165	\N	\N	2022-06-25	\N	\N
183	PELANTARO 761 B DEPTO 402	ALDEA SALDIAS JULIA	1	2025-11-12 14:50:27.081572	2025-12-01 19:31:22.153895	\N	\N	2022-07-02	\N	\N
243	LIENTUR 627	GALLEGOS MUÑOZ SILVIA	1	2025-11-12 14:50:28.247378	2025-12-01 19:31:22.384989	\N	\N	2025-08-06	\N	\N
255	BARROS ARANA 1701 DEPTO 202	SAGURIE CHAIN XIMENA	1	2025-11-12 14:50:28.453713	2025-12-01 19:31:22.433638	\N	\N	2025-09-11	\N	\N
256	BARROS ARANA 1701 DEPTO 305	COMPARINI CORTEZ ROCIO	1	2025-11-12 14:50:28.469062	2025-12-01 19:31:22.436923	\N	\N	2025-09-11	\N	\N
269	FREIRE 1656 CASA H	RIVERA CRISOSTOMO ANDREA	1	2025-11-12 14:50:28.673134	2025-12-01 19:31:22.488644	\N	\N	2025-11-11	\N	\N
189	BARROS ARANA 1701 DEPTO 303	OPAZO RIVEROS MARINA	1	2025-11-12 14:50:27.214112	2025-12-01 19:31:22.180623	\N	\N	2022-07-09	\N	\N
200	GALVARINO 427 DEPTO 406	MUÑOZ NUÑEZ JUAN FCO.	1	2025-11-12 14:50:27.431627	2025-12-01 19:31:22.223648	\N	\N	2022-07-19	\N	\N
206	VILUMILLA 663	VIVEROS FLORES MARIA VICTORIA	1	2025-11-12 14:50:27.5705	2025-12-01 19:31:22.246793	\N	\N	2022-08-18	\N	\N
267	BARROS ARANA 1701 DEPTO 704	ALVARADO MARDONES M. TERESA	1	2025-11-12 14:50:28.638951	2025-12-01 19:31:22.481276	\N	\N	2025-10-26	\N	\N
263	PELANTARO 637 DEPTO 404	ARAYA MARTINEZ OLIVIA	1	2025-11-12 14:50:28.581727	2025-12-01 19:31:35.327233	\N	\N	2025-10-13	12	2025
237	BARROS ARANA 1661 DEPTO 23	SANZANA NAVARRO JOAQUIN	1	2025-11-12 14:50:28.155871	2025-12-01 19:31:22.363598	\N	\N	2025-06-26	\N	\N
245	LAURARO 490 DEPTO 22	CAMPOS BERNALES ANETTE	1	2025-11-12 14:50:28.277394	2025-12-01 19:31:22.391527	\N	\N	2025-08-12	\N	\N
247	AV. SAN JUAN BOSCO 1863	SEPULVEDA PAREDES MILENA	1	2025-11-12 14:50:28.306851	2025-12-01 19:31:22.398814	\N	\N	2025-09-21	\N	\N
248	BARROS ARANA 1701 DEPTO 801	MARTICORENA GARRI ALICIA	1	2025-11-12 14:50:28.330092	2025-12-01 19:31:22.40197	\N	\N	2025-09-11	\N	\N
249	MAC IVER 1740 DEPTO 501	RODRIGUEZ ALONSO RODOLFO	1	2025-11-12 14:50:28.345038	2025-12-01 19:31:22.40782	\N	\N	2025-09-11	\N	\N
250	BARROS ARANA 1701 DEPTO 204	RODRIGUEZ VIDAL MAGALI	1	2025-11-12 14:50:28.360336	2025-12-01 19:31:22.41244	\N	\N	2025-09-11	\N	\N
251	BARROS ARANA 1701 DEPTO 603	AZHANACIU JARA HAYDEE	1	2025-11-12 14:50:28.375116	2025-12-01 19:31:22.417353	\N	\N	2025-09-11	\N	\N
252	BARROS ARANA 1701 DEPTO 403	QUIROZ BUSTOS MARCELA	1	2025-11-12 14:50:28.399873	2025-12-01 19:31:22.420808	\N	\N	2025-09-11	\N	\N
253	BARROS ARANA 1701 DEPTO 504	FRANCO MORAGA YANINA	1	2025-11-12 14:50:28.414476	2025-12-01 19:31:22.424113	\N	\N	2025-09-11	\N	\N
254	BARROS ARANA 1701 DEPTO 401	MORI MORI ANA	1	2025-11-12 14:50:28.428152	2025-12-01 19:31:22.429957	\N	\N	2025-09-11	\N	\N
259	BARROS ARANA 1701 DEPTO 701	CORNEJO ORTIZ CONSTANZA	1	2025-11-12 14:50:28.520263	2025-12-01 19:31:22.450355	\N	\N	2025-09-26	\N	\N
260	BARROS ARANA 1701 DEPTO 404	CERDA SAN MARTIN RODRIGO	1	2025-11-12 14:50:28.533637	2025-12-01 19:31:22.454377	\N	\N	2025-10-06	\N	\N
262	BARROS ARANA 1701 DEPTO 203	AGUILERA ARRIAGADA JUAN	1	2025-11-12 14:50:28.566746	2025-12-01 19:31:22.462986	\N	\N	2025-10-13	\N	\N
40	BARROS ARANA 1532 DEPTO 4A	DELGADO RAMOS ANTONIA	1	2025-11-12 14:50:24.29783	2025-12-01 19:31:21.566149	\N	\N	2022-06-04	\N	\N
257	FREIRE 1780 DEPTO 1212	ZAMORA SAEZ JOAQUIN	1	2025-11-12 14:50:28.490881	2025-12-01 19:31:35.307963	\N	\N	2025-09-23	12	2025
190	BARROS ARANA 1701 DEPTO 604	VASQUEZ SANCHEZ SONIA	1	2025-11-12 14:50:27.228684	2025-12-01 19:31:35.104592	\N	\N	2022-07-09	7	2025
51	GALVARINO 347 DEPTO 1007	INOSTROZA CASTILLO JAVIER	1	2025-11-12 14:50:24.481484	2025-12-01 19:31:21.609323	\N	\N	2022-06-04	\N	\N
57	BARROS ARANA 1672 DEPTO 1408	ROMERO BORQUEZ CRISTOPHER	1	2025-11-12 14:50:24.614748	2025-12-01 19:31:21.641158	\N	\N	2022-06-04	\N	\N
79	MAIPU 1684 DEPTO 11	ARANCIBIA BELTRAN JORGE	1	2025-11-12 14:50:24.981583	2025-12-01 19:31:21.732024	\N	\N	2022-06-04	\N	\N
83	BARROS ARANA 1584 DEPTO 302	VASQUEZ VENEGAS MANUELA	1	2025-11-12 14:50:25.049719	2025-12-01 19:31:21.747609	\N	\N	2022-06-04	\N	\N
108	DANIEL URREJOLA 35 DEPTO 402	MARIN PARRA NICOLAS	1	2025-11-12 14:50:25.523511	2025-12-01 19:31:21.854773	\N	\N	2022-06-04	\N	\N
130	FREIRE 1760 DEPTO 1	VILLAGRAN VALENZUELA ANA	1	2025-11-12 14:50:26.011398	2025-12-01 19:31:21.944688	\N	\N	2022-06-04	\N	\N
148	O'HIGGINS 1444 DEPTO 1002	GOMEZ COUCHOT CECILIA	1	2025-11-12 14:50:26.389469	2025-12-01 19:31:22.014603	\N	\N	2022-06-04	\N	\N
208	JANEQUEO 564 DEPTO 506	SAAVEDRA CONCHA RICARDO	1	2025-11-12 14:50:27.610158	2025-12-01 19:31:22.253617	\N	\N	2022-08-22	\N	\N
229	MAIPU 1540 DEPTO 712	BURGOS MUÑOZ MARIA LUISAS	1	2025-11-12 14:50:27.988079	2025-12-01 19:31:22.332875	\N	\N	2025-05-23	\N	\N
258	BARROS ARANA 1701 DEPTO 205	FERRARI HERNANDEZ ISABELLA	1	2025-11-12 14:50:28.506153	2025-12-01 19:31:22.446666	\N	\N	2025-09-23	\N	\N
261	BARROS ARANA 1701 DEPTO 402	BUSTOS HENRIQUEZ MONICA	1	2025-11-12 14:50:28.550765	2025-12-01 19:31:22.458326	\N	\N	2025-10-10	\N	\N
264	BARROS ARANA 1701 DEPTO 301	GOMEZ CIFUENTES JULIAN	1	2025-11-12 14:50:28.596537	2025-12-01 19:31:22.469459	\N	\N	2025-10-19	\N	\N
8	BARROS ARANA 1532 CASA B	VARELA HORMAZABAL HILDA	1	2025-11-12 14:50:23.688156	2025-12-01 19:31:34.188922	\N	\N	2022-06-04	5	2023
80	JUAN BOSCO 1856 A DEPTO 101	SALAZAR GARRETON CAMILO	1	2025-11-12 14:50:24.994711	2025-12-01 19:31:34.628938	\N	\N	2022-06-04	12	2025
113	O'HIGGINS 1672 DEPTO 703	ACEVEDO TORRES NICOLAS	1	2025-11-12 14:50:25.608441	2025-12-01 19:31:34.795539	\N	\N	2022-06-04	5	2023
152	O'HIGGINS 1695 DEPTO 201	VENEGAS JOFRE CLAUDIA	1	2025-11-12 14:50:26.466795	2025-12-01 19:31:34.966713	\N	\N	2022-06-04	5	2024
241	PELANTARO 640	MORENO NAIL GERARDO ANDRES	1	2025-11-12 14:50:28.213585	2025-12-01 19:31:35.250141	\N	\N	2025-07-16	7	2025
244	AV.ROOSEVELT 1760 DEPTO 303	FERNANDEZ ZAVALA LAURA	1	2025-11-12 14:50:28.263334	2025-12-01 19:31:35.261986	\N	\N	2025-08-10	12	2025
246	BARROS ARANA 1532 DEPTO 1A	LOYOLA ARIAS VERONA	1	2025-11-12 14:50:28.293003	2025-12-01 19:31:35.272881	\N	\N	2025-08-18	12	2025
\.


--
-- TOC entry 3460 (class 0 OID 141538)
-- Dependencies: 216
-- Data for Name: apartments; Type: TABLE DATA; Schema: public; Owner: csantana
--

COPY public.apartments (id, number, description, start_date, user_id, created_at, updated_at, address_id, ap_paterno, ap_materno, nombre, edad, estado_civil, profesion, domicilio, rut, dv, telefono, estado, ult_mes_pagado, ult_ano_pagado) FROM stdin;
7	7	ORELLANA LOPEZ CLAUDIO	2022-06-04	1	2025-07-06 16:34:39.15089	2025-11-26 10:05:53.6434	6	ORELLANA	LOPEZ	CLAUDIO	84	CASADO	PENSIONADO	GALVARINO 321	4083801	5		A	\N	\N
8	8	ORELLANA FERNANDEZ GERARDO	2022-06-04	1	2025-07-06 16:34:39.157347	2025-11-26 10:05:53.645031	7	ORELLANA	FERNANDEZ	GERARDO	55	SOLTERO	MEDICO	GALVARINO 365 DEPTO 602	10413596	6		A	\N	\N
10	10	VARELA HORMAZABAL REINALDO	2022-06-04	1	2025-07-06 16:34:39.17105	2025-11-26 10:05:53.647934	8	VARELA	HORMAZABAL	REINALDO	71	SOLTERO	PROFESOR	BARROS ARANA 1532 CASA B	6298755	3	999422176	A	5	2023
30	30	CORREA CASTILLO BLANCA	2022-06-04	1	2025-07-06 16:34:39.320913	2025-11-26 10:05:53.679082	24	CORREA	CASTILLO	BLANCA	64	CASADA	JUBILADA	FREIRE 1656 CASA D	6809957	9	981216585	A	\N	\N
32	32	LARRAIN FIGUEROA CARMEN L.	2022-06-04	1	2025-07-06 16:34:39.336262	2025-11-26 10:05:53.682069	26	LARRAIN	FIGUEROA	CARMEN L.	58	DIVORCIADA	ING,COMERCIAL	AINAVILLO 465 DEPTO 204	9242212	7	962377392	A	\N	\N
50	50	RIQUELME CRUCES NELSON	2022-06-04	1	2025-07-06 16:34:39.463455	2025-11-26 10:05:53.712022	39	RIQUELME	CRUCES	NELSON	69	CASADO	INGENIERO	JUAN BOSCO 1816 DEPTO 11	6687758	2	939573709	A	\N	\N
74	74		\N	1	2025-07-06 16:34:39.635744	2025-11-26 10:05:53.751612	\N	\N	\N	\N	\N	\N	\N	\N	\N	\N	\N	\N	\N	\N
5	5	CORNEJO BARRA RICARDO	2022-06-04	1	2025-07-06 16:34:39.13911	2025-11-26 10:05:53.639186	4	CORNEJO	BARRA	RICARDO	60	CASADO	TRANPORTISTA	MAIPU 1458 CASA 1	9295202	9	979530260	A	\N	\N
116	116	FERNANDEZ AGUILERA MARIA CECILIA	2022-06-04	1	2025-07-06 16:34:39.928868	2025-11-26 10:05:53.820682	86	FERNANDEZ	AGUILERA	MARIA CECILIA	50	CASADA	ED.PARVULOS	GALVARINO 319-A	10728853	8	989896946	A	\N	\N
118	118	ARELLANO ESCOBAR JUAN LUIS	2022-06-04	1	2025-07-06 16:34:39.943903	2025-11-26 10:05:53.823786	88	ARELLANO	ESCOBAR	JUAN LUIS	28	SOLTERO	ESTUDIANTE	FREIRE 1414	18808308	0	956284385	A	\N	\N
119	119	MARTINEZ OYANEDEL VERONICA	2022-06-04	1	2025-07-06 16:34:39.951247	2025-11-26 10:05:53.825642	89	MARTINEZ	OYANEDEL	VERONICA	65	CASADA	T.FORESTAL	LAUTARO 597	7713616	9	982913807	A	\N	\N
135	135	GUERRERO PEREZ ROBERTO	2022-06-04	1	2025-07-06 16:34:40.061332	2025-11-26 10:05:53.85231	100	GUERRERO	PEREZ	ROBERTO	56	DIVORCIADO	ARQUITECTO	O´HIGGINS 1414 DEPTO 202	10756079	3	999190769	A	\N	\N
79	79	ROMERO BORQUEZ CRISTOPHER	2022-06-04	1	2025-07-06 16:34:39.670061	2025-11-26 10:05:53.760393	57	ROMERO	BORQUEZ	CRISTOPHER	30	SOLTERO	INGENIERO	BARROS ARANA 1672 DEPTO 1408	17617059	K	998764842	A	\N	\N
142	142	MOSSO HASBUN MARCO	2022-06-04	1	2025-07-06 16:34:40.109437	2025-11-26 10:05:53.864662	103	MOSSO	HASBUN	MARCO	72	CASADO	ABOGADO	BARROS ARANA 1760 DEPTO 301	5014400	8	998216648	A	\N	\N
157	157	VALLEJOS NEIRA MARTA	2022-06-04	1	2025-07-06 16:34:40.212567	2025-11-26 10:05:53.900229	115	VALLEJOS	NEIRA	MARTA	60	SOLTERA		MAIPU 1676 BLOCK D DEPTO 11	9114769	6	933038417	A	\N	\N
165	165	CAMPANO MUÑOZ CRISTINA	2022-06-04	1	2025-07-06 16:34:40.2691	2025-11-26 10:05:53.914123	118	CAMPANO	MUÑOZ	CRISTINA	59	SOLTERA		LAUTARO 645 B	10036489	1	987535224	A	\N	\N
175	175	ARAVENA CACERES RICARDO	2022-06-04	1	2025-07-06 16:34:40.339537	2025-11-26 10:05:53.929385	124	ARAVENA	CACERES	RICARDO	76	CASADO	EMPRESARIO	ROOSEVELT 1703 DEPTO 30	5293863	5	966174881	A	\N	\N
186	186	CASTILLO IGLESIAS LUCIA	2022-06-04	1	2025-07-06 16:34:40.432778	2025-11-26 10:05:53.947961	129	CASTILLO	IGLESIAS	LUCIA	39	CASADA	PROFESORA	GALVARINO 347 DEPTO 305	15339637	K	957935091	A	\N	\N
194	194	TOLEDO ARANDA FELIPE	2022-06-04	1	2025-07-06 16:34:40.504287	2025-11-26 10:05:53.961164	133	TOLEDO	ARANDA	FELIPE	22	SOLTERO	ESTUDIANTE	AINAVILLO 465 DEPTO 404	20156069	1	973855729	A	\N	\N
218	218	GOMEZ COUCHOT CECILIA	2022-06-04	1	2025-07-06 16:34:40.697734	2025-11-26 10:05:53.999351	148	GOMEZ	COUCHOT	CECILIA	57	CASADA	QUIMICO	O´HIGGINS 1444 DEPTO 1002	7115301	0	978067094	A	\N	\N
219	219	SUAZO HENRIQUEZ PATRICIA	2022-06-04	1	2025-07-06 16:34:40.706251	2025-11-26 10:05:54.000758	149	SUAZO	HENRIQUEZ	PATRICIA	60	VIUDA		DANIEL URREJOLA 35 DEPTO XXX	9523027	K	959152054	A	\N	\N
235	235	CUEVAS LANDAETA LUIS	2022-06-04	1	2025-07-06 16:34:40.833018	2025-11-26 10:05:54.024969	160	CUEVAS	LANDAETA	LUIS	45	CASADO	BIOLOGO M.	LUIS URRUTIA MANZANO 446 DEPTO 42	12974355	7	981360387	A	\N	\N
245	245	BAÑADOS PLACENCIA BARBARA	2022-06-04	1	2025-07-06 16:34:40.914576	2025-11-26 10:05:54.040571	166	BAÑADOS	PLACENCIA	BARBARA	42	CASADA	PROFESORA	O´HIGGINS 1544 DEPTO 502	13724889	1	992490730	A	\N	\N
250	250	VILLAGRAN FUENTEALBA JUAN	2022-06-25	1	2025-07-06 16:34:40.953702	2025-11-26 10:05:54.048252	32	VILLAGRAN	FUENTEALBA	JUAN	71	CASADO		MAIPU 1684 DEPTO 23	6525596	0	934534311	A	\N	\N
278	278	BAUER LISSNER PATRICIA	2022-07-09	1	2025-07-06 16:34:41.166584	2025-11-26 10:05:54.093839	186	BAUER	LISSNER	PATRICIA	71	VIUDA	PERIODISTA	BARROS ARANA 1701	6128165	7	983615229	A	\N	\N
283	283	OPAZO RIVEROS MARINA	2022-07-09	1	2025-07-06 16:34:41.202222	2025-11-26 10:05:54.101804	189	OPAZO	RIVEROS	MARINA	62	SOLTERA	MEDICO	BARROS ARANA 1701 DEPTO 303	7702289	9	992659958	A	\N	\N
305	305	GUERRERO REYES OSCAR	2022-07-23	1	2025-07-06 16:34:41.358504	2025-11-26 10:05:54.134851	202	GUERRERO	REYES	OSCAR	63	CASADO	CONTRATISTA	JANEQUEO 454 DEPTO 202	7227697	3	934226784	A	\N	\N
314	314	MONTECINOS MARTINEZ DIEGO	2022-08-22	1	2025-07-06 16:34:41.424265	2025-11-26 10:05:54.148415	84	MONTECINOS	MARTINEZ	DIEGO	28	SOLTERO	INGENIERO	FREIRE 1755 DEPTO 501	18685609	0	86456148	A	\N	\N
322	322	MORENO ROA CONSUELO	2022-12-16	1	2025-07-06 16:34:41.483878	2025-11-26 10:05:54.160396	66	MORENO	ROA	CONSUELO	33	SOLTERA	INGENIERO COMERCIAL	FREIRE 1487	17345648	4	977650578	A	\N	\N
338	338	ALTAMIRANO SALAMANCA RODRIGO	2025-04-01	1	2025-07-06 16:34:41.602624	2025-11-26 10:05:54.196402	226	ALTAMIRANO	SALAMANCA	RODRIGO	34	SOLTERO	PSICOLOGO	MAIPU 1676 BLOCK B DEPTO 32	17451443	7		A	\N	\N
339	339	JARA GUAJARDO SCARLETT	2025-04-16	1	2025-07-06 16:34:41.611324	2025-11-26 10:05:54.198454	143	JARA	GUAJARDO	SCARLETT	31	SOLTERA	AUDIOLOGA	FREIRE 1627	18452377	9		A	\N	\N
355	355	VASQUEZ VENEGAS MARIA JOSE	2025-06-26	1	2025-07-06 16:34:41.726303	2025-11-26 10:05:54.223809	235	VASQUEZ	VENEGAS	MARIA JOSE	30	SOLTERA	ABOGADA	O'HIGGINS 1655 DEPTO 201	19087894	5	992760383	A	\N	\N
372	369	MARTICORENA GARRI ALICIA	2025-09-11	1	2025-10-15 14:15:07.962343	2025-11-26 10:05:54.252625	248	MARTICORENA	GARRI	ALICIA	59	SOLTERA	BIOLOGA	BARROS ARANA 1701 DEPTO 801	7222893	6	991561644	A	\N	\N
2	2	BRICEÑO VALENCIA LESLEY	2022-06-04	1	2025-07-06 16:34:39.117873	2025-11-26 10:05:53.633577	2	BRICEÑO	VALENCIA	LESLEY	46	SOLTERA	DOCENTE	BARROS ARANA 1780 DEPTO 604	10384084	8	982964639	A	\N	\N
1	1	HENRIQUEZ CID NORA DEL C.	2022-06-04	1	2025-07-06 16:34:39.110396	2025-11-26 10:05:53.628586	1	HENRIQUEZ	CID	NORA DEL C.	71	VIUDA	JUBILADA	BARROS ARANA 1532 CASA G	5612424	1	994729721	A	\N	\N
3	3	FUENTES FUENTES SIGISFREDO	2022-06-04	1	2025-07-06 16:34:39.125168	2025-11-26 10:05:53.635288	3	FUENTES	FUENTES	SIGISFREDO	64	CASADO	CONDUCTOR	LAUTARO 630	7522871	6		A	\N	\N
4	4	HERMOSILLA HERMOSILLA SONIA	2022-06-04	1	2025-07-06 16:34:39.131817	2025-11-26 10:05:53.637065	3	HERMOSILLA	HERMOSILLA	SONIA	66	CASADA	D.DE C.	LAUTARO 630	6531946	9		A	\N	\N
94	94	VENEGAS PICEROS YENY	2022-06-04	1	2025-07-06 16:34:39.778221	2025-11-26 10:05:53.785958	68	VENEGAS	PICEROS	YENY	38	SOLTERA	ABOGADO	MAIPU 1676 BLOCK A DEPTO 12	15158910	3	957987538	A	\N	\N
407	1005	OTROS	2022-06-01	1	2025-11-27 10:59:25.977545	2025-11-27 10:59:25.977545	\N	\N	\N	\N	\N	\N	\N	\N	\N	\N	\N	\N	\N	\N
406	1004	TRASPASOS - CAJA	2022-06-01	1	2025-11-15 16:26:22.139838	2025-11-27 19:37:19.328145	\N	\N	\N	\N	\N	\N	\N	\N	\N	\N	\N	\N	\N	\N
9	9	VARELA HORMAZABAL HILDA	2022-06-04	1	2025-07-06 16:34:39.163861	2025-11-26 10:05:53.646533	8	VARELA	HORMAZABAL	HILDA	75	SEPARADA	TECNICO	BARROS ARANA 1532 CASA B	5727306	2	999422176	A	\N	\N
11	11	SANCHEZ SANCHEZ EDGARDO	2022-06-04	1	2025-07-06 16:34:39.183901	2025-11-26 10:05:53.649411	9	SANCHEZ	SANCHEZ	EDGARDO	63	SOLTERO	MUSICO	BARROS ARANA 1522 DEPTO 101	7873780	8		A	\N	\N
13	13	SENN MORAN EMILIO	2022-06-04	1	2025-07-06 16:34:39.198676	2025-11-26 10:05:53.652238	11	SENN	MORAN	EMILIO	22	SOLTERO	ESTUDIANTE	JUAN BOSCO 1828 DEPTO 21	20161731	6	962666149	A	\N	\N
14	14	MELLA RAVANAL BEATRIZ	2022-06-04	1	2025-07-06 16:34:39.205657	2025-11-26 10:05:53.653582	12	MELLA	RAVANAL	BEATRIZ	60	SOLTERA	ADMINISTRADOR	BARROS ARANA 1522 DEPTO 42	9208131	1	975406008	A	\N	\N
35	35	GARCIA PEÑA RAMIRO	2022-06-04	1	2025-07-06 16:34:39.357984	2025-11-26 10:05:53.686715	24	GARCIA	PEÑA	RAMIRO	75	CASADO	CIVIL	FREIRE 1656 CASA D	5938860	6	992803212	A	\N	\N
93	93	CARRASCO MIGUELES MARITZA	2022-06-04	1	2025-07-06 16:34:39.771437	2025-11-26 10:05:53.784333	67	CARRASCO	MIGUELES	MARITZA	57	CASADA	TRADUCTOR	PADRE KORDA 2278 DEPTO 401	9100312	0	981820793	A	\N	\N
98	98	ARAVENA CHAPARRO MARIELLE	2022-06-04	1	2025-07-06 16:34:39.806654	2025-11-26 10:05:53.792522	72	ARAVENA	CHAPARRO	MARIELLE	53	CASADA	CONTADOR A.	LIENTUR 652	10027775	1	998727210	A	\N	\N
112	112	VASQUEZ VENEGAS MANUELA	2022-06-04	1	2025-07-06 16:34:39.901959	2025-11-26 10:05:53.814831	83	VASQUEZ	VENEGAS	MANUELA	28	SOLTERA	PERIODISTA	BARROS ARANA 1584 DEPTO 302	18412500	5	997313050	A	\N	\N
122	122	POPP MOSCIATTI VITTORIO	2022-06-04	1	2025-07-06 16:34:39.970841	2025-11-26 10:05:53.830913	34	POPP	MOSCIATTI	VITTORIO	28	SOLTERO	ESTUDIANTE	BARROS ARANA 1532 CASA D	18807782	K	956790269	A	\N	\N
132	132	PEÑA GONZALEZ KARINA	2022-06-04	1	2025-07-06 16:34:40.039148	2025-11-26 10:05:53.847252	98	PEÑA	GONZALEZ	KARINA	35	SOLTERA	SOCIOLOGA	O´HIGGINS 1672 DEPTO 961	16155256	9	985028004	A	\N	\N
138	138	VENEGAS TRONCOSO EDITH	2022-06-04	1	2025-07-06 16:34:40.082205	2025-11-26 10:05:53.85726	102	VENEGAS	TRONCOSO	EDITH	70	SOLTERA	NUTRICIONISTA	LUIS URRUTIA MAZANO 438 A DEPTO 301	6809932	3	988032056	A	\N	\N
178	178	YAGI VALENZUELA IÑIGO	2022-06-04	1	2025-07-06 16:34:40.365245	2025-11-26 10:05:53.935198	45	YAGI	VALENZUELA	IÑIGO	19	SOLTERO	ESTUDIANTE	BARROS ARANA 1572 DEPTO 302	21175503	2	990676923	A	\N	\N
213	213	DEUSTER PEÑA HERMANN	2022-06-04	1	2025-07-06 16:34:40.659175	2025-11-26 10:05:53.990118	14	DEUSTER	PEÑA	HERMANN	28	SOLTERO		LAUTARO 431 DEPTO 304	18412848	9	962716178	A	\N	\N
273	273	CARTES ALDEA AURORA	2022-07-02	1	2025-07-06 16:34:41.130692	2025-11-26 10:05:54.085659	183	CARTES	ALDEA	AURORA	22	SOLTERA	ESTUDIANTE	PELANTARO 761 B DEPTO 402	20438159	3	977003248	A	\N	\N
274	274	PINTO SUAZO VICTOR	2022-07-04	1	2025-07-06 16:34:41.13852	2025-11-26 10:05:54.087564	81	PINTO	SUAZO	VICTOR	36	SOLTERO	SOCIOLOGO	DANIEL URREJOLA 35 DEPTO 301	16229826	7	965966913	A	12	2024
346	346	GARCIA BUSTOS FELIPE	2025-05-25	1	2025-07-06 16:34:41.661027	2025-11-26 10:05:54.209433	20	GARCIA	BUSTOS	FELIPE	42	SOLTERO	PREVENCIONISTA	MAIPU 1458 CASA 6	15177837	2	966475226	A	\N	\N
351	351	MIRANDA CISTERNA CONSTANZA	2025-06-13	1	2025-07-06 16:34:41.696338	2025-11-26 10:05:54.218268	233	MIRANDA	CISTERNA	CONSTANZA	37	SOLTERA	ENFERMERA	GALVARINO 660	16764687	5	996116639	A	\N	\N
362	359	CONTRERAS ESPINOZA CAROLINA	2025-06-26	1	2025-07-16 21:10:52.581945	2025-11-26 10:05:54.236755	239	CONTRERAS	ESPINOZA	CAROLINA	47	SOLTERA	ARTESANA	FREIRE 1627 DEPTO 802	13460735	1		A	\N	\N
16	16	CHAMBLAS NAVARRETE OCTAVIO	2022-06-04	1	2025-07-06 16:34:39.219777	2025-11-26 10:05:53.656346	14	CHAMBLAS	NAVARRETE	OCTAVIO	30	SOLTERO	PROFESOR	LAUTARO 431 DEPTO 304	17548509	0		A	\N	\N
20	20	CAVIERES PARADA GRISEL	2022-06-04	1	2025-07-06 16:34:39.250346	2025-11-26 10:05:53.663305	17	CAVIERES	PARADA	GRISEL	42	SOLTERA	BIOLOGO	O'HIGGINS 1634 DEPTO 402	13770437	4	999051571	A	\N	\N
21	21	AGUILERA OLIVARES DANIEL	2022-06-04	1	2025-07-06 16:34:39.257648	2025-11-26 10:05:53.664844	18	AGUILERA	OLIVARES	DANIEL	40	SOLTERO	BIOLOGO	JANEQUEO 564 DEPTO 601	15062996	9	994658495	A	\N	\N
191	191	OCAMPO DELGADO DAVID	2022-06-04	1	2025-07-06 16:34:40.4783	2025-11-26 10:05:53.95594	55	OCAMPO	DELGADO	DAVID	27	SOLTERO		FREIRE 1746	19087709	4	981521143	A	\N	\N
23	23	VARELA HORMAZABAL TOMAS	2022-06-04	1	2025-07-06 16:34:39.271832	2025-11-26 10:05:53.667676	19	VARELA	HORMAZABAL	TOMAS	73	CASADO	ASIST.SOCIAL	GALVARINO 365 DEPTO 601	6142452	0	995481725	A	\N	\N
25	25	GARCIA ARANEDA CARLOS	2022-06-04	1	2025-07-06 16:34:39.285119	2025-11-26 10:05:53.67041	20	GARCIA	ARANEDA	CARLOS	76	CASADO	PROFESOR	MAIPU 1458 CASA 6	5592630	1	987844703	A	9	2025
29	29	MEZA GALLARDO MACARENA	2022-06-04	1	2025-07-06 16:34:39.310744	2025-11-26 10:05:53.677557	23	MEZA	GALLARDO	MACARENA	28	SOLTERA	NUTRICIONISTA	BARROS ARANA 1584 DEPTO 101	18552064	1	983952686	A	\N	\N
31	31	LASAGNA LABBE SILVANA	2022-06-04	1	2025-07-06 16:34:39.328467	2025-11-26 10:05:53.680586	25	LASAGNA	LABBE	SILVANA	67	SOLTERA	QUIMICO A,	MAIPU 1676 BLOCK A DEPTO 21	7271792	9	987685877	A	1	2024
33	33	FUENTES VILLALOBOS FRANCISCO	2022-06-04	1	2025-07-06 16:34:39.343905	2025-11-26 10:05:53.683645	27	FUENTES	VILLALOBOS	FRANCISCO	33	CONVIVIENTE	INGENIERO	JUAN BOSCO 1863 DEPTO 1209	17154914	0	985172711	A	\N	\N
34	34	VERA VERA ALEJANDRO	2022-06-04	1	2025-07-06 16:34:39.350297	2025-11-26 10:05:53.685061	27	VERA	VERA	ALEJANDRO	37	CONVIVIENTE	ABOGADO	JUAN BOSCO 1863 DEPTO 1209	16040097	4	975782323	A	\N	\N
36	36	VERGARA BASTIAS LORENA	2022-06-04	1	2025-07-06 16:34:39.364767	2025-11-26 10:05:53.688222	28	VERGARA	BASTIAS	LORENA	52	CASADA	DENTISTA	ROOSEVELT 1703 DEPTO 70	10725735	7	979233121	A	\N	\N
359	1001	CUOTAS SOCIALES	2022-06-01	1	2025-07-06 16:34:41.754597	2025-11-27 10:57:06.730348	\N	\N	\N	\N	\N	\N	\N	\N	\N	\N	\N	\N	\N	\N
38	38	FRINDT GARRETON M. VALERIA	2022-06-04	1	2025-07-06 16:34:39.377508	2025-11-26 10:05:53.692278	30	FRINDT	GARRETON	M. VALERIA	51	SOLTERA	PROFESORA	AINAVILLO 465 DEPTO 203	11678107	7	998472351	A	\N	\N
40	40	OLAVARRIA BENNETT SONIA	2022-06-04	1	2025-07-06 16:34:39.392329	2025-11-26 10:05:53.696039	31	OLAVARRIA	BENNETT	SONIA	74	SOLTERA	MATRONA	AINAVILLO 620	5990088	K	997846248	A	6	2025
42	42	GUTIERREZ ZAMORANO LUIS	2022-06-04	1	2025-07-06 16:34:39.406423	2025-11-26 10:05:53.699157	33	GUTIERREZ	ZAMORANO	LUIS	58	CASADO	CONTADOR	BARROS ARANA 1584 DEPTO 102	9746684	K	991272412	A	\N	\N
43	43	POPP MELENDEZ ALEX	2022-06-04	1	2025-07-06 16:34:39.414129	2025-11-26 10:05:53.700658	34	POPP	MELENDEZ	ALEX	73	CASADO	JUBILADO	BARROS ARANA 1532 CASA D	5164177	9	998834888	A	1	2024
47	47	MORA TAPIA NATALIA	2022-06-04	1	2025-07-06 16:34:39.440749	2025-11-26 10:05:53.706714	37	MORA	TAPIA	NATALIA	51	CASADA	ASIST.SOCIAL	LA VIRGEN 12	10663914	0	989980065	A	\N	\N
49	49	VERA MAYORGA HERNAN	2022-06-04	1	2025-07-06 16:34:39.453976	2025-11-26 10:05:53.710485	38	VERA	MAYORGA	HERNAN	78	CASADO	INGENIERO	GALVARINO 365	4941976	0	998278473	A	\N	\N
51	51	DELGADO RAMOS ANTONIA	2022-06-04	1	2025-07-06 16:34:39.471911	2025-11-26 10:05:53.713421	40	DELGADO	RAMOS	ANTONIA	20	SOLTERA	ESTUDIANTE	BARROS ARANA 1532 DEPTO 4A	20987646	9	974223684	A	\N	\N
53	53	LEZCANO CASTRO VICTOR	2022-06-04	1	2025-07-06 16:34:39.487369	2025-11-26 10:05:53.716852	41	LEZCANO	CASTRO	VICTOR	76	CASADO	JUBILADO	VILUMILLA 654	4537272	3	977167293	A	\N	\N
55	55	AGUAYO CATALAN DANIEL	2022-06-04	1	2025-07-06 16:34:39.501926	2025-11-26 10:05:53.719786	43	AGUAYO	CATALAN	DANIEL	37	SOLTERO	IG,INFORM	JANEQUEO 454 DEPTO 402	16602956	9	994729288	A	\N	\N
56	56	YAGI VALENZUELA JAVIERA	2022-06-04	1	2025-07-06 16:34:39.50916	2025-11-26 10:05:53.721195	44	YAGI	VALENZUELA	JAVIERA	24	SOLTERA	GEOGRAFA	GALVARINO 347 DEPTO 1401	19757644	8	978291603	A	\N	\N
58	58	YAGI MUÑOZ NELSON	2022-06-04	1	2025-07-06 16:34:39.521678	2025-11-26 10:05:53.724629	45	YAGI	MUÑOZ	NELSON	56	CASADO	ING,CIVIL	BARROS ARANA 1572 DEPTO 302	10085725	1	986691133	A	\N	\N
60	60	FLORES VENEGAS RODRIGO	2022-06-04	1	2025-07-06 16:34:39.53742	2025-11-26 10:05:53.728589	47	FLORES	VENEGAS	RODRIGO	27	SOLTERO	ING,CIVIL	GALVARINO 427	18355832	1	931823682	A	\N	\N
97	97	URIBE MATURANA DANIELA	2022-06-04	1	2025-07-06 16:34:39.799332	2025-11-26 10:05:53.790648	71	URIBE	MATURANA	DANIELA	35	SOLTERA	ABOGADO	GALVARINO 470	16283958	6	991345462	A	\N	\N
99	99	PARES LAMAS SARA	2022-06-04	1	2025-07-06 16:34:39.813034	2025-11-26 10:05:53.794454	73	PARES	LAMAS	SARA	55	SOLTERA	D. DE C.	LAUTARO 635 A	8685455	4	977598411	A	5	2024
100	100	LAMAS ZENTENO ANA	2022-06-04	1	2025-07-06 16:34:39.820277	2025-11-26 10:05:53.796021	74	LAMAS	ZENTENO	ANA	73	VIUDA	ED.PARVULOS	LAUTARO 635	5454647	2	982482599	A	\N	\N
102	102	LAMAS ZENTENO MARIA ROSA	2022-06-04	1	2025-07-06 16:34:39.833152	2025-11-26 10:05:53.799014	76	LAMAS	ZENTENO	MARIA ROSA	78	CASADA	D. DE C.	LAUTARO 635 INT	5309452	K	979770148	A	\N	\N
104	104	BROCEWERS LEFORT PAULINA	2022-06-04	1	2025-07-06 16:34:39.84622	2025-11-26 10:05:53.802184	77	BROCEWERS	LEFORT	PAULINA	50	SOLTERA		GALVARINO 347	11897366	6	991517887	A	\N	\N
106	106	BECERRA FERNANDEZ JORGE	2022-06-04	1	2025-07-06 16:34:39.861296	2025-11-26 10:05:53.805296	78	BECERRA	FERNANDEZ	JORGE	40	CASADO	AD.EMPRESA	JANEQUEO 285 DEPTO 703	12114924	9	994162200	A	\N	\N
108	108	SALAZAR GARRETON CAMILO	2022-06-04	1	2025-07-06 16:34:39.874903	2025-11-26 10:05:53.808681	80	SALAZAR	GARRETON	CAMILO	38	SOLTERO	VETERINARIO	JUAN BOSCO 1856 A DEPTO 101	15592693	7	987203028	A	12	2025
27	27	SEPULVEDA CABRERA CARLOS	2022-06-04	1	2025-07-06 16:34:39.298626	2025-11-26 10:05:53.67376	21	SEPULVEDA	CABRERA	CARLOS	37	SOLTERO	ABOGADO	BARROS ARANA 1532 CASA F	16065368	K	998957013	A	\N	\N
45	45	ITURRIA CAMPANO VERONICA	2022-06-04	1	2025-07-06 16:34:39.427469	2025-11-26 10:05:53.70386	36	ITURRIA	CAMPANO	VERONICA	43	SOLTERA	TEC.ANALISTA	LAUTARO 645 C	13622557	K	957315042	A	\N	\N
64	64	INOSTROZA CASTILLO JAVIER	2022-06-04	1	2025-07-06 16:34:39.567334	2025-11-26 10:05:53.734409	51	INOSTROZA	CASTILLO	JAVIER	29	SOLTERO	ABOGADO	GALVARINO 347 DEPTO 1007	18168838	6	962096741	A	\N	\N
110	110	SANTIBANEZ BADLLA ELIZABETH	2022-06-04	1	2025-07-06 16:34:39.889147	2025-11-26 10:05:53.811924	82	SANTIBANEZ	BADLLA	ELIZABETH	75	CASADA	JUBILADA	AINAVILLO 587	6294830	2	995715437	A	\N	\N
69	69	VARGAS VILLAGRA HEGLA	2022-06-04	1	2025-07-06 16:34:39.601346	2025-12-02 15:40:08.319455	54	VARGAS	VILLAGRA	HEGIA	47	CASADA	ASIS SOCIAL	FREIRE 1460 CASA 2	12918128	1	957491076	A	\N	\N
66	66	INOSTROZA ANABALON VALENTINA	2022-06-04	1	2025-07-06 16:34:39.580598	2025-11-26 10:05:53.737472	52	INOSTROZA	ANABALON	VALENTINA	36	SOLTERA	FORJA	JANEQUEO 670	16140383	0	951005477	A	\N	\N
67	67	ANABALON QUIROZ VIVIANA	2022-06-04	1	2025-07-06 16:34:39.587093	2025-11-26 10:05:53.738983	52	ANABALON	QUIROZ	VIVIANA	68	SOLTERA	ABAGADO	JANEQUEO 670	6959719	K	994991128	A	12	2024
71	71	OCAMPO DELGADO NATACHA	2022-06-04	1	2025-07-06 16:34:39.614955	2025-11-26 10:05:53.746929	55	OCAMPO	DELGADO	NATACHA	30	SOLTERA	TRADUCTOR	FREIRE 1746	17617623	7	982861486	A	12	2025
72	72		\N	1	2025-07-06 16:34:39.622202	2025-11-26 10:05:53.748534	\N	\N	\N	\N	\N	\N	\N	\N	\N	\N	\N	\N	\N	\N
75	75		\N	1	2025-07-06 16:34:39.64297	2025-11-26 10:05:53.753115	\N	\N	\N	\N	\N	\N	\N	\N	\N	\N	\N	\N	\N	\N
77	77	AREVALO DAVILA ROSA	2022-06-04	1	2025-07-06 16:34:39.655729	2025-11-26 10:05:53.756334	56	AREVALO	DAVILA	ROSA	67	CASADA	MEDICO	ROOSEVELT 1697 DEPTO 1	6135276	7	984293573	A	\N	\N
80	80	LABARCA LAGOS MONICA	2022-06-04	1	2025-07-06 16:34:39.677994	2025-11-26 10:05:53.761927	58	LABARCA	LAGOS	MONICA	52	SOLTERA	D DE C	MAIPU 1576	10544090	1	988898688	A	12	2025
82	82	ITURRIA CAMPANO SERGIO	2022-06-04	1	2025-07-06 16:34:39.691505	2025-11-26 10:05:53.764889	35	ITURRIA	CAMPANO	SERGIO	38	SOLTERO	INGENIERO	LAUTARO 645 A	15614754	0	956184994	A	\N	\N
84	84	SAN JUAN RAMOS VICTOR	2022-06-04	1	2025-07-06 16:34:39.706137	2025-11-26 10:05:53.767885	61	SAN JUAN	RAMOS	VICTOR	76	CASADO	ING,CIVIL	BARROS ARANA 1751 INT	4275285	1	990848460	A	\N	\N
95	95	YEVENES ELGUETA ROSA	2022-06-04	1	2025-07-06 16:34:39.784213	2025-11-26 10:05:53.787488	69	YEVENES	ELGUETA	ROSA	88	CASADA	D. DE C.	ROOSEVELT 1703 DEPTO 50	4714404	3		A	\N	\N
129	129	VILLARROEL HENRIQUEZ PAULINA	2022-06-04	1	2025-07-06 16:34:40.018834	2025-11-26 10:05:53.841981	1	VILLARROEL	HENRIQUEZ	PAULINA	45	SOLTERA	ED.PARVULOS	BARROS ARANA 1532 CASA G	13305988	1	956794323	A	\N	\N
126	126	COLOMA ARANEDA JUAN	2022-06-04	1	2025-07-06 16:34:39.998533	2025-11-26 10:05:53.83715	94	COLOMA	ARANEDA	JUAN	37	SOLTERO	INGENIERO	AINAVILLO 625	16009708	6	961958492	A	\N	\N
127	127	VALDES DIAZ STEFFAN	2022-06-04	1	2025-07-06 16:34:40.005698	2025-11-26 10:05:53.838848	95	VALDES	DIAZ	STEFFAN	29	SOLTERO	BIOLOGO	LAUTARO 431	18226744	9	978903408	A	\N	\N
124	124	SANHUEZA REYES MARGARITA	2022-06-04	1	2025-07-06 16:34:39.985129	2025-11-26 10:05:53.833707	93	SANHUEZA	REYES	MARGARITA	79	CASADA	JUBILADA	LUIS URRUTIA MANZANO 446	5380068	8	984132016	A	\N	\N
131	131	ESPINOZA REYES ANITA	2022-06-04	1	2025-07-06 16:34:40.032607	2025-11-26 10:05:53.845825	97	ESPINOZA	REYES	ANITA	60	SOLTERA	SEC.ADM	ROOSEVELT 1777 DEPTO 3	8760038	6	989678809	A	\N	\N
133	133	LANDEA BOLIVAR PAULA	2022-06-04	1	2025-07-06 16:34:40.047624	2025-11-26 10:05:53.848816	99	LANDEA	BOLIVAR	PAULA	35	CASADA	PROFESOR	BARROS ARANA 1672 DEPTO 1403	16657662	K	972456948	A	\N	\N
137	137	ESPINOZA MORALES NORMA	2022-06-04	1	2025-07-06 16:34:40.075585	2025-11-26 10:05:53.855615	101	ESPINOZA	MORALES	NORMA	79	CASADA	DENTISTA	FREIRE 1611 DEPTO 202	4988015	4		A	\N	\N
140	140	GATICA CEA JAVIERA	2022-06-04	1	2025-07-06 16:34:40.094897	2025-11-26 10:05:53.861363	77	GATICA	CEA	JAVIERA	29	CONVIVIENTE	TRADUCTOR	GALVARINO 347	18145578	1	977573675	A	\N	\N
144	144	HENRIQUEZ ESPINOZA MIGUEL	2022-06-04	1	2025-07-06 16:34:40.123289	2025-11-26 10:05:53.867488	104	HENRIQUEZ	ESPINOZA	MIGUEL	34	SOLTERA	INGENIERO	LAUTARO 410 DEPTO 58	16960008	2	998753968	A	\N	\N
146	146	VILLEGAS ROJAS MARIA	2022-06-04	1	2025-07-06 16:34:40.137298	2025-11-26 10:05:53.87071	106	VILLEGAS	ROJAS	MARIA	35	SOLTERA	T.OCUPACIONAL	BARROS ARANA 1701 DEPTO 802	16353414	2	991583323	A	\N	\N
148	148	MARIN PARRA NICOLAS	2022-06-04	1	2025-07-06 16:34:40.150173	2025-11-26 10:05:53.873581	108	MARIN	PARRA	NICOLAS	26	SOLTERO	INGENIERO	DANIEL URREJOLA 35 DEPTO 402	19001328	6	957392978	A	\N	\N
149	149	PARRA CHICAGO JORGE	2022-06-04	1	2025-07-06 16:34:40.156618	2025-11-26 10:05:53.875438	109	PARRA	CHICAGO	JORGE	64	CASADO	PROFESOR	GALVARINO 427 DEPTO 303	6883128	8	412980280	A	\N	\N
151	151	CONTRERAS OJEDA EDUARDO	2022-06-04	1	2025-07-06 16:34:40.171237	2025-11-26 10:05:53.879434	111	CONTRERAS	OJEDA	EDUARDO	32	SOLTERO		LAUTARO 410 DEPTO 32	17393670	2	986278359	A	\N	\N
153	153	PARRA PAZ JULIO	2022-06-04	1	2025-07-06 16:34:40.186101	2025-11-26 10:05:53.882555	112	PARRA	PAZ	JULIO	40	SOLTERO	PROFESOR	AINAVILLO 625 DEPTO 3	15221181	3	995637651	A	\N	\N
155	155	MELLA ROSAMEL BEATY	2022-06-04	1	2025-07-06 16:34:40.199269	2025-11-26 10:05:53.8974	12	MELLA	ROSAMEL	BEATY	60	SOLTERA	ADM	BARROS ARANA 1522 DEPTO 42	9608131	1	975406008	A	\N	\N
158	158	ROBERTSON HERRERA MA. JULIA	2022-06-04	1	2025-07-06 16:34:40.21891	2025-11-26 10:05:53.901695	116	ROBERTSON	HERRERA	MA. JULIA	85	VIUDA		AINAVILLO 558 DEPTO 201	3627849	8	998797046	A	10	2025
160	160	TAPIA RIVERA MONICA	2022-06-04	1	2025-07-06 16:34:40.233555	2025-11-26 10:05:53.90474	117	TAPIA	RIVERA	MONICA	85	SOLTERA		MAIPU 1684 DEPTO 32	4328840	7	989403002	A	\N	\N
162	162	CARRILLO CORREA MARGARITA	2022-06-04	1	2025-07-06 16:34:40.248687	2025-11-26 10:05:53.907834	33	CARRILLO	CORREA	MARGARITA	61	CASADA		BARROS ARANA 1584 DEPTO 102	9555995	6	993256069	A	\N	\N
164	164	CAMPANO MUÑOZ MARITZA	2022-06-04	1	2025-07-06 16:34:40.261777	2025-11-26 10:05:53.911777	35	CAMPANO	MUÑOZ	MARITZA	64	CASADA		LAUTARO 645 A	8609914	4	921905134	A	\N	\N
167	167	RODRIGUEZ MORA JUAN	2022-06-04	1	2025-07-06 16:34:40.281694	2025-11-26 10:05:53.917054	37	RODRIGUEZ	MORA	JUAN	18	SOLTERO	ESTUDIANTE	LA VIRGEN 12	21573918	K	950065903	A	\N	\N
111	111	HORMAZABAL ROZAS OMAR	2022-06-04	1	2025-07-06 16:34:39.895333	2025-11-26 10:05:53.813424	82	HORMAZABAL	ROZAS	OMAR	76	CASADO	JUBILADO	AINAVILLO 587	5264009	1	982058992	A	\N	\N
171	171	NAVARRETE VEGA CARMEN	2022-06-04	1	2025-07-06 16:34:40.312426	2025-11-26 10:05:53.922555	122	NAVARRETE	VEGA	CARMEN	65	SOLTERA		FREIRE 1755 DEPTO 203	7187138	K	991832794	A	\N	\N
176	176	VEGA ALISTE ALFONSO	2022-06-04	1	2025-07-06 16:34:40.346373	2025-11-26 10:05:53.931729	125	VEGA	ALISTE	ALFONSO	30	SOLTERO	GEOGRAFO	GALVARINO 374 DEPTO 1401	17560987	3	982042620	A	\N	\N
180	180	LAGOS CONTRERAS PAULA	2022-06-04	1	2025-07-06 16:34:40.381829	2025-11-26 10:05:53.938193	126	LAGOS	CONTRERAS	PAULA	35	SOLTERA	AD.PUBLICO	GALVARINO 427 DEPTO 403	16757006	2	944043888	A	\N	\N
182	182	GUAJARDO YAÑEZ MONICA	2022-06-04	1	2025-07-06 16:34:40.398401	2025-11-26 10:05:53.940988	127	GUAJARDO	YAÑEZ	MONICA	75	VIUDA	ABOGADA	FREIRE 1718	4772275	6	950907494	A	6	2026
184	184	GARDA PINTO FELIPE	2022-06-04	1	2025-07-06 16:34:40.413482	2025-11-26 10:05:53.944616	128	GARDA	PINTO	FELIPE	32	SOLTERO	INGENIERO	ROOSEVELT 1703 DEPTO 31	17346108	3	944461823	A	\N	\N
185	185	GARDA PINTO NATALIA	2022-06-04	1	2025-07-06 16:34:40.423847	2025-11-26 10:05:53.946375	113	GARDA	PINTO	NATALIA	28	SOLTERA		O´HIGGINS 1672 DEPTO 703	18808313	7	962396189	A	\N	\N
189	189	SEPULVEDA VARGAS CAMILA	2022-06-04	1	2025-07-06 16:34:40.46134	2025-11-26 10:05:53.953154	131	SEPULVEDA	VARGAS	CAMILA	26	SOLTERA		FREIRE 1760 DEPTO 2	19091016	4	975679920	A	\N	\N
196	196	ORTEGA ORREGO PABLO	2022-06-04	1	2025-07-06 16:34:40.523687	2025-11-26 10:05:53.964316	58	ORTEGA	ORREGO	PABLO	68	DIVORCIADO		MAIPU 1576	7140378	5	991285382	A	\N	\N
113	113	MONTECINOS LOYOLA PABLO	2022-06-04	1	2025-07-06 16:34:39.908293	2025-11-26 10:05:53.8163	84	MONTECINOS	LOYOLA	PABLO	53	SOLTERO	ARQUITECTO	FREIRE 1755 DEPTO 501	10675878	6	976991976	A	\N	\N
198	198	MARTINEZ HERNAMDEZ DIANA	2022-06-04	1	2025-07-06 16:34:40.541315	2025-11-26 10:05:53.967115	136	MARTINEZ	HERNAMDEZ	DIANA	82	CASADA	ODONTOLOGO	JUAN BOSCO 1896 DEPTO 41	4168641	3	998837315	A	\N	\N
200	200	PALMA BUSTOS ELISABETH	2022-06-04	1	2025-07-06 16:34:40.55714	2025-11-26 10:05:53.970563	137	PALMA	BUSTOS	ELISABETH	70	CASADA	MATRONA	FREIRE 1656 CASA G	6075229	K	978061788	A	\N	\N
201	201	AEDO FIERRO PEDRO	2022-06-04	1	2025-07-06 16:34:40.564441	2025-11-26 10:05:53.971995	60	AEDO	FIERRO	PEDRO	57	CASADO	PROFESOR	JUAN BOSCO 1806 DEPTO 12	9692323	6	997791972	A	5	2024
205	205	GRARIA LOPEZ ROCIO	2022-06-04	1	2025-07-06 16:34:40.59703	2025-11-26 10:05:53.978544	140	GRARIA	LOPEZ	ROCIO	38	CASADA	FONOAUDIO	FREIRE 1755 DEPTO 602	15591039	9	998013083	A	\N	\N
206	206	BAO MORA MARCELA	2022-06-04	1	2025-07-06 16:34:40.604623	2025-11-26 10:05:53.980238	141	BAO	MORA	MARCELA	24	SOLTERA		JANEQUEO 564 DEPTO 302	19796825	7	969003931	A	\N	\N
88	88		\N	1	2025-07-06 16:34:39.734308	2025-11-26 10:05:53.775912	\N	\N	\N	\N	\N	\N	\N	\N	\N	\N	\N	\N	\N	\N
169	169	MEZA ALCORTA ROSA	2022-06-04	1	2025-07-06 16:34:40.297859	2025-11-26 10:05:53.919712	120	MEZA	ALCORTA	ROSA	71	CASADA	JUBILADA	GALVARINO 365 DEPTO 801	5625928	7	998177450	A	\N	\N
115	115	LOPEZ DIAZ CLAUDIA	2022-06-04	1	2025-07-06 16:34:39.922464	2025-11-26 10:05:53.819075	85	LOPEZ	DIAZ	CLAUDIA	52	SOLTERA	DENTISTA	BARROS ARANA 1699	10021222	6	998759378	A	5	2024
120	120	ROJAS ENCINA OCTAVIO	2022-06-04	1	2025-07-06 16:34:39.957862	2025-11-26 10:05:53.827899	90	ROJAS	ENCINA	OCTAVIO	69	CASADO	PROFESOR	FREIRE 1497	6488318	6	961913854	A	\N	\N
192	192	OCAMPO DIAZ OSCAR	2022-06-04	1	2025-07-06 16:34:40.485941	2025-11-26 10:05:53.957351	55	OCAMPO	DIAZ	OSCAR	72	CASADO		FREIRE 1746	6410825	5	981959391	A	\N	\N
214	214	ACEVEDO TORRES IGNACIO	2022-06-04	1	2025-07-06 16:34:40.666271	2025-11-26 10:05:53.991575	144	ACEVEDO	TORRES	IGNACIO	26	SOLTERO		JANEQUEO 564 DEPTO 907	19089102	K	961695577	A	\N	\N
215	215	DIAZ PERALTA LUISA	2022-06-04	1	2025-07-06 16:34:40.674086	2025-11-26 10:05:53.99385	145	DIAZ	PERALTA	LUISA	72	VIUDA	D.DE C.	AINAVILLO 678	7296126	9	976093345	A	\N	\N
217	217	EULUFI CERDA HELIA	2022-06-04	1	2025-07-06 16:34:40.688107	2025-11-26 10:05:53.997917	147	EULUFI	CERDA	HELIA	70	VIUDA		BARROS ARANA 1795 DEPTO 10	6781128	3	962391028	A	\N	\N
222	222	BADILLA ARROYO FRANCISCO	2022-06-04	1	2025-07-06 16:34:40.730464	2025-11-26 10:05:54.005186	151	BADILLA	ARROYO	FRANCISCO	33	CASADO		BARROS ARANA 1672 DEPTO 1307	17061053	K	996378040	A	\N	\N
224	224	VENEGAS JOFRE CLAUDIA	2022-06-04	1	2025-07-06 16:34:40.745326	2025-11-26 10:05:54.007969	152	VENEGAS	JOFRE	CLAUDIA	59	VIUDA		O´HIGGINS 1695 DEPTO 201	8368595	6	933943829	A	5	2024
226	226	CRUZ ANSELMI RODRIGO	2022-06-04	1	2025-07-06 16:34:40.761885	2025-11-26 10:05:54.011862	153	CRUZ	ANSELMI	RODRIGO	63	CASADO		FREIRE 1839 A	7653415	2	998187068	A	5	2023
228	228	MONTECINO MUÑOZ CAROLINA	2022-06-04	1	2025-07-06 16:34:40.778294	2025-11-26 10:05:54.015195	155	MONTECINO	MUÑOZ	CAROLINA	40	CASADA		AINAVILLO 485 DEPTO 102	15161901	0	986961499	A	\N	\N
233	233	FUENTES HERMOSILLA RUTH	2022-06-04	1	2025-07-06 16:34:40.816212	2025-11-26 10:05:54.022153	158	FUENTES	HERMOSILLA	RUTH	29	SOLTERA		LAUTARO 630 INT	18273394	6	984802392	A	\N	\N
229	229	RAVANAL AMBROSI CORA	2022-06-04	1	2025-07-06 16:34:40.786677	2025-11-26 10:05:54.01655	156	RAVANAL	AMBROSI	CORA	53	SOLTERA		MAIPU 1458 DEPTO 4	10538809	8	990215787	A	\N	\N
236	236	SCHLEGEL TORO SARA	2022-06-04	1	2025-07-06 16:34:40.841914	2025-11-26 10:05:54.026702	161	SCHLEGEL	TORO	SARA	65	SOLTERA		AINAVILLO 671 DEPTO 12	7768021	7	961522381	A	\N	\N
266	266	LABBE FIGUEROA JOSE	2022-06-29	1	2025-07-06 16:34:41.080922	2025-11-26 10:05:54.073224	28	LABBE	FIGUEROA	JOSE	62	CASADO	INGENIERO	ROOSEVELT 1703 DEPTO 70	7645795	6	998649063	A	\N	\N
240	240	SALAZAR CARVALLO LORETO	2022-06-04	1	2025-07-06 16:34:40.873561	2025-11-26 10:05:54.033673	164	SALAZAR	CARVALLO	LORETO	29	SOLTERA		AINAVILLO 625 DEPTO 2	18146905	6	957438483	A	\N	\N
242	242	BARRIGA TRONCOSO CARLOS	2022-06-04	1	2025-07-06 16:34:40.889942	2025-11-26 10:05:54.036432	101	BARRIGA	TRONCOSO	CARLOS	78	CASADO		FREIRE 1611 DEPTO 202	5300827	5	979777583	A	\N	\N
243	243	VELASQUEZ MENDEZ CAMILA	2022-06-04	1	2025-07-06 16:34:40.897136	2025-11-26 10:05:54.037777	77	VELASQUEZ	MENDEZ	CAMILA	27	SOLTERA	PSICOLOGA	GALVARINO 347	18870565	0	965366088	A	\N	\N
248	248	RETAMAL RIVAS DANITZA	2022-06-25	1	2025-07-06 16:34:40.937532	2025-11-26 10:05:54.04534	168	RETAMAL	RIVAS	DANITZA	32	SOLTERA		MAIPU 1684	17396855	8	990979956	A	\N	\N
249	249	SCHOLTZ SANHUEZA ERWIN	2022-07-16	1	2025-07-06 16:34:40.94472	2025-11-26 10:05:54.046923	137	SCHOLTZ	SANHUEZA	ERWIN	73	CASADO	ING.COMERC.	FREIRE 1656 CASA G	5187214	6	98744456	A	\N	\N
251	251	VILLARROEL PINO PAULA	2022-06-25	1	2025-07-06 16:34:40.961599	2025-11-26 10:05:54.049709	169	VILLARROEL	PINO	PAULA	42	SOLTERA	PSICOLOGA	LAUTARO 685	12085631	6	977490957	A	12	2023
253	253	MUÑOZ GUZMAN CECILIA	2022-06-25	1	2025-07-06 16:34:40.978385	2025-11-26 10:05:54.052674	112	MUÑOZ	GUZMAN	CECILIA	68	VIUDA		AINAVILLO 625 DEPTO 3	7392590	8	967682643	A	\N	\N
255	255	JAEN HARISMENDY MARY	2022-06-25	1	2025-07-06 16:34:40.994089	2025-11-26 10:05:54.055834	172	JAEN	HARISMENDY	MARY	72	CASADO	TEC MEDICO	BARROS ARANA 1579 DEPTO 31	6313519	4	982178718	A	\N	\N
257	257	CORRAL LLULL LINA	2022-06-25	1	2025-07-06 16:34:41.008381	2025-11-26 10:05:54.058641	103	CORRAL	LLULL	LINA	71	CASADO		BARROS ARANA 1760 DEPTO 301	8484872	7	978799977	A	\N	\N
264	264	RAMOS MORA FABIOLA	2022-06-28	1	2025-07-06 16:34:41.065927	2025-11-26 10:05:54.070301	179	RAMOS	MORA	FABIOLA	61	SOLTERA	EMPRESARIA	AINAVILLO 426 DEPTO 505	8161288	9	982487055	A	\N	\N
234	234	ESPARZA PEZO PEDRO	2022-06-04	1	2025-07-06 16:34:40.825574	2025-11-26 10:05:54.023596	159	ESPARZA	PEZO	PEDRO	49	CASADO	TEC.ELECTRI	GALVARINO 319 A	12376724	1	974972056	A	\N	\N
270	270	RIFFO SAAVEDRA VERONICA	2022-07-02	1	2025-07-06 16:34:41.110024	2025-11-26 10:05:54.080331	182	RIFFO	SAAVEDRA	VERONICA	48	CASADA	D.DE C.	O´HIGGINS 1659	14507455	K	958582330	A	\N	\N
272	272	ALDEA SALDIAS JULIA	2022-07-02	1	2025-07-06 16:34:41.12264	2025-11-26 10:05:54.083888	183	ALDEA	SALDIAS	JULIA	43	DIVOR	ARQUITECTO	PELANTARO 761 B DEPTO 402	14392437	8	966294768	A	\N	\N
275	275	ARTEAGA ROMERO FRANCISCA	2022-07-05	1	2025-07-06 16:34:41.144953	2025-11-26 10:05:54.089039	184	ARTEAGA	ROMERO	FRANCISCA	36	SOLTERA	VETERINARIA	GALVARINO 468	16152190	6	966937917	A	\N	\N
277	277	MALDONADO ROA PEDRO	2022-07-09	1	2025-07-06 16:34:41.159822	2025-11-26 10:05:54.092218	185	MALDONADO	ROA	PEDRO	62	VIUDO	COMERCIANTE	BARROS ARANA 1665	7881827	1	959058709	A	\N	\N
279	279	ROA PEÑA  Y LILLO MARCIA	2022-07-09	1	2025-07-06 16:34:41.173042	2025-11-26 10:05:54.095983	66	ROA	PEÑA  Y LILLO	MARCIA	71	CASADA	D.DE C.	FREIRE 1487	6526495	8	977650571	A	\N	\N
284	284	VASQUEZ SANCHEZ SONIA	2022-07-09	1	2025-07-06 16:34:41.209124	2025-11-26 10:05:54.103213	190	VASQUEZ	SANCHEZ	SONIA	77	CASADA	TEC.ADM.	BARROS ARANA 1701 DEPTO 604	5554315	1	995459646	A	1	2026
286	286	LEPE ORTIZ TAZNA	2022-07-09	1	2025-07-06 16:34:41.223248	2025-11-26 10:05:54.106151	92	LEPE	ORTIZ	TAZNA	41	CASADA	MATRONA	AINAVILLO 636	13844507	0	975879135	A	\N	\N
290	290	CARRASCO AZOCAR EMILIA	2022-07-18	1	2025-07-06 16:34:41.251906	2025-11-26 10:05:54.112756	194	CARRASCO	AZOCAR	EMILIA	58	DIVORCIA	DENTISTA	MAIPU 1980 F	9695356	9	963649776	A	\N	\N
288	288	PEREZ HENRIQUEZ MIRIAM	2022-07-18	1	2025-07-06 16:34:41.237766	2025-11-26 10:05:54.108924	192	PEREZ	HENRIQUEZ	MIRIAM	68	SOLTERA	MEDICO	MAIPU 1980 A	6317100	K	979681043	A	\N	\N
294	294	CASTILLO COLE CARLOS	2022-07-18	1	2025-07-06 16:34:41.2799	2025-11-26 10:05:54.118625	198	CASTILLO	COLE	CARLOS	65	CASADO	ADMINISTRA	LIENTUR 664	7260989	2	994447089	A	\N	\N
212	212	SANCHEZ SALGADO NIRVANA	2022-06-04	1	2025-07-06 16:34:40.650877	2025-11-26 10:05:53.988463	143	SANCHEZ	SALGADO	NIRVANA	30	SOLTERA		FREIRE 1627	17967886	1	954894617	A	\N	\N
296	296	CASTILLO POBLETE DANIELA	2022-07-18	1	2025-07-06 16:34:41.294709	2025-11-26 10:05:54.121418	198	CASTILLO	POBLETE	DANIELA	27	SOLTERA	DENTISTA	LIENTUR 664	18809453	8	953689414	A	\N	\N
297	297	ARAYA LIZAMA BERNARDO	2022-07-18	1	2025-07-06 16:34:41.302335	2025-11-26 10:05:54.122841	197	ARAYA	LIZAMA	BERNARDO	81	CASADO	JUBILADO	LIENTUR 675	4760251	3	976486158	A	\N	\N
83	83	VILLALOBOS SALAZAR MARCELA	2022-06-04	1	2025-07-06 16:34:39.699097	2025-11-26 10:05:53.766261	60	VILLALOBOS	SALAZAR	MARCELA	60	CASADA	PROFESORA	JUAN BOSCO 1806 DEPTO 12	7870958	8	962076730	A	\N	\N
91	91	GARCIA PARRA RUTH	2022-06-04	1	2025-07-06 16:34:39.757363	2025-11-26 10:05:53.781258	65	GARCIA	PARRA	RUTH	69	SOLTERA	SECRETARIA	BARROS ARANA 1532 DEPTO 3B	5820665	2	979876099	A	\N	\N
208	208	ENRIQUEZ RUBIO GASTON	2022-06-04	1	2025-07-06 16:34:40.619468	2025-11-26 10:05:53.982955	69	ENRIQUEZ	RUBIO	GASTON	91	CASADO		ROOSEVELT 1703 DEPTO 50	2827840	3		A	\N	\N
210	210	CARRASCO JARA ERIK	2022-06-04	1	2025-07-06 16:34:40.635353	2025-11-26 10:05:53.985665	71	CARRASCO	JARA	ERIK	41	SOLTERO	ABOGADO	GALVARINO 470	14063215	5	988470577	A	\N	\N
292	292	MUTIS ENRIQUEZ ELIANA	2022-07-18	1	2025-07-06 16:34:41.266217	2025-11-26 10:05:54.115832	196	MUTIS	ENRIQUEZ	ELIANA	53	SOLTERA	SECRETARIA	LAUTARO 556 DEPTO 21	10441064	2	985311739	A	\N	\N
363	360	ROMERO FERNANDEZ PABLO	2025-07-16	1	2025-07-16 23:54:09.580694	2025-11-26 10:05:54.238228	240	ROMERO	FERNANDEZ	PABLO	34	SOLTERO	MUSICO	BARROS ARANA 1760 DEPTO 601	17615588	4	937756527	A	\N	\N
365	362	TORRES SOTO MARCELA	2025-07-16	1	2025-10-15 14:15:07.89819	2025-11-26 10:05:54.241044	242	TORRES	SOTO	MARCELA	52	CASADA	TENS	O'HIGGINS 1655 DEPTO 102	12320418	2	983577729	A	\N	\N
398	395	PINTO DELGADO RAUL	2025-11-17	1	2025-10-15 14:15:08.168253	2025-11-26 10:23:21.919919	172	\N	\N	\N	75	\N	\N	\N	\N	\N	\N	\N	\N	\N
22	22	FUENTES ESPINOZA ANA MARIA	2022-06-04	1	2025-07-06 16:34:39.265059	2025-11-26 10:05:53.666217	19	FUENTES	ESPINOZA	ANA MARIA	72	CASADA	OR.FAMILIAR	GALVARINO 365 DEPTO 601	6852749	K		A	\N	\N
24	24	BUSTOS MELIN NADIA	2022-06-04	1	2025-07-06 16:34:39.278168	2025-11-26 10:05:53.669044	20	BUSTOS	MELIN	NADIA	77	CASADA	ENFERMERA	MAIPU 1458 CASA 6	5186962	1	993315345	A	\N	\N
73	73		\N	1	2025-07-06 16:34:39.629277	2025-11-26 10:05:53.749957	\N	\N	\N	\N	\N	\N	\N	\N	\N	\N	\N	\N	\N	\N
87	87		\N	1	2025-07-06 16:34:39.72555	2025-11-26 10:05:53.772879	\N	\N	\N	\N	\N	\N	\N	\N	\N	\N	\N	\N	\N	\N
304	304	SANCHEZ BOBADILLA ROSA	2022-07-23	1	2025-07-06 16:34:41.351644	2025-11-26 10:05:54.133447	202	SANCHEZ	BOBADILLA	ROSA	65	CASADA	JUBILADA	JANEQUEO 454 DEPTO 202	6709191	4	934226784	A	\N	\N
306	306	DAVILA VALLEJOS RICARDO	2022-07-23	1	2025-07-06 16:34:41.36559	2025-11-26 10:05:54.136246	203	DAVILA	VALLEJOS	RICARDO	58	CASADO	PARAMEDICO	JANEQUEO 642	9538698	9	993698654	A	\N	\N
308	308	GUERRERO SANCHEZ LORENA	2022-07-23	1	2025-07-06 16:34:41.379107	2025-11-26 10:05:54.139224	202	GUERRERO	SANCHEZ	LORENA	37	SOLTERA	ING.COMERC.	JANEQUEO 454 DEPTO 202	16010254	3	995032089	A	\N	\N
350	350	CISTERNA CABRERA FRESIA	2025-06-13	1	2025-07-06 16:34:41.690194	2025-11-26 10:05:54.216911	233	CISTERNA	CABRERA	FRESIA	60	CASADA	ABOGADA	GALVARINO 660	10085349	3	972649484	A	11	2025
310	310	POLITO GONZALEZ BRUNO	2022-07-23	1	2025-07-06 16:34:41.394346	2025-11-26 10:05:54.142015	204	POLITO	GONZALEZ	BRUNO	45	CASADO	MASAJISTA	LAUTARO 581	13067752	5	989915332	A	\N	\N
312	312	VIVEROS FLORES MARIA VICTORIA	2022-08-18	1	2025-07-06 16:34:41.409383	2025-11-26 10:05:54.14529	206	VIVEROS	FLORES	MARIA VICTORIA	77	SOLTERA	PROFESORA	VILUMILLA 663	5096754	9	983892699	F	\N	\N
316	316	RIVERA VIDAL RAYEN	2022-09-07	1	2025-07-06 16:34:41.438374	2025-11-26 10:05:54.151637	209	RIVERA	VIDAL	RAYEN	35	SOLTERA	GEOLOGA	FREIRE 1530 CASA 3	16284620	5		A	\N	\N
317	317	CARDENAS HERNANDEZ CLAUDIO	2022-09-13	1	2025-07-06 16:34:41.446518	2025-11-26 10:05:54.153108	210	CARDENAS	HERNANDEZ	CLAUDIO	34	SOLTERO	PSICOLOGO	LAUTARO 410 DEPTO 21	19946417	5		A	\N	\N
323	323	ZARATE PEREZ PATRICIO	2023-03-21	1	2025-07-06 16:34:41.490425	2025-11-26 10:05:54.162244	133	ZARATE	PEREZ	PATRICIO	49	CASADO	PROFESOR	AINAVILLO 465 DEPTO 404	10674420	5	98303950	A	\N	\N
325	325	MORENO CASTILLO MARTA	2023-11-01	1	2025-07-06 16:34:41.506727	2025-11-26 10:05:54.174464	215	MORENO	CASTILLO	MARTA	72	SOLETERA	PROFESORA	O'HIGGINS 1530 B	5590517	7	948877698	A	\N	\N
327	327	ANGULO TRIBIÑO ROXANA	2024-03-19	1	2025-07-06 16:34:41.522756	2025-11-26 10:05:54.177759	217	ANGULO	TRIBIÑO	ROXANA	43	SOLTERA	PROFESORA	LAUTARO 563 DEPTO 504	13822888	6	982779621	A	\N	\N
329	329	GARCIA CASTILLO SEBASTIAN	2024-05-25	1	2025-07-06 16:34:41.537371	2025-11-26 10:05:54.181338	218	GARCIA	CASTILLO	SEBASTIAN	25	SOLTERO	ESTUDIANTE	PELANTARO 687	19816284	1	973553309	A	\N	\N
331	331	PAZ RODRIGUEZ MONICA	2024-06-15	1	2025-07-06 16:34:41.550947	2025-11-26 10:05:54.184317	220	PAZ	RODRIGUEZ	MONICA	65	SOLTERA	ADMINISTRATIVA	O'HIGGINS 1650	7498243	3	999291635	A	\N	\N
333	333	CASTILLO BARRA NELSON	2024-06-15	1	2025-07-06 16:34:41.568145	2025-11-26 10:05:54.187304	221	CASTILLO	BARRA	NELSON	75	CASADO	ABOGADO	ROOSELVELT 1703	5139680	4		A	\N	\N
335	335	AÑI LEIVA JANNETTE	2025-02-06	1	2025-07-06 16:34:41.582358	2025-11-26 10:05:54.190787	223	AÑI	LEIVA	JANNETTE	32	SOLTERA	COMERCIANTE	LAUTARO 323 DEPTO 301	26932390	1	989439154	A	\N	\N
337	337	GRANDON ROJAS GONZALO	2025-04-01	1	2025-07-06 16:34:41.59618	2025-11-26 10:05:54.193903	225	GRANDON	ROJAS	GONZALO	37	SOLTERO	INGENIERO	BARROS ARANA 1532 DEPTO 3A	16886144	3		A	12	2025
341	341	SEPULVEDA MONJE DELIA	2025-05-10	1	2025-07-06 16:34:41.62619	2025-11-26 10:05:54.20176	228	SEPULVEDA	MONJE	DELIA	42	SOLTERA	KINESIOLOGA	FREIRE 1901	15219162	6		A	\N	\N
345	345	ESCOBAR DIAZ GINDRA	2025-05-23	1	2025-07-06 16:34:41.654428	2025-11-26 10:05:54.207223	230	ESCOBAR	DIAZ	GINDRA	66	CASADA	DUEÑA DE CASA	AINAVILLO 485 DEPTO 201	8503419	7		A	\N	\N
347	347	LOPEZ MORALES MARGARITA	2025-05-26	1	2025-07-06 16:34:41.669142	2025-11-26 10:05:54.211458	231	LOPEZ	MORALES	MARGARITA	66	CASADA	PROFESORA	LIENTUR 631	7455775	9		A	\N	\N
349	349	ADÁN ARIAS FERNANDA	2025-06-12	1	2025-07-06 16:34:41.683061	2025-11-26 10:05:54.215429	143	ADÁN	ARIAS	FERNANDA	31	SOLTERA	PSICOLOGA	FREIRE 1627	18413863	8		A	\N	\N
299	299	ERIZ GOMEZ CAROLA	2022-07-18	1	2025-07-06 16:34:41.31558	2025-11-26 10:05:54.12558	199	ERIZ	GOMEZ	CAROLA	44	SOLTERA	ARQUITECTO	FREIRE 1627 DEPTO 1201	13135684	6	999174911	A	\N	\N
352	352	MIRANDA ENRIQUEZ PATRICIO	2025-06-13	1	2025-07-06 16:34:41.704639	2025-11-26 10:05:54.219637	233	MIRANDA	ENRIQUEZ	PATRICIO	76	CASADO	COMERCIANTE	GALVARINO 660	6252731	5	997450692	A	\N	\N
354	354	MALDONADO ROA PEDRO	2025-06-25	1	2025-07-06 16:34:41.719087	2025-11-26 10:05:54.222418	185	MALDONADO	ROA	PEDRO	65	CASADO	TEC. EN ADMINISTRACION	BARROS ARANA 1665	7881827	1		A	\N	\N
357	357	SANZANA NAVARRO JOAQUIN	2025-06-26	1	2025-07-06 16:34:41.74011	2025-11-26 10:05:54.22745	237	SANZANA	NAVARRO	JOAQUIN	88	VIUDO	JUBILADO	BARROS ARANA 1661 DEPTO 23	3990886	8		A	\N	\N
19	19	JARPA MATELUNA JOAQUIN	2022-06-04	1	2025-07-06 16:34:39.239635	2025-11-26 10:05:53.661907	16	JARPA	MATELUNA	JOAQUIN	41	SOLTERO	PSICOPEDAG	LAUTARO 431 DEPTO 204	13900532	6	995055047	A	\N	\N
399	396		2025-07-01	1	2025-10-15 14:15:08.175357	2025-11-26 10:05:54.293077	\N	\N	\N	\N	\N	\N	\N	\N	\N	\N	\N	\N	\N	\N
12	12	BORDEU URREJOLA GABRIELA	2022-06-04	1	2025-07-06 16:34:39.191765	2025-11-26 10:05:53.650826	10	BORDEU	URREJOLA	GABRIELA	60	SOLTERA	VENDEDORA	O'HIGGINS 1452	9345210	0	998475288	A	\N	\N
400	397		2025-07-01	1	2025-10-15 14:15:08.182865	2025-11-26 10:05:54.294585	\N	\N	\N	\N	\N	\N	\N	\N	\N	\N	\N	\N	\N	\N
401	398		2025-07-01	1	2025-10-15 14:15:08.190531	2025-11-26 10:05:54.296811	\N	\N	\N	\N	\N	\N	\N	\N	\N	\N	\N	\N	\N	\N
402	399		2025-07-01	1	2025-10-15 14:15:08.197067	2025-11-26 10:05:54.298621	\N	\N	\N	\N	\N	\N	\N	\N	\N	\N	\N	\N	\N	\N
403	400		2025-07-01	1	2025-10-15 14:15:08.203536	2025-11-26 10:05:54.300149	\N	\N	\N	\N	\N	\N	\N	\N	\N	\N	\N	\N	\N	\N
15	15	YEVENES CRISOSTOMO GONZALO	2022-06-04	1	2025-07-06 16:34:39.212689	2025-11-26 10:05:53.654836	13	YEVENES	CRISOSTOMO	GONZALO	44	CASADO	BIOQUIMICO	AINAVILLO 672	19133590	3	990218112	A	\N	\N
17	17	MANRIQUEZ FORNO M.VERONICA	2022-06-04	1	2025-07-06 16:34:39.227141	2025-11-26 10:05:53.6584	15	MANRIQUEZ	FORNO	M.VERONICA	75	CASADA	FARMACEUTICA	FREIRE 1707	5491869	0	994509978	A	\N	\N
6	6	SEGOVIA CORTES RICARDO	2022-06-04	1	2025-07-06 16:34:39.145084	2025-11-26 10:05:53.641274	5	SEGOVIA	CORTES	RICARDO	39	CASADO	BIOLOGO	BARROS ARANA 1522 DEPTO 102	15446655	K		A	\N	\N
302	302	MUÑOZ DIAZ LUCIANO	2022-07-19	1	2025-07-06 16:34:41.335312	2025-11-26 10:05:54.130558	200	MUÑOZ	DIAZ	LUCIANO	30	SOLTERO	DENTISTA	GALVARINO 427 DEPTO 406	18143276	4	984338289	A	\N	\N
360	1002	CERTIFICADOS DE RESIDENCIA 	2022-06-01	1	2025-07-06 16:34:41.761491	2025-11-27 10:57:33.196469	\N	\N	\N	\N	\N	\N	\N	\N	\N	\N	\N	\N	\N	\N
361	1003	OTROS INGRESOS Y FONDOS CONCURSABLES	2022-06-01	1	2025-07-06 16:34:41.768825	2025-11-27 10:57:58.149506	\N	\N	\N	\N	\N	\N	\N	\N	\N	\N	\N	\N	\N	\N
48	48	RODRIGUEZ CHAVEZ JUAN	2022-06-04	1	2025-07-06 16:34:39.447303	2025-11-26 10:05:53.708774	37	RODRIGUEZ	CHAVEZ	JUAN	47	CASADO	TEC.SOCIAL	LA VIRGEN 12	14436368	K	994699300	A	\N	\N
52	52	PEZO LAGOS MARIA	2022-06-04	1	2025-07-06 16:34:39.480016	2025-11-26 10:05:53.715521	41	PEZO	LAGOS	MARIA	76	CASADA	JUBILADA	VILUMILLA 654	4953591	0	977167293	A	\N	\N
44	44	ITURRIA RECABARREN HECTOR	2022-06-04	1	2025-07-06 16:34:39.421523	2025-11-26 10:05:53.702292	35	ITURRIA	RECABARREN	HECTOR	70	CASADO	CONTADOR	LAUTARO 645 A	5763279	8	981593281	A	\N	\N
61	61	MIRANDA CREMASCHI ELISA	2022-06-04	1	2025-07-06 16:34:39.545782	2025-11-26 10:05:53.730065	48	MIRANDA	CREMASCHI	ELISA	33	SOLTERA	MEDICO	FREIRE 1656 CASA F	16966010	7	953317259	A	\N	\N
63	63	HOTT CRISOSTO KARIN	2022-06-04	1	2025-07-06 16:34:39.560555	2025-11-26 10:05:53.733041	50	HOTT	CRISOSTO	KARIN	34	SOLTERA	LAB.DENTAL	LIENTUR 529	16663427	K	999968977	A	\N	\N
65	65	ESPINA ACEVEDO GENESIS	2022-06-04	1	2025-07-06 16:34:39.574351	2025-11-26 10:05:53.735989	51	ESPINA	ACEVEDO	GENESIS	26	SOLTERO	ESTUDIANTE	GALVARINO 347 DEPTO 1007	19276579	K	986276196	A	\N	\N
68	68	PEREZ SUAREZ JOSE	2022-06-04	1	2025-07-06 16:34:39.593426	2025-11-26 10:05:53.74066	53	PEREZ	SUAREZ	JOSE	28	SOLTERO	AD.PUBLICO	FREIRE 1480 DEPTO 302 B	18462405	2	998354856	A	\N	\N
46	46	IBAÑEZ ALDANA CARLOS	2022-06-04	1	2025-07-06 16:34:39.434749	2025-11-26 10:05:53.705185	36	IBAÑEZ	ALDANA	CARLOS	55	SOLTERO	CONDUCTOR	LAUTARO 645 C	10910383	7	993164800	A	\N	\N
76	76	DELGADO MUÑOZ OLIVIA	2022-06-04	1	2025-07-06 16:34:39.64946	2025-11-26 10:05:53.754604	55	DELGADO	MUÑOZ	OLIVIA	64	CASADA	DENTISTA	FREIRE 1746	6957676	1	994141010	A	\N	\N
78	78	VIDAL ORIAS MARIO	2022-06-04	1	2025-07-06 16:34:39.663354	2025-11-26 10:05:53.758345	56	VIDAL	ORIAS	MARIO	67	CASADO	INGENIERO	ROOSEVELT 1697 DEPTO 1	6048792	8	984293572	A	\N	\N
81	81	SANHUEZA HERRERA FELIPE	2022-06-04	1	2025-07-06 16:34:39.68543	2025-11-26 10:05:53.763364	59	SANHUEZA	HERRERA	FELIPE	36	CASADO	T. SOCIAL	LIENTUR 574	15854306	0	991729199	A	\N	\N
85	85	SAGREDO ARANEDA CESAR	2022-06-04	1	2025-07-06 16:34:39.712223	2025-11-26 10:05:53.769305	62	SAGREDO	ARANEDA	CESAR	47	SOLTERO	DISEÑADOR	BARROS ARANA 1780 DEPTO 901	12702265	8	993142635	A	\N	\N
86	86	CHANDIA VILLEGRA KAREN	2022-06-04	1	2025-07-06 16:34:39.718501	2025-11-26 10:05:53.771396	62	CHANDIA	VILLEGRA	KAREN	40	SOLTERA	KINESIOLOGO	BARROS ARANA 1780 DEPTO 901	14210935	2	977060129	A	\N	\N
90	90	LOPEZ CORREA PABLO	2022-06-04	1	2025-07-06 16:34:39.749415	2025-11-26 10:05:53.779734	64	LOPEZ	CORREA	PABLO	45	SOLTERO	INGENIERO	BARROS ARANA 1701 DEPTO 503	13291574	1	966586871	A	\N	\N
92	92	MORENO RIVEROS ANTONIO	2022-06-04	1	2025-07-06 16:34:39.764455	2025-11-26 10:05:53.782894	66	MORENO	RIVEROS	ANTONIO	73	CASADO	EMPRESARIO	FREIRE 1487	5792328	8	977650570	A	\N	\N
96	96	NAVARRO YUNGE PABLO	2022-06-04	1	2025-07-06 16:34:39.790863	2025-11-26 10:05:53.789059	70	NAVARRO	YUNGE	PABLO	31	CASADO	INDEPENDIE	O´HIGGINS 1414 DEPTO 301	17574304	9	971675269	A	\N	\N
101	101	NOVA RADIC MARIA	2022-06-04	1	2025-07-06 16:34:39.827171	2025-11-26 10:05:53.797591	75	NOVA	RADIC	MARIA	47	SOLTERA	PSICOLOGA	BARROS ARANA 1701 DEPTO 502	10883059	K	999185669	A	\N	\N
103	103	PARES PEREZ JOSE	2022-06-04	1	2025-07-06 16:34:39.839972	2025-11-26 10:05:53.800635	76	PARES	PEREZ	JOSE	83	CASADO	JUBILADO	LAUTARO 635 INT	4297209	6	999160759	A	5	2025
107	107	ARANCIBIA BELTRAN JORGE	2022-06-04	1	2025-07-06 16:34:39.868324	2025-11-26 10:05:53.806664	79	ARANCIBIA	BELTRAN	JORGE	69	CASADO	PROFESOR	MAIPU 1684 DEPTO 11	5516910	1	994507981	A	\N	\N
114	114	MARTINEZ PARRA VALERIA	2022-06-04	1	2025-07-06 16:34:39.914388	2025-11-26 10:05:53.817702	84	MARTINEZ	PARRA	VALERIA	51	SOLTERA	DISEÑADORA	FREIRE 1755 DEPTO 501	11898985	6	977921992	A	\N	\N
109	109	PINTO VIDAL CARLOS	2022-06-04	1	2025-07-06 16:34:39.881935	2025-11-26 10:05:53.81046	81	PINTO	VIDAL	CARLOS	67	CASADO	INGENIERO	DANIEL URREJOLA 35 DEPTO 301	7658626	8	940283859	A	\N	\N
370	367	SEPULVEDA PAREDES MILENA	2025-09-21	1	2025-10-15 14:15:07.94659	2025-11-26 10:05:54.249831	247	SEPULVEDA	PAREDES	MILENA	38	SOLTERA	TENS	AV. SAN JUAN BOSCO 1863	16604972	5	948142677	A	\N	\N
396	393	RIVERA CRISOSTOMO ANDREA	2025-11-11	1	2025-10-15 14:15:08.148299	2025-11-26 10:05:54.288772	269	RIVERA	CRISOSTOMO	ANDREA	52	SOLTERA	ADMINISTRATIVA	FREIRE 1656 CASA H	12523487	9		A	\N	\N
379	376	MORI MORI ANA	2025-09-11	1	2025-10-15 14:15:08.024533	2025-11-26 10:05:54.263034	254	MORI	MORI	ANA	82	VIUDA	DUEÑA DE CASA	BARROS ARANA 1701 DEPTO 401	4699068	4	412229268	A	\N	\N
381	378	SAGURIE CHAIN XIMENA	2025-09-11	1	2025-10-15 14:15:08.037593	2025-11-26 10:05:54.266147	255	SAGURIE	CHAIN	XIMENA	51	CASADA	PERIODISTA	BARROS ARANA 1701 DEPTO 202	12697031	5	988031964	A	\N	\N
382	379	COMPARINI CORTEZ ROCIO	2025-09-11	1	2025-10-15 14:15:08.044885	2025-11-26 10:05:54.267495	256	COMPARINI	CORTEZ	ROCIO	26	SOLTERA	ENFERMERA	BARROS ARANA 1701 DEPTO 305	20266793	7	950497986	A	\N	\N
384	381	ZAMORA SAEZ JOAQUIN	2025-09-23	1	2025-10-15 14:15:08.058488	2025-11-26 10:05:54.27083	257	ZAMORA	SAEZ	JOAQUIN	27	SOLTERO	PISCOLOGO	FREIRE 1780 DEPTO 1212	19814937	3	981339067	A	12	2025
386	383	CORNEJO ORTIZ CONSTANZA	2025-09-26	1	2025-10-15 14:15:08.081814	2025-11-26 10:05:54.273573	259	CORNEJO	ORTIZ	CONSTANZA	61	VIUDA	ABOGADA	BARROS ARANA 1701 DEPTO 701	8369591	9	941625759	A	\N	\N
389	386	AGUILERA ARRIAGADA JUAN	2025-10-13	1	2025-10-15 14:15:08.103042	2025-11-26 10:05:54.277884	262	AGUILERA	ARRIAGADA	JUAN	72	VIUDO	MEDICO	BARROS ARANA 1701 DEPTO 203	6256308	7	999983757	A	\N	\N
393	390	MORA BENEVENTI HUMBERTO	2025-10-25	1	2025-10-15 14:15:08.129478	2025-11-26 10:05:54.284344	266	MORA	BENEVENTI	HUMBERTO	\N	CASADO	TECNICO	AV. ROOSEVELT 1777 DEPTO 1	6126492	2		A	7	2026
391	388	GOMEZ CIFUENTES JULIAN	2025-10-19	1	2025-10-15 14:15:08.115696	2025-11-26 10:05:54.281342	264	GOMEZ	CIFUENTES	JULIAN	23	SOLTERO	ESTUDIANTE	BARROS ARANA 1701 DEPTO 301	20693382	8	935175941	A	\N	\N
397	394	ANCONETANI DELLA TORRE GINO	2025-11-11	1	2025-10-15 14:15:08.160663	2025-11-26 10:05:54.290197	270	ANCONETANI	DELLA TORRE	GINO	\N			FREIRE 1820	\N			A	10	2026
374	371	RODRIGUEZ VIDAL MAGALI	2025-09-11	1	2025-10-15 14:15:07.988482	2025-11-26 10:05:54.255286	250	RODRIGUEZ	VIDAL	MAGALI	67	CASADA	ENFERMERA	BARROS ARANA 1701 DEPTO 204	7091349	6	998202401	A	\N	\N
37	37	MARTINEZ BELLO M ALEJANDRA	2022-06-04	1	2025-07-06 16:34:39.371393	2025-11-26 10:05:53.689674	29	MARTINEZ	BELLO	M ALEJANDRA	75	VIUDA	DENTISTA	AINAVILLO 558 DEPTO 302	5997192	1	999205206	A	\N	\N
39	39	SANDOVAL ALVEAR ISIDRO	2022-06-04	1	2025-07-06 16:34:39.383591	2025-11-26 10:05:53.694129	30	SANDOVAL	ALVEAR	ISIDRO	56	DIVORCIADO	DISEÑADOR	AINAVILLO 465 DEPTO 203	9236129	2	994997660	A	\N	\N
59	59	MEDINA CARRASCO MARIO	2022-06-04	1	2025-07-06 16:34:39.530249	2025-11-26 10:05:53.726847	46	MEDINA	CARRASCO	MARIO	56	CASADO	INGENIERO	AINAVILLO 558 DEPTO 701	6714295	0	994513103	A	9	2025
41	41	VILLAGRAN FUENTEALBA JUAN	2022-06-04	1	2025-07-06 16:34:39.399657	2025-11-26 10:05:53.697656	32	VILLAGRAN	FUENTEALBA	JUAN	70	CASADO	PROFESOR	MAIPU 1684 DEPTO 23	6525596	0	934534311	A	3	2023
70	70	CARVALLO MANRIQUEZ ALONSO	2022-06-04	1	2025-07-06 16:34:39.608927	2025-11-26 10:05:53.745308	15	CARVALLO	MANRIQUEZ	ALONSO	38	SOLTERO	TERAPEUTA	FREIRE 1707	15591253	7	998188773	A	\N	\N
368	365	CAMPOS BERNALES ANETTE	2025-08-12	1	2025-10-15 14:15:07.929685	2025-11-26 10:05:54.245889	245	CAMPOS	BERNALES	ANETTE	43	SOLTERA	PROFESORA	LAURARO 490 DEPTO 22	15188816	K	994947491	A	\N	\N
130	130	ALFARO AHUMADA VICTORIA	2022-06-04	1	2025-07-06 16:34:40.026039	2025-11-26 10:05:53.84395	96	ALFARO	AHUMADA	VICTORIA	25	SOLTERA	INGENIERO	LAUTARO 435 DEPTO 303	19645998	7	967667752	A	\N	\N
134	134	BASTIDAS ESPINOZA TANIA	2022-06-04	1	2025-07-06 16:34:40.054508	2025-11-26 10:05:53.850259	97	BASTIDAS	ESPINOZA	TANIA	28	SOLTERA	ARQUITECTO	ROOSEVELT 1777 DEPTO 3	18388580	4	956403664	A	\N	\N
141	141	ILLANES SAAVEDRA MANUEL	2022-06-04	1	2025-07-06 16:34:40.101131	2025-11-26 10:05:53.863074	77	ILLANES	SAAVEDRA	MANUEL	31	CONVIVIENTE	PROFESOR	GALVARINO 347	17840671	2	973890943	A	\N	\N
143	143	SAAVEDRA CLARKE DANIELA	2022-06-04	1	2025-07-06 16:34:40.116398	2025-11-26 10:05:53.865991	104	SAAVEDRA	CLARKE	DANIELA	31	SOLTERO	ARQUITECTO	LAUTARO 410 DEPTO 58	17614214	6	976224366	A	\N	\N
145	145	REYES VELASQUEZ NAZMY	2022-06-04	1	2025-07-06 16:34:40.130431	2025-11-26 10:05:53.869132	105	REYES	VELASQUEZ	NAZMY	65	CASADO	QUIMICO	BARROS ARANA 1532 DEPTO 1B	8677968	2	984916097	A	\N	\N
147	147	SANCHEZ ALVEAL GRACIELA	2022-06-04	1	2025-07-06 16:34:40.143819	2025-11-26 10:05:53.872195	107	SANCHEZ	ALVEAL	GRACIELA	40	CASADA	INGENIERO	FREIRE 1755	15193033	6	963341119	A	\N	\N
150	150	VALLEGOS GARRIDO PAULO	2022-06-04	1	2025-07-06 16:34:40.162688	2025-11-26 10:05:53.877628	110	VALLEGOS	GARRIDO	PAULO	31	SOLTERA	BIOLOGO	LAUTARO 431 DEPTO 303	17861856	9	992135870	A	\N	\N
152	152	SANTOS FAJARDO ISABEL	2022-06-04	1	2025-07-06 16:34:40.178865	2025-11-26 10:05:53.881004	13	SANTOS	FAJARDO	ISABEL	42	CASADA	INGENIERO	AINAVILLO 672	13869486	0	940218112	A	1	2023
159	159	CUADRA FRINDT VALERIA	2022-06-04	1	2025-07-06 16:34:40.226946	2025-11-26 10:05:53.903089	30	CUADRA	FRINDT	VALERIA	25	SOLTERA		AINAVILLO 465 DEPTO 203	19595192	6	967672056	A	\N	\N
163	163	MOSCIATTI PEREZ GISELA	2022-06-04	1	2025-07-06 16:34:40.255075	2025-11-26 10:05:53.909986	34	MOSCIATTI	PEREZ	GISELA	67	CASADA	TRADUCTORA	BARROS ARANA 1532 CASA D	7325513	9	984283879	A	\N	\N
161	161	OLAVARRIA BENNETT VIOLETA	2022-06-04	1	2025-07-06 16:34:40.241227	2025-11-26 10:05:53.906134	32	OLAVARRIA	BENNETT	VIOLETA	74	CASADA		MAIPU 1684 DEPTO 23	5990889	8	944938687	A	\N	\N
170	170	CHARLES DOUN BRIAN	2022-06-04	1	2025-07-06 16:34:40.304872	2025-11-26 10:05:53.92115	121	CHARLES	DOUN	BRIAN	31	SOLTERO		FREIRE 1627 DEPTO 306	17714882	2	985124163	A	\N	\N
195	195	ALBORNOZ GUERRA DHAYA	2022-06-04	1	2025-07-06 16:34:40.514444	2025-11-26 10:05:53.96286	134	ALBORNOZ	GUERRA	DHAYA	29	SOLTERA		BARROS ARANA 1672 DEPTO 1713	17040168	6	975664149	A	\N	\N
172	172	RAMOS MUÑOZ M. LUISA	2022-06-04	1	2025-07-06 16:34:40.319238	2025-11-26 10:05:53.923993	40	RAMOS	MUÑOZ	M. LUISA	50	CASADA	D.DE C.	BARROS ARANA 1532 DEPTO 4A	11897119	1	998306302	A	\N	\N
174	174	CHAPARRO CASTRO ENOVE	2022-06-04	1	2025-07-06 16:34:40.333047	2025-11-26 10:05:53.927625	124	CHAPARRO	CASTRO	ENOVE	74	CASADA	D.DE C.	ROOSEVELT 1703 DEPTO 30	5392539	1	966174882	A	\N	\N
179	179	MUÑOZ VENEGAS MARCIA	2022-06-04	1	2025-07-06 16:34:40.374002	2025-11-26 10:05:53.936716	46	MUÑOZ	VENEGAS	MARCIA	57	CASADA		AINAVILLO 558 DEPTO 701	9574028	6	992564668	A	\N	\N
181	181	HUENTEMIL CACERES LUCIANO	2022-06-04	1	2025-07-06 16:34:40.390258	2025-11-26 10:05:53.939664	48	HUENTEMIL	CACERES	LUCIANO	30	SOLTERO	MEDICO	FREIRE 1656 CASA F	18142255	6	950032762	A	\N	\N
183	183	CONCHA MUÑOZ CECILIA	2022-06-04	1	2025-07-06 16:34:40.40587	2025-11-26 10:05:53.942541	112	CONCHA	MUÑOZ	CECILIA	46	SOLTERA		AINAVILLO 625 DEPTO 3	10659293	4	964427510	A	3	2024
188	188	VILLAGRAN VALENZUELA ANA	2022-06-04	1	2025-07-06 16:34:40.45215	2025-11-26 10:05:53.951827	130	VILLAGRAN	VALENZUELA	ANA	80	VIUDA		FREIRE 1760 DEPTO 1	3979919	7	975679920	A	\N	\N
193	193	VIDAL AREVALO ALEX	2022-06-04	1	2025-07-06 16:34:40.495692	2025-11-26 10:05:53.959112	56	VIDAL	AREVALO	ALEX	29	SOLTERO	INGENIERO	ROOSEVELT 1697 DEPTO 1	18145397	4	978784214	A	\N	\N
190	190	RAMIREZ CARVAJAL LUIS ARTURO	2022-06-04	1	2025-07-06 16:34:40.470367	2025-11-26 10:05:53.954518	132	RAMIREZ	CARVAJAL	LUIS ARTURO	67	CASADO		O´HIGGINS 1672 DEPTO 802	7248504	1	994494229	A	3	2026
197	197	MEINAS CAMPOS RALF	2022-06-04	1	2025-07-06 16:34:40.531565	2025-11-26 10:05:53.96574	135	MEINAS	CAMPOS	RALF	39	CASADO		BARROS ARANA 1795	15192122	1	974561072	A	\N	\N
207	207	HENRIQUEZ CARRASCO ANDREA	2022-06-04	1	2025-07-06 16:34:40.61234	2025-11-26 10:05:53.981613	70	HENRIQUEZ	CARRASCO	ANDREA	33	CASADA		O´HIGGINS 1414 DEPTO 301	17046028	6	971677209	A	\N	\N
199	199	BRINK PERALTA ELLEN	2022-06-04	1	2025-07-06 16:34:40.549456	2025-11-26 10:05:53.969125	61	BRINK	PERALTA	ELLEN	70	CASADA	MEDICO	BARROS ARANA 1751 INT	6977582	9	990707788	A	\N	\N
166	166	TAPIA MALDONADO IRMA	2022-06-04	1	2025-07-06 16:34:40.275467	2025-11-26 10:05:53.91557	119	TAPIA	MALDONADO	IRMA	79	VIUDA	JUBILADA	LUIS URRUTIA MANZANO 438 A DEPTO 302	4032319	8	997008590	A	\N	\N
209	209	VIDAL FRIZ MARISOL	2022-06-04	1	2025-07-06 16:34:40.626019	2025-11-26 10:05:53.984292	142	VIDAL	FRIZ	MARISOL	45	DIVOR	NUTRICIONISTA	ROOSEVELT 1703 DEPTO 72	13305742	0	984790893	A	\N	\N
211	211	GIACAMAN GIDI EDUARDO	2022-06-04	1	2025-07-06 16:34:40.643743	2025-11-26 10:05:53.987106	72	GIACAMAN	GIDI	EDUARDO	58	CASADO	INGENIERO	LIENTUR 652	9688013	8	998874903	A	\N	\N
216	216	RAMOS JIMENEZ TOMAS	2022-06-04	1	2025-07-06 16:34:40.680637	2025-11-26 10:05:53.996317	146	RAMOS	JIMENEZ	TOMAS	54	CASADA		AINAVILLO 615	11182808	2	9795531774	A	\N	\N
220	220	SUAZO HENRIQUEZ ABIGAIL	2022-06-04	1	2025-07-06 16:34:40.714008	2025-11-26 10:05:54.002219	150	SUAZO	HENRIQUEZ	ABIGAIL	63	CASADA		DANIEL URREJOLA 35 DEPTO 302	9659669	3		A	\N	\N
223	223	BASUALTO MORALES IGNACIO	2022-06-04	1	2025-07-06 16:34:40.738534	2025-11-26 10:05:54.006522	83	BASUALTO	MORALES	IGNACIO	31	SOLTERO	PERIODISTA	BARROS ARANA 1584 DEPTO 302	17613972	2	950955696	A	\N	\N
225	225	PEREIRA THIELE MONICA	2022-06-04	1	2025-07-06 16:34:40.752356	2025-11-26 10:05:54.009636	153	PEREIRA	THIELE	MONICA	60	CASADA		FREIRE 1839 A	8949097	9	998187087	A	\N	\N
230	230	ARELLANO VAILLANT JUAN LUIS	2022-06-04	1	2025-07-06 16:34:40.793664	2025-11-26 10:05:54.017927	88	ARELLANO	VAILLANT	JUAN LUIS	65	CASADO	ABOGADO	FREIRE 1414	6546400	4	978886884	A	\N	\N
232	232	AGUIRRE PIÑA CAMILA	2022-06-04	1	2025-07-06 16:34:40.808915	2025-11-26 10:05:54.020766	91	AGUIRRE	PIÑA	CAMILA	36	SOLTERA	ARQUITECTO	JUAN BOSCO 1838 B DEPTO 303	16490083	5	990701389	A	\N	\N
376	373	ULLOA TESSER CLAUDIA	2025-09-11	1	2025-10-15 14:15:08.00294	2025-11-26 10:05:54.258221	64	ULLOA	TESSER	CLAUDIA	58	DIVORCIADA	INGENIERO QUIMICO	BARROS ARANA 1701 DEPTO 503	10860904	4	984675366	A	\N	\N
121	121	ESCOBAR CONTRERAS PATRICIO	2022-06-04	1	2025-07-06 16:34:39.964618	2025-11-26 10:05:53.829503	91	ESCOBAR	CONTRERAS	PATRICIO	39	SOLTERO	ARQUITECTO	JUAN BOSCO 1838 B DEPTO 303	15173333	6	998868504	A	\N	\N
117	117	HILLERNS ROJAS GABRIELA	2022-06-04	1	2025-07-06 16:34:39.936624	2025-11-26 10:05:53.822156	87	HILLERNS	ROJAS	GABRIELA	79	VIUDA	JUBILADA	LAUTARO 424 DEPTO 32	4924221	2	984185026	A	3	2026
123	123	RUIZ MOORE BOLIVAR	2022-06-04	1	2025-07-06 16:34:39.97707	2025-11-26 10:05:53.832351	92	RUIZ	MOORE	BOLIVAR	47	CASADO	ING,CIVIL	AINAVILLO 636	14273562	8	975879134	A	\N	\N
125	125	SALGADO ARAVENA FRANCISCA	2022-06-04	1	2025-07-06 16:34:39.991385	2025-11-26 10:05:53.835071	94	SALGADO	ARAVENA	FRANCISCA	26	SOLTERA	ESTILISTA	AINAVILLO 625	19332779	6	966192767	A	\N	\N
128	128	LEAL FREDES GLADYS	2022-06-04	1	2025-07-06 16:34:40.012766	2025-11-26 10:05:53.84035	95	LEAL	FREDES	GLADYS	26	SOLTERA	BIOLOGO	LAUTARO 431	19446116	K	966712515	A	\N	\N
254	254	LEYTON ARAYA CHISTIAN	2022-06-25	1	2025-07-06 16:34:40.986515	2025-11-26 10:05:54.053987	171	LEYTON	ARAYA	CHISTIAN	36	CASADO	PROFESOR	VILUMILLA 631 DEPTO 2	15931223	2	982027362	A	\N	\N
260	260	SANTIS BRANTE OSCAR	2022-06-25	1	2025-07-06 16:34:41.036058	2025-11-26 10:05:54.064769	176	SANTIS	BRANTE	OSCAR	43	CASADO	SOCIOLOGO	BARROS ARANA 1522 DEPTO 12	13194000	9	990962458	A	\N	\N
282	282	MATTHEI SCHMDT LUZ	2022-07-09	1	2025-07-06 16:34:41.195243	2025-11-26 10:05:54.100319	188	MATTHEI	SCHMDT	LUZ	43	CASADA	CHEF	BARROS ARANA 1592	13724362	8	999181054	A	\N	\N
262	262	ASTETE BOETTCHER PAULINA	2022-06-25	1	2025-07-06 16:34:41.052287	2025-11-26 10:05:54.067454	177	ASTETE	BOETTCHER	PAULINA	48	CASADA	PODOLOGA	MAIPU 1458 DEPTO 2	10352784	8	965332573	A	\N	\N
267	267	SALGADO VARAS RENATA	2022-07-01	1	2025-07-06 16:34:41.088719	2025-11-26 10:05:54.074871	181	SALGADO	VARAS	RENATA	31	SOLTERA	ABOGADA	FREIRE 1914	17614883	1	976559501	A	1	2024
269	269	GOMEZ COUCLOT PATRICIO	2022-07-01	1	2025-07-06 16:34:41.102477	2025-11-26 10:05:54.078428	77	GOMEZ	COUCLOT	PATRICIO	71	SOLTERO	PERIODISTA	GALVARINO 347	6450028	7	998838210	A	\N	\N
280	280	REUSS VILLARROEL PROSPERINA	2022-07-09	1	2025-07-06 16:34:41.17958	2025-11-26 10:05:54.09756	187	REUSS	VILLARROEL	PROSPERINA	73	SOLTERA	D.DE C.	BARROS ARANA 1760 DEPTO 201	6716001	0	998835776	A	\N	\N
276	276	VEGA FUENTES FLORENTINA	2022-07-07	1	2025-07-06 16:34:41.152832	2025-11-26 10:05:54.090537	122	VEGA	FUENTES	FLORENTINA	96	VIUDA	D.DE C.	FREIRE 1755 DEPTO 203	2915884	3	991832794	A	\N	\N
285	285	GROSSMANN SPICHIGEL CLAUDIO	2022-07-09	1	2025-07-06 16:34:41.216466	2025-11-26 10:05:54.104665	190	GROSSMANN	SPICHIGEL	CLAUDIO	72	CASADO	AUDITOR	BARROS ARANA 1701 DEPTO 604	5175957	5	998843055	A	\N	\N
334	334	CALDERON DIAZ JUAN JOSÉ	2024-09-02	1	2025-07-06 16:34:41.575643	2025-11-26 10:05:54.188597	222	CALDERON	DIAZ	JUAN JOSÉ	56	SOLTERO	ARQUITECTO	MAC-IVER 1690	10042342	1	942847387	A	\N	\N
287	287	ERIZ SOTO ALEX	2022-07-18	1	2025-07-06 16:34:41.22973	2025-11-26 10:05:54.107584	191	ERIZ	SOTO	ALEX	73	CASADO	INGENIERO	MAIPU 1980 D	5305974	4	940181865	A	\N	\N
289	289	CONTANZO PINCHEIRA GERMAN	2022-07-18	1	2025-07-06 16:34:41.245051	2025-11-26 10:05:54.110637	193	CONTANZO	PINCHEIRA	GERMAN	54	DIVORCIA	TEC.MECANIC	MAIPU 1980 E	11350814	0	961519987	A	\N	\N
291	291	GROCASSAN MICHAEL	2022-07-18	1	2025-07-06 16:34:41.259093	2025-11-26 10:05:54.114387	195	GROCASSAN		MICHAEL	35	CASADO	CHEF	GALVARINO 481	25040902	8	944206492	A	\N	\N
293	293	GARAY REBOLLEDO NANCY	2022-07-18	1	2025-07-06 16:34:41.273278	2025-11-26 10:05:54.117236	197	GARAY	REBOLLEDO	NANCY	72	CASADA	A.SISTEMA	LIENTUR 675	5360092	2	942831369	A	\N	\N
298	298	PINO D.L.BARRERA M.TERESA	2022-07-18	1	2025-07-06 16:34:41.309654	2025-11-26 10:05:54.12423	163	PINO	D.L.BARRERA	M.TERESA	59	SOLTERA	DOCENTE	MAIPU 1472 DEPTO 54	8562554	3	966066985	A	\N	\N
300	300	MUÑOZ NUÑEZ JUAN FCO.	2022-07-19	1	2025-07-06 16:34:41.322329	2025-11-26 10:05:54.127133	200	MUÑOZ	NUÑEZ	JUAN FCO.	56	CASADO	ABOGADO	GALVARINO 427 DEPTO 406	8692748	9	996941538	A	\N	\N
303	303	FLORES ORDENES NORMA	2022-07-23	1	2025-07-06 16:34:41.343553	2025-11-26 10:05:54.13206	201	FLORES	ORDENES	NORMA	76	SOLTERA	JUBILADA	FREIRE 1480 DEPTO 703	4455817	3	987155612	A	\N	\N
309	309	DAVILA DURAN JOHANNA	2022-07-23	1	2025-07-06 16:34:41.385875	2025-11-26 10:05:54.140669	203	DAVILA	DURAN	JOHANNA	33	SOLTERA	PSICOLOGA	JANEQUEO 642	17320963	0	998301363	A	\N	\N
311	311	CRUZ FUENTEALBA CARLA	2025-08-02	1	2025-07-06 16:34:41.401657	2025-11-26 10:05:54.143404	205	CRUZ	FUENTEALBA	CARLA	25	SOLTERA	PSICOLOGA	LA VIRGEN 184	18598247	3	977374505	A	\N	\N
313	313	MOLINA ROTHEN MARIA	2022-08-22	1	2025-07-06 16:34:41.417125	2025-11-26 10:05:54.14703	207	MOLINA	ROTHEN	MARIA	34	CASADA	KINESIOLOGA	AINAVILLO 591	16605866	K	976481576	A	\N	\N
315	315	SAAVEDRA CONCHA RICARDO	2022-08-22	1	2025-07-06 16:34:41.431431	2025-11-26 10:05:54.150106	208	SAAVEDRA	CONCHA	RICARDO	33	SOLTERO	BIOINGENIERO	JANEQUEO 564 DEPTO 506	17343603	3	931156987	A	\N	\N
318	318	MIGUEL LAMAS RAFAEL	2022-09-14	1	2025-07-06 16:34:41.453921	2025-11-26 10:05:54.154593	74	MIGUEL	LAMAS	RAFAEL	38	SOLTERO	NUTRICIONISTA	LAUTARO 365	15591833	0	997116632	A	\N	\N
320	320	FERRADA ZERENE IVAN	2022-09-20	1	2025-07-06 16:34:41.470124	2025-11-26 10:05:54.157379	212	FERRADA	ZERENE	IVAN	23	SOLTERO	ESTUDIANTE	FREIRE 1595 DEPTO 602	19972038	4	978755516	A	\N	\N
321	321	SANTANA GACITUA CARLOS	2022-11-17	1	2025-07-06 16:34:41.476441	2025-11-26 10:05:54.158896	213	SANTANA	GACITUA	CARLOS	60	DIVORCIADO	INGENIERO	JANEQUEO 454 DEPTO 301	8216198	8	978060880	A	12	2023
326	326	GUERRA BRITO SONIA	2024-03-13	1	2025-07-06 16:34:41.51514	2025-11-26 10:05:54.176059	216	GUERRA	BRITO	SONIA	68	VIUDA	QUIMICO FARMACEUTICO	BARROS ARANA 1672 DEPTO 907	28370975	2	975664149	A	\N	\N
328	328	CHAVARRIA ZEMELMAN PATRICIA	2024-03-19	1	2025-07-06 16:34:41.52902	2025-11-26 10:05:54.179607	217	CHAVARRIA	ZEMELMAN	PATRICIA	77	CASADA	ARTISTA	LAUTARO 563 DEPTO 504	5803131	3		CD	\N	\N
330	330	VIVEROS BENNETT SERGIO	2024-05-25	1	2025-07-06 16:34:41.544443	2025-11-26 10:05:54.182869	219	VIVEROS	BENNETT	SERGIO	53	CASADO	ABOGADO	LAUTARO 484 DEPTO 301	10348976	8		A	\N	\N
332	332	MELLAFE ESPINOZA ELIZABETH	2024-06-15	1	2025-07-06 16:34:41.559969	2025-11-26 10:05:54.185759	107	MELLAFE	ESPINOZA	ELIZABETH	58	SOLTERA	SECRETARIA	FREIRE 1755	10402588	9		A	\N	\N
256	256	ARREPOL ZUÑIGA DAYANA	2022-06-25	1	2025-07-06 16:34:41.00109	2025-11-26 10:05:54.057182	173	ARREPOL	ZUÑIGA	DAYANA	46	SOLTERA	PERIODISTA	FREIRE 1480 DEPTO 803 B	14467985	7	977684917	A	\N	\N
340	340	CABRERA VEGA MARTA	2025-05-10	1	2025-07-06 16:34:41.618493	2025-11-26 10:05:54.200298	227	CABRERA	VEGA	MARTA	76	CASADA	PROFESORA	AINAVILLO 513	6721251	7		A	4	2026
342	342	SEPULVEDA MONJE ISRAEL	2025-05-10	1	2025-07-06 16:34:41.632665	2025-11-26 10:05:54.203128	228	SEPULVEDA	MONJE	ISRAEL	39	SOLTERO	KINESIOLOGO	FREIRE 1901	16011996	9		A	\N	\N
343	343	VASQUEZ YAÑEZ JAIME	2025-05-10	1	2025-07-06 16:34:41.639812	2025-11-26 10:05:54.204471	168	VASQUEZ	YAÑEZ	JAIME	57	CASADO	MECANICO	MAIPU 1684	11241622	6		A	\N	\N
348	348	AGUILERA RETAMAL MAGALI	2025-06-09	1	2025-07-06 16:34:41.676856	2025-11-26 10:05:54.213737	232	AGUILERA	RETAMAL	MAGALI	82	VIUDA	PROFESORA	LIENTUR 699	4074900	4		A	11	2025
380	377	SAN MARTÍN BACHMANN RODRIGO	2025-09-11	1	2025-10-15 14:15:08.031051	2025-11-26 10:05:54.264713	106	SAN MARTÍN	BACHMANN	RODRIGO	38	CASADO	MEDICO	BARROS ARANA 1701 DEPTO 802	16285269	8	9913837XX	A	\N	\N
258	258	JARA VIDAL PEDRO	2022-06-25	1	2025-07-06 16:34:41.017924	2025-11-26 10:05:54.060447	174	JARA	VIDAL	PEDRO	48	CASADO	DENTISTA	FREIRE 1908	12321016	6	992182604	A	\N	\N
241	241	RIQUELME SCHLEGEL MARIANNE	2022-06-04	1	2025-07-06 16:34:40.88048	2025-11-26 10:05:54.035068	161	RIQUELME	SCHLEGEL	MARIANNE	38	SOLTERA	VETERINARIA	AINAVILLO 671 DEPTO 12	15757090	0	961543638	A	\N	\N
237	237	ALARCON VENEGAS HORACIO	2022-06-04	1	2025-07-06 16:34:40.850191	2025-11-26 10:05:54.028693	162	ALARCON	VENEGAS	HORACIO	42	CASADO		LUIS URRUTIA MANZANO 483 B DEPTO 404	13616875	4	985007729	CD	\N	\N
247	247	ZAPATA HENRIQUEZ MIGUEL	2022-06-04	1	2025-07-06 16:34:40.930019	2025-11-26 10:05:54.04349	140	ZAPATA	HENRIQUEZ	MIGUEL	41	CASADO	INGENIERO	FREIRE 1755 DEPTO 602	13960086	K	999974591	A	\N	\N
244	244	SAN MARTIN SAEZ JEANNETTE	2022-06-04	1	2025-07-06 16:34:40.906398	2025-11-26 10:05:54.039146	165	SAN MARTIN	SAEZ	JEANNETTE	66	VIUDA		BARROS ARANA 1532 DEPTO 4B	8222594	3	984882554	A	3	2026
18	18	CARVALLO TOLEDO JAIME	2022-06-04	1	2025-07-06 16:34:39.233582	2025-11-26 10:05:53.660111	15	CARVALLO	TOLEDO	JAIME	71	CASADO	TOPOGRAFO	FREIRE 1707	5708277	1	994510855	A	11	2022
231	231	LY GATICA AZAAM	2022-06-04	1	2025-07-06 16:34:40.801985	2025-11-26 10:05:54.019387	157	LY	GATICA	AZAAM	33	SOLTERO		DANIEL URREJOLA 35 DEPTO 101	17013375	7	963008307	A	\N	\N
89	89	DOMINGUEZ AGUILA CARMEN	2022-06-04	1	2025-07-06 16:34:39.742711	2025-11-26 10:05:53.778112	63	DOMINGUEZ	AGUILA	CARMEN	77	SOLTERA	PROFESOR	FREIRE 1755 DEPTO 604	3910482	2	993690371	A	\N	\N
105	105	MILLENAO CARO LEYLA	2022-06-04	1	2025-07-06 16:34:39.852481	2025-11-26 10:05:53.803631	78	MILLENAO	CARO	LEYLA	41	CASADA	DENTISTA	JANEQUEO 285 DEPTO 703	13953085	3	988036486	A	\N	\N
136	136	MIGUEL LAMAS ANA	2022-06-04	1	2025-07-06 16:34:40.068491	2025-11-26 10:05:53.85401	74	MIGUEL	LAMAS	ANA	37	SOLTERA	VETERINARIA	LAUTARO 635	15855572	7	982223176	A	\N	\N
139	139	BASTIAS ARANDA EMANUEL	2022-06-04	1	2025-07-06 16:34:40.088715	2025-11-26 10:05:53.859233	77	BASTIAS	ARANDA	EMANUEL	26	SOLTERO	INGENIERO	GALVARINO 347	19074354	4	977590091	A	\N	\N
154	154	ACEVEDO TORRES NICOLAS	2022-06-04	1	2025-07-06 16:34:40.192545	2025-11-26 10:05:53.895681	113	ACEVEDO	TORRES	NICOLAS	32	SOLTERO	INGENIERO	O´HIGGINS 1672 DEPTO 703	17343729	3	956582642	A	5	2023
156	156	SAN MARTIN BARRA CARLA	2022-06-04	1	2025-07-06 16:34:40.206263	2025-11-26 10:05:53.898898	114	SAN MARTIN	BARRA	CARLA	35	SOLTERA	INGENIERO	BARROS ARANA 1522 DEPTO 11	16295283	8	966133624	A	\N	\N
168	168	RODRIGUEZ MORA JOSE	2022-06-04	1	2025-07-06 16:34:40.290503	2025-11-26 10:05:53.918367	37	RODRIGUEZ	MORA	JOSE	20	SOLTERO	ESTUDIANTE	LA VIRGEN 12	20954177	7	999542620	A	\N	\N
173	173	PERUGI ARTIGAS SUSANA	2022-06-04	1	2025-07-06 16:34:40.326472	2025-11-26 10:05:53.925547	123	PERUGI	ARTIGAS	SUSANA	51	DIVORCIADA		LAUTARO 424 DEPTO 22	14136338	7	987297564	A	\N	\N
177	177	VALENZUELA FERRER CAROLINA	2022-06-04	1	2025-07-06 16:34:40.356062	2025-11-26 10:05:53.933321	45	VALENZUELA	FERRER	CAROLINA	52	CASADA	INSPECTORA	BARROS ARANA 1572 DEPTO 302	10947836	9	990501825	A	\N	\N
57	57	ZURITA ZURITA PABLINA	2022-06-04	1	2025-07-06 16:34:39.515672	2025-11-26 10:05:53.72256	4	ZURITA	ZURITA	PABLINA	62	CASADA	INGENIERO	MAIPU 1458 CASA 1	7112009	0	994936951	A	\N	\N
202	202	BENAVENTI DUCOMMUN ANTONELLA	2022-06-04	1	2025-07-06 16:34:40.573577	2025-11-26 10:05:53.973307	138	BENAVENTI	DUCOMMUN	ANTONELLA	54	SOLTERA	ING.COMERC.	AINAVILLO 426 DEPTO 306	10071738	7	993968500	A	5	2023
203	203	RAMIREZ CONTRERAS PAMELA	2022-06-04	1	2025-07-06 16:34:40.581709	2025-11-26 10:05:53.974736	64	RAMIREZ	CONTRERAS	PAMELA	42	SOLTERA	PSICOLOGA	BARROS ARANA 1701 DEPTO 503	13895734	9	999425715	A	\N	\N
204	204	HUNTER RETAMAL MARIA DIGNA	2022-06-04	1	2025-07-06 16:34:40.588999	2025-11-26 10:05:53.97666	139	HUNTER	RETAMAL	MARIA DIGNA	85	VIUDA	JUBILADA	BARROS ARANA 1532 DEPTO 5B	4324990	8	412957514	A	\N	\N
221	221	PEDREROS NAVARRETE ESMERALDA	2022-06-04	1	2025-07-06 16:34:40.723024	2025-11-26 10:05:54.003608	151	PEDREROS	NAVARRETE	ESMERALDA	25	SOLTERA		BARROS ARANA 1672 DEPTO 1307	19597097	1	987320575	A	\N	\N
62	62	LAFOURCADE CONCHA CECILIA	2022-06-04	1	2025-07-06 16:34:39.552971	2025-11-26 10:05:53.731396	49	LAFOURCADE	CONCHA	CECILIA	19	SOLTERA	ESTUDIANTE	AINAVILLO 627 DEPTO 3	21093221	6	942711941	A	\N	\N
187	187	ANABALON QUIROZ ROSANA	2022-06-04	1	2025-07-06 16:34:40.44184	2025-11-26 10:05:53.950383	52	ANABALON	QUIROZ	ROSANA	67	VIUDA	ENFERMERA	JANEQUEO 670	7022029	6	987200277	A	5	2023
238	238	RODRIGUEZ CHAVEZ MARIA ELENA	2022-06-04	1	2025-07-06 16:34:40.857806	2025-11-26 10:05:54.030386	162	RODRIGUEZ	CHAVEZ	MARIA ELENA	43	CASADA		LUIS URRUTIA MANZANO 483 B DEPTO 404	14349680	5	993208492	CD	\N	\N
239	239	PINO DE LA BARRA MARIA TERESA	2022-06-04	1	2025-07-06 16:34:40.86642	2025-11-26 10:05:54.032214	163	PINO	DE LA BARRA	MARIA TERESA	59	SOLTERA		MAIPU 1472 DEPTO 54	8562554	3	966066985	A	\N	\N
246	246	GARDA PINTO NICOLAS	2022-06-04	1	2025-07-06 16:34:40.922221	2025-11-26 10:05:54.041889	167	GARDA	PINTO	NICOLAS	31	SOLTERO		JANEQUEO 454 DEPTO 502	17615571	K	988996287	A	\N	\N
252	252	VALLEJOS NEIRA EUGENIA	2022-06-25	1	2025-07-06 16:34:40.969669	2025-11-26 10:05:54.051124	170	VALLEJOS	NEIRA	EUGENIA	72	VIUDA		MAIPU 1676 BLOCK A DEPTO 11	7459982	6	999266558	A	\N	\N
259	259	VILDOSOLA RIQUELME JOSE	2022-06-25	1	2025-07-06 16:34:41.027319	2025-11-26 10:05:54.063045	175	VILDOSOLA	RIQUELME	JOSE	38	SOLTERO	PROFESOR	FREIRE 1627 DEPTO 402	15671975	7	991665648	A	\N	\N
261	261	CIORBA VELOSO ALMA	2022-06-25	1	2025-07-06 16:34:41.043925	2025-11-26 10:05:54.066119	176	CIORBA	VELOSO	ALMA	39	CASADA	ASI SOCIAL	BARROS ARANA 1522 DEPTO 12	15069750	6	995932798	A	\N	\N
263	263	VILLALOBOS MERINO RAFAEL	2022-06-25	1	2025-07-06 16:34:41.059794	2025-11-26 10:05:54.068867	178	VILLALOBOS	MERINO	RAFAEL	88	VIUDO	JUBILADO	BARROS ARANA 1532 CASA C	3022821	9	41-2228831	A	\N	\N
265	265	MUÑOZ VERGARA CECILIA	2022-06-29	1	2025-07-06 16:34:41.074536	2025-11-26 10:05:54.071707	180	MUÑOZ	VERGARA	CECILIA	42	SOLTERA	DENTISTA	ROOSEVELT 1703 DEPTO 52	13723151	4	998246213	A	\N	\N
268	268	ARAVENA ALVAREZ JOSE LUIS	2022-07-01	1	2025-07-06 16:34:41.096033	2025-11-26 10:05:54.076548	181	ARAVENA	ALVAREZ	JOSE LUIS	33	SOLTERO	ABOGADO	FREIRE 1914	17045219	4	977121037	A	\N	\N
271	271	VERGARA TORRES LEONARDO	2022-07-02	1	2025-07-06 16:34:41.115903	2025-11-26 10:05:54.082131	182	VERGARA	TORRES	LEONARDO	46	CASADO	INGENIERO	O´HIGGINS 1659	10985713	0	982942569	A	\N	\N
281	281	MARNICH SALAZAR ESTEBAN	2022-07-09	1	2025-07-06 16:34:41.187951	2025-11-26 10:05:54.098968	75	MARNICH	SALAZAR	ESTEBAN	44	SOLTERO	EMPRESARIO	BARROS ARANA 1701 DEPTO 502	10525232	3	977687902	A	\N	\N
295	295	POBLETE RIQUELME GLORIA	2022-07-18	1	2025-07-06 16:34:41.287873	2025-11-26 10:05:54.120049	198	POBLETE	RIQUELME	GLORIA	66	CASADA	DENTISTA	LIENTUR 664	7709565	9	993437931	A	\N	\N
301	301	DIAZ RUIZ MARCELA	2022-07-19	1	2025-07-06 16:34:41.328835	2025-11-26 10:05:54.128899	200	DIAZ	RUIZ	MARCELA	55	CASADA	PROFESORA	GALVARINO 427 DEPTO 406	9775344	K	982114572	A	\N	\N
356	356	JIMENEZ HABALI PATRICIO	2025-06-26	1	2025-07-06 16:34:41.732765	2025-11-26 10:05:54.225205	236	JIMENEZ	HABALI	PATRICIO	75	CASADO	EMPLEADO	BARROS ARANA 1159	6108015	5	966993320	A	\N	\N
358	358	SANZANA MUÑOZ GABRIELA	2025-06-26	1	2025-07-06 16:34:41.746237	2025-11-26 10:05:54.229782	238	SANZANA	MUÑOZ	GABRIELA	48	SOLTERA	ARQUITECTO	BARROS ARANA 1661 DEPTO 43	10402013	5		A	\N	\N
388	385	BUSTOS HENRIQUEZ MONICA	2025-10-10	1	2025-10-15 14:15:08.09593	2025-11-26 10:05:54.276484	261	BUSTOS	HENRIQUEZ	MONICA	67	SOLTERA	INGENIERO CIVIL	BARROS ARANA 1701 DEPTO 402	6859019	1	966886263	A	\N	\N
26	26	CABRERA CROT VERONICA	2022-06-04	1	2025-07-06 16:34:39.292208	2025-11-26 10:05:53.672107	21	CABRERA	CROT	VERONICA	36	SOLTERA	ABOGADO	BARROS ARANA 1532 CASA F	16154207	5	978656838	A	\N	\N
28	28	DAROCH HORMAZABAL GUNTHER	2022-06-04	1	2025-07-06 16:34:39.30464	2025-11-26 10:05:53.675922	22	DAROCH	HORMAZABAL	GUNTHER	53	CASADO	COMERCIANTE	AINAVILLO 571	10614873	2	966314197	A	\N	\N
54	54	GUTIERREZ MUÑOZ AMALIA	2022-06-04	1	2025-07-06 16:34:39.495399	2025-11-26 10:05:53.718231	42	GUTIERREZ	MUÑOZ	AMALIA	33	CASADA	ABOGADO	FREIRE 1951	17041134	K	998381223	A	\N	\N
227	227	MORENO QUEIROLO MARCELO	2022-06-04	1	2025-07-06 16:34:40.769321	2025-11-26 10:05:54.013682	154	MORENO	QUEIROLO	MARCELO	63	CASADO	BIOQUIMICO	LUIS URRUTIA MANZANO 436 B DEPTO 204	8598214	1	994493244	A	\N	\N
344	344	BURGOS MUÑOZ MARIA LUISAS	2025-05-23	1	2025-07-06 16:34:41.64619	2025-11-26 10:05:54.205897	229	BURGOS	MUÑOZ	MARIA LUISAS	76	SOLTERA	ADMINISTRATIVA	MAIPU 1540 DEPTO 712	5349282	7		A	\N	\N
353	353	SORI ANTOLA JIMENEZ	2025-06-13	1	2025-07-06 16:34:41.711136	2025-11-26 10:05:54.220979	234	SORI	ANTOLA	JIMENEZ	68	VIUDA	JUBILADA	BARROS ARANA 1659 DEPTO A3	6776442	0	981901984	A	10	2025
364	361	MORENO NAIL GERARDO ANDRES	2025-07-16	1	2025-07-16 23:54:34.928403	2025-11-26 10:05:54.239645	241	MORENO	NAIL	GERARDO ANDRES	55	SOLTERO	DISEÑADOR INT.	PELANTARO 640	7121081	2	994038450	A	7	2025
390	387	ARAYA MARTINEZ OLIVIA	2025-10-13	1	2025-10-15 14:15:08.109964	2025-11-26 10:05:54.27975	263	ARAYA	MARTINEZ	OLIVIA	35	SOLTERA	PROFESOR	PELANTARO 637 DEPTO 404	17226025	K	983993500	A	12	2025
392	389	OSORIO CORTES JAIME	2025-10-25	1	2025-10-15 14:15:08.123396	2025-11-26 10:05:54.282875	265	OSORIO	CORTES	JAIME	55	CASADO	KINESEOLOGO	BARROS ARANA 1701 DEPTO 302	11445127	4		A	\N	\N
366	363	GALLEGOS MUÑOZ SILVIA	2025-08-06	1	2025-10-15 14:15:07.914283	2025-11-26 10:05:54.242422	243	GALLEGOS	MUÑOZ	SILVIA	38	SOLTERA	TECNICO VENTAS	LIENTUR 627	16264243	6	997631097	A	\N	\N
367	364	FERNANDEZ ZAVALA LAURA	2025-08-10	1	2025-10-15 14:15:07.921893	2025-11-26 10:05:54.243767	244	FERNANDEZ	ZAVALA	LAURA	67	CASADA	JUBILADA	AV.ROOSEVELT 1760 DEPTO 303	7715130	3	984625491	A	12	2025
394	391	ALVARADO MARDONES M. TERESA	2025-10-26	1	2025-10-15 14:15:08.135698	2025-11-26 10:05:54.285731	267	ALVARADO	MARDONES	M. TERESA	65	CASADA	PROFESORA	BARROS ARANA 1701 DEPTO 704	8766939	4	993185472	A	\N	\N
395	392	MARTINEZ YAÑEZ LORETO	2025-10-30	1	2025-10-15 14:15:08.142129	2025-11-26 10:05:54.287201	268	MARTINEZ	YAÑEZ	LORETO	37	SOLTERA	INGENIERO	AINAVILLO 648	17041941	3		A	9	2026
369	366	LOYOLA ARIAS VERONA	2025-08-18	1	2025-10-15 14:15:07.937908	2025-11-26 10:05:54.248158	246	LOYOLA	ARIAS	VERONA	45	SOLTERA	PERIODISTA	BARROS ARANA 1532 DEPTO 1A	14406375	9	992246684	A	12	2025
307	307	DURAN ESTRADA YESSECA	2022-07-23	1	2025-07-06 16:34:41.372316	2025-11-26 10:05:54.137674	203	DURAN	ESTRADA	YESSECA	51	CASADA	PARAMEDICO	JANEQUEO 642	12302802	3	988476686	A	\N	\N
319	319	DIAZ SANCHEZ GABRIELA	2022-09-20	1	2025-07-06 16:34:41.462139	2025-11-26 10:05:54.156016	212	DIAZ	SANCHEZ	GABRIELA	27	SOLTERA	BIOTECNOLOGA	FREIRE 1595 DEPTO 602	19025797	5	932402845	A	\N	\N
324	324	VELASQUEZ SILVA FABIOLA	2023-11-01	1	2025-07-06 16:34:41.498683	2025-11-26 10:05:54.172342	214	VELASQUEZ	SILVA	FABIOLA	51	SOLTERA	DUEÑA DE CASA	GALVARINO 427-505	12234047	3	922086241	A	\N	\N
371	368	OPAZO RIVEROS MARINA	2025-09-11	1	2025-10-15 14:15:07.954615	2025-11-26 10:05:54.251265	189	OPAZO	RIVEROS	MARINA	67	SOLTERA	MEDICO	BARROS ARANA 1701 DEPTO 303	77022289	9	992659958	A	\N	\N
373	370	RODRIGUEZ ALONSO RODOLFO	2025-09-11	1	2025-10-15 14:15:07.980345	2025-11-26 10:05:54.253988	249	RODRIGUEZ	ALONSO	RODOLFO	71	CASADO	PROFESOR UNIVERSITARIO	MAC IVER 1740 DEPTO 501	14633256	0	932003397	A	\N	\N
375	372	AZHANACIU JARA HAYDEE	2025-09-11	1	2025-10-15 14:15:07.995937	2025-11-26 10:05:54.256644	251	AZHANACIU	JARA	HAYDEE	75	VIUDA	JUBILADA	BARROS ARANA 1701 DEPTO 603	5626710	7	978497872	A	\N	\N
377	374	QUIROZ BUSTOS MARCELA	2025-09-11	1	2025-10-15 14:15:08.010226	2025-11-26 10:05:54.259644	252	QUIROZ	BUSTOS	MARCELA	37	CASADA	CONTADOR AUDITOR	BARROS ARANA 1701 DEPTO 403	16690759	4	952199245	A	\N	\N
378	375	FRANCO MORAGA YANINA	2025-09-11	1	2025-10-15 14:15:08.017154	2025-11-26 10:05:54.261104	253	FRANCO	MORAGA	YANINA	52	SOLTERA	ENFERMERA	BARROS ARANA 1701 DEPTO 504	14279859	K	9969872XX	A	\N	\N
383	380	MEDINA MATURANA RONALD	2025-09-11	1	2025-10-15 14:15:08.052023	2025-11-26 10:05:54.269444	252	MEDINA	MATURANA	RONALD	70	DIVORCIADO	VETERINARIO	BARROS ARANA 1701 DEPTO 403	6313522	4	944291691	A	\N	\N
385	382	FERRARI HERNANDEZ ISABELLA	2025-09-23	1	2025-10-15 14:15:08.07408	2025-11-26 10:05:54.272167	258	FERRARI	HERNANDEZ	ISABELLA	31	SOLTERA	INGENIERO CIVIL	BARROS ARANA 1701 DEPTO 205	18412389	4	987823264	A	\N	\N
387	384	CERDA SAN MARTIN RODRIGO	2025-10-06	1	2025-10-15 14:15:08.088578	2025-11-26 10:05:54.275105	260	CERDA	SAN MARTIN	RODRIGO	61	CASADO	ABOGADA	BARROS ARANA 1701 DEPTO 404	9062602	7	985003672	A	\N	\N
336	336	DE BORGUIE CABRERA ALEJANDRA	2025-03-01	1	2025-07-06 16:34:41.589458	2025-11-26 10:05:54.192319	224	DE BORGUIE	CABRERA	ALEJANDRA	54	SOLETRA	PROFESORA	AINAVILLO 519	11680276	7		A	\N	\N
\.


--
-- TOC entry 3468 (class 0 OID 141612)
-- Dependencies: 224
-- Data for Name: ar_internal_metadata; Type: TABLE DATA; Schema: public; Owner: csantana
--

COPY public.ar_internal_metadata (key, value, created_at, updated_at) FROM stdin;
environment	development	2025-07-06 16:34:38.728219	2025-07-06 16:34:38.728221
schema_sha1	742978de92d6e47832eb3e16b307514f76c2d61e	2025-07-06 16:34:38.732312	2025-07-06 16:34:38.732313
\.


--
-- TOC entry 3462 (class 0 OID 141548)
-- Dependencies: 218
-- Data for Name: bills; Type: TABLE DATA; Schema: public; Owner: csantana
--

COPY public.bills (id, date, tipo_egreso, comment, amount, user_id, created_at, updated_at, apartment_id) FROM stdin;
5	2024-06-07	1	COMPRA ECOSISTEM    CL	20000	1	2025-07-06 20:30:07.817516	2025-07-06 20:30:07.817516	\N
7	2024-06-14	1	COMPRA LIBRERIA GIO CL	66527	1	2025-07-06 20:30:07.827767	2025-07-06 20:30:07.827767	\N
8	2024-06-14	1	COMPRA LIBRERIA GIO CL	66757	1	2025-07-06 20:30:07.832505	2025-07-06 20:30:07.832505	\N
9	2024-06-27	1	COMPRA ECOSISTEM    CL	25900	1	2025-07-06 20:30:07.838421	2025-07-06 20:30:07.838421	\N
11	2024-06-28	1	COMPRA HIPERBLU     CL	67701	1	2025-07-06 20:30:07.849454	2025-07-06 20:30:07.849454	\N
12	2024-06-28	1	COMPRA LIBRERIA GIO CL	109921	1	2025-07-06 20:30:07.855617	2025-07-06 20:30:07.855617	\N
17	2024-06-14	1	COMPRA LIBRERIA GIO CL	62225	1	2025-07-06 20:30:48.197441	2025-07-06 20:30:48.197441	\N
21	2024-06-27	1	COMPRA MERPAGO	32560	1	2025-07-06 20:30:48.21875	2025-07-06 20:30:48.21875	\N
2	2023-10-19	1	GIRO POR CAJA	95200	1	2025-07-06 20:30:07.801763	2025-07-07 16:46:21.833499	\N
27	2025-11-11	3	GIRO CAJERO AUTOMATICO 11/11 09:34	200000	1	2025-11-12 22:27:32.967488	2025-11-15 23:45:17.373433	\N
28	2025-11-12	3	GIRO CAJERO AUTOMATICO 12/11 13:34	200000	1	2025-11-12 22:28:44.906144	2025-11-15 23:45:25.654043	\N
26	2025-11-11	3	GIRO CAJERO AUTOMATICO 11/11 09:34\n	200000	1	2025-11-12 19:14:43.575232	2025-11-16 00:10:46.825564	\N
1	2023-10-06	1	GIRO POR CAJA	402180	1	2025-07-06 20:30:07.793258	2025-11-16 00:33:59.525061	\N
3	2023-11-30	1	GIRO POR CAJA	151250	1	2025-07-06 20:30:07.807216	2025-11-16 00:34:10.159839	\N
4	2024-04-19	1	GIRO POR CAJA	3500000	1	2025-07-06 20:30:07.812016	2025-11-16 00:34:51.650715	\N
13	2024-07-23	1	GIRO POR CAJA	1000000	1	2025-07-06 20:30:07.860861	2025-11-16 00:35:11.194084	\N
14	2024-10-07	1	GIRO POR CAJA	500000	1	2025-07-06 20:30:07.876494	2025-11-16 00:35:20.194296	\N
29	2025-11-12	4	RENDICION 001 - SILVANA LASAGNA - $48.360 + $51.620	99980	1	2025-11-15 23:18:55.522632	2025-11-17 13:47:03.03988	\N
30	2025-11-17	4	1/2 DEVOLUCION AUDIOMUSICA $490.020  (Víctor Pinto)	300000	1	2025-11-16 00:38:42.235754	2025-11-18 08:11:11.291324	\N
31	2025-11-18	4	2/2 DEVOLUCION AUDIOMUSICA $490.020 (Víctor Pinto)	190020	1	2025-11-18 08:10:53.62052	2025-11-18 08:11:19.438902	\N
32	2025-11-26	3	GIRO CAJERO AUTOMATICO 25/11 16:07	200000	1	2025-11-26 19:05:30.245595	2025-11-26 19:06:21.887906	\N
34	2025-11-26	3	GIRO CAJERO AUTOMATICO 26/11 13:09	100000	1	2025-11-26 19:06:53.673817	2025-11-26 19:06:53.673817	\N
33	2025-11-26	3	GIRO CAJERO AUTOMATICO 25/11 16:10	200000	1	2025-11-26 19:06:13.792695	2025-11-26 19:07:16.575159	\N
35	2025-11-26	4	COMPRA EQUIPO AUDIO SAMSON	499990	1	2025-11-26 19:39:58.697108	2025-11-26 19:39:58.697108	\N
36	2025-12-01	5	COMISION MANTENCION CHEQUERA ELECT	5284	1	2025-12-01 19:06:40.892296	2025-12-01 19:06:40.892296	\N
\.


--
-- TOC entry 3464 (class 0 OID 141559)
-- Dependencies: 220
-- Data for Name: deposits; Type: TABLE DATA; Schema: public; Owner: csantana
--

COPY public.deposits (id, date, tipo_ingreso, comment, amount, mes, ano, user_id, apartment_id, created_at, updated_at) FROM stdin;
442	2025-11-11	3	INGRESO A CAJA	200000	11	2025	1	406	2025-11-15 16:27:01.188611	2025-11-15 16:28:22.398029
443	2025-11-11	3	INGRESO A CAJA	200000	11	2025	1	406	2025-11-15 16:33:27.031406	2025-11-15 16:33:27.031406
444	2025-11-12	3	INGRESO A CAJA	200000	11	2025	1	406	2025-11-15 16:34:18.562171	2025-11-15 23:02:36.622536
40	2023-03-02	4	TEF DE PARRA PAZ JULIO CESAR - Aporte brigadistas mexicanos	5000	3	2023	1	153	2025-07-06 16:36:01.159412	2025-11-16 01:00:30.354671
8	2022-12-21	2	TEF DE JIMENEZ HALABI PATRICIO IVAN	2000	12	2022	1	356	2025-07-06 16:35:36.596329	2025-07-06 16:35:36.596329
50	2023-03-02	4	TEF BANCOESTADO DE CONCHA MUNOZ CEC - Aporte brigadistas mexicanos	5000	3	2023	1	183	2025-07-06 16:36:01.239164	2025-11-16 01:09:45.840912
10	2023-12-28	2	TEF BANCOESTADO DE FUENTES ESPINOZA	2000	12	2023	1	22	2025-07-06 16:36:00.908816	2025-07-06 16:36:00.908816
21	2023-01-09	2	TEF DE MORA TAPIA NATALIA VIVIANA	4000	1	2023	1	47	2025-07-06 16:36:01.008472	2025-07-06 16:36:01.008472
23	2023-03-02	2	TEF BANCOESTADO DE YAGI MUNOZ NELSON	2000	3	2023	1	58	2025-07-06 16:36:01.024294	2025-07-06 16:36:01.024294
26	2023-08-21	2	TEF DE SAN JUAN RAMOS VICTOR EUGENI	4000	8	2023	1	84	2025-07-06 16:36:01.047528	2025-07-06 16:36:01.047528
27	2023-03-21	2	TEF BANCOESTADO DE NAVARRO YUNGE PA	2000	3	2023	1	96	2025-07-06 16:36:01.056375	2025-07-06 16:36:01.056375
30	2023-03-09	2	TEF DE PARES LAMAS SARA MARIA CRIST	2000	3	2023	1	99	2025-07-06 16:36:01.078723	2025-07-06 16:36:01.078723
38	2023-03-30	2	TEF DE PENA GONZALEZ KARINA ALEJAND	2000	3	2023	1	132	2025-07-06 16:36:01.143256	2025-07-06 16:36:01.143256
41	2023-12-15	2	TEF DE MEZA ALCORTA ROSA ESTER	2000	12	2023	1	169	2025-07-06 16:36:01.166568	2025-07-06 16:36:01.166568
42	2023-03-02	2	TEF DE PERUGI ARTIGAS SUSANA PATRIC	5000	3	2023	1	173	2025-07-06 16:36:01.174713	2025-07-06 16:36:01.174713
43	2023-04-17	2	TEF BANCOESTADO DE VALENZUELA FERRE	2000	4	2023	1	177	2025-07-06 16:36:01.18186	2025-07-06 16:36:01.18186
44	2023-03-02	2	TEF BANCOESTADO DE YAGI VALENZUELA	5000	3	2023	1	178	2025-07-06 16:36:01.191467	2025-07-06 16:36:01.191467
56	2023-04-20	2	TEF DE CASTILLO IGLESIAS LUCIA FERN	4000	4	2023	1	186	2025-07-06 16:36:01.28817	2025-07-06 16:36:01.28817
62	2023-11-06	2	TEF BANCOESTADO DE HENRIQUEZ CARRAS	2000	11	2023	1	207	2025-07-06 16:36:01.334951	2025-07-06 16:36:01.334951
64	2023-03-02	2	TEF DE EULUFI CERDA HELIA SONIA DE	5000	3	2023	1	217	2025-07-06 16:36:01.352997	2025-07-06 16:36:01.352997
456	2025-11-26	3	INGRESO A CAJA	200000	11	2025	1	406	2025-11-26 19:37:35.133426	2025-11-26 19:38:51.239689
457	2025-11-26	3	INGRESO A CAJA	200000	11	2025	1	406	2025-11-26 19:37:57.419969	2025-11-26 19:39:06.721691
458	2025-11-26	3	INGRESO A CAJA	100000	11	2025	1	406	2025-11-26 19:38:11.655942	2025-11-26 19:40:44.729059
52	2023-06-30	1	TEF BANCOESTADO DE CONCHA MUNOZ CEC - 2 cuotas: AGO/2022 a SEP/2022	4000	6	2023	1	183	2025-07-06 16:36:01.255787	2025-12-01 19:31:34.753959
60	2023-01-23	1	TEF DE RAMIREZ CARVAJAL LUIS ARTURO - 8 cuotas: JUN/2022 a ENE/2023	16000	1	2023	1	190	2025-07-06 16:36:01.319225	2025-12-01 19:31:34.893863
452	2025-11-19	1	TEF DE LASAGNA LABBE SILVANA ANGELI p/ CABRERA VEGA MARTA - 12 cuotas: MAY/2025 a ABR/2026	24000	11	2025	1	340	2025-11-19 11:06:37.108002	2025-12-01 19:31:35.194505
22	2023-05-25	2	TEF DE MORA TAPIA NATALIA VIVIANA - CR22/CR23/CR24	8000	5	2023	1	47	2025-07-06 16:36:01.016569	2025-10-26 19:59:44.845844
46	2023-03-02	4	TEF BANCOESTADO DE GUAJARDO YANEZ M - Aporte brigadistas	5000	3	2023	1	182	2025-07-06 16:36:01.207579	2025-10-22 22:03:57.010156
67	2023-03-02	2	TEF DE RIQUELME SCHLEGEL MARIANNE E	2000	3	2023	1	241	2025-07-06 16:36:01.375426	2025-07-06 16:36:01.375426
68	2023-03-02	2	TEF DE SCHOLTZ SANHUEZA ERWIN RENE	5000	3	2023	1	249	2025-07-06 16:36:01.386023	2025-07-06 16:36:01.386023
69	2023-05-19	2	TEF DE VILLARROEL PINO PAULA ANDREA	2000	5	2023	1	251	2025-07-06 16:36:01.394179	2025-07-06 16:36:01.394179
65	2023-03-02	4	TEF BANCOESTADO DE VENEGAS JOFRE CL - Aporte brigadistas mexicanos	5000	3	2023	1	224	2025-07-06 16:36:01.360139	2025-11-24 16:51:33.85679
74	2023-03-02	2	TEF DE BAUER LISSNER PATRICIA EVELY	3000	3	2023	1	278	2025-07-06 16:36:01.438277	2025-07-06 16:36:01.438277
76	2023-02-27	2	TEF DE VASQUEZ SANCHEZ SONIA ANGELI	2000	2	2023	1	284	2025-07-06 16:36:01.456235	2025-07-06 16:36:01.456235
78	2023-03-30	2	TEF DE ZARATE PEREZ PATRICIO ALONSO	2000	3	2023	1	323	2025-07-06 16:36:01.471672	2025-07-06 16:36:01.471672
79	2023-01-09	2	TRANSFERENCIA APP DE CLIENTES BESTA	2000	1	2023	1	360	2025-07-06 16:36:01.479431	2025-07-06 16:36:01.479431
80	2023-01-17	2	TRANSFERENCIA APP DE CLIENTES BESTA	2000	1	2023	1	360	2025-07-06 16:36:01.49073	2025-07-06 16:36:01.49073
81	2023-02-22	2	TEF DE AGUILAR DONAYRE ENZO ANDRE J	2000	2	2023	1	360	2025-07-06 16:36:01.499454	2025-07-06 16:36:01.499454
82	2023-02-24	2	TEF BANCOESTADO DE ORELLANA VIERA V	2000	2	2023	1	360	2025-07-06 16:36:01.508066	2025-07-06 16:36:01.508066
83	2023-02-27	2	DEPOSITO CON DOCUMENTOS	38000	2	2023	1	360	2025-07-06 16:36:01.515606	2025-07-06 16:36:01.515606
84	2023-03-02	2	DEPOSITO CON DOCUMENTOS	5000	3	2023	1	360	2025-07-06 16:36:01.524557	2025-07-06 16:36:01.524557
85	2023-03-02	2	TEF BANCOESTADO DE VILLABLANCA VEGA	2000	3	2023	1	360	2025-07-06 16:36:01.532287	2025-07-06 16:36:01.532287
53	2023-10-04	1	TEF BANCOESTADO DE CONCHA MUNOZ CEC - 2 cuotas: OCT/2022 a NOV/2022	4000	10	2023	1	183	2025-07-06 16:36:01.263388	2025-12-01 19:31:34.759431
87	2023-03-02	2	TEF BANCOESTADO DE SOTO SANCHEZ CAT	2000	3	2023	1	360	2025-07-06 16:36:01.548994	2025-07-06 16:36:01.548994
88	2023-03-02	2	TEF BANCOESTADO DE CISTERNA CABRERA	10000	3	2023	1	360	2025-07-06 16:36:01.557186	2025-07-06 16:36:01.557186
89	2023-03-03	2	TRANSFERENCIA APP DE CLIENTES BESTA	2000	3	2023	1	360	2025-07-06 16:36:01.564213	2025-07-06 16:36:01.564213
90	2023-03-16	2	TEF DE FONSECA GARRIDO HECTOR RODRI	2000	3	2023	1	360	2025-07-06 16:36:01.57185	2025-07-06 16:36:01.57185
91	2023-03-30	2	TEF DE GONZALEZ FIGUEROA MARIA JOSE	2000	3	2023	1	360	2025-07-06 16:36:01.580997	2025-07-06 16:36:01.580997
92	2023-03-31	2	TEF DE ROJAS ULLOA AMARILIS FRANCIS	2000	3	2023	1	360	2025-07-06 16:36:01.588922	2025-07-06 16:36:01.588922
93	2023-03-31	2	TRANSFERENCIA APP DE CLIENTES BESTA	20000	3	2023	1	360	2025-07-06 16:36:01.597076	2025-07-06 16:36:01.597076
95	2023-04-21	2	TRANSFERENCIA APP DE CLIENTES BESTA	10000	4	2023	1	360	2025-07-06 16:36:01.613525	2025-07-06 16:36:01.613525
96	2023-04-24	2	TEF DE DELPIN NICKEL ISIDORA CAMILA	2000	4	2023	1	360	2025-07-06 16:36:01.62089	2025-07-06 16:36:01.62089
97	2023-04-26	2	TEF DE TORRES PARRA KARLA CHRISTIE	2000	4	2023	1	360	2025-07-06 16:36:01.629259	2025-07-06 16:36:01.629259
98	2023-04-26	2	TEF BANCOESTADO DE CORRO BARRETO JE	2000	4	2023	1	360	2025-07-06 16:36:01.637926	2025-07-06 16:36:01.637926
100	2023-05-02	2	TEF BANCOESTADO DE AGUILERA LARA VA	2000	5	2023	1	360	2025-07-06 16:36:01.652437	2025-07-06 16:36:01.652437
101	2023-05-03	2	TEF DE MUNOZ MARCHANT JAIME CRISTIA	2000	5	2023	1	360	2025-07-06 16:36:01.660003	2025-07-06 16:36:01.660003
102	2023-05-23	2	TEF DE CEBALLOS PINO CARMEN GLORIA	2000	5	2023	1	360	2025-07-06 16:36:01.666721	2025-07-06 16:36:01.666721
103	2023-05-26	2	TEF DE MANRIQUEZ PINCHEIRA MAGALY V	6000	5	2023	1	360	2025-07-06 16:36:01.676363	2025-07-06 16:36:01.676363
105	2023-06-29	2	TEF BANCOESTADO DE ORELLANA FREDES	2000	6	2023	1	360	2025-07-06 16:36:01.692228	2025-07-06 16:36:01.692228
106	2023-07-04	2	TEF BANCOESTADO DE RIVERA CRISOSTOM	2000	7	2023	1	360	2025-07-06 16:36:01.700131	2025-07-06 16:36:01.700131
107	2023-07-06	2	DEPOSITO EN EFECTIVO SERVIESTADO	4000	7	2023	1	360	2025-07-06 16:36:01.708893	2025-07-06 16:36:01.708893
108	2023-07-24	2	TEF BANCOESTADO DE TRONCOSO DURAN M	4000	7	2023	1	360	2025-07-06 16:36:01.716058	2025-07-06 16:36:01.716058
109	2023-07-25	2	TEF DE DAROCH MATAMALA JORDAN EBER	6000	7	2023	1	360	2025-07-06 16:36:01.724776	2025-07-06 16:36:01.724776
110	2023-08-02	2	TEF DE DIAZ FLORES MARCELO RODOLFO	2000	8	2023	1	360	2025-07-06 16:36:01.732598	2025-07-06 16:36:01.732598
111	2023-08-07	2	TEF DE SEGURA LARA OSIEL ALEXANDER	2000	8	2023	1	360	2025-07-06 16:36:01.740623	2025-07-06 16:36:01.740623
112	2023-08-09	2	TEF BANCOESTADO DE GONZALEZ MONCADA	2000	8	2023	1	360	2025-07-06 16:36:01.747924	2025-07-06 16:36:01.747924
113	2023-09-07	2	TEF DE MOISAN OPORTUS CONSTANZA PAZ	2000	9	2023	1	360	2025-07-06 16:36:01.755315	2025-07-06 16:36:01.755315
114	2023-09-11	2	TEF BANCOESTADO DE MONJE CARVAJAL C	2000	9	2023	1	360	2025-07-06 16:36:01.762798	2025-07-06 16:36:01.762798
115	2023-09-13	2	TEF BANCOESTADO DE VIDAL MELIVILU K	2000	9	2023	1	360	2025-07-06 16:36:01.773184	2025-07-06 16:36:01.773184
116	2023-09-14	2	TEF BANCOESTADO DE MIRANDA ROMERO M	2000	9	2023	1	360	2025-07-06 16:36:01.78135	2025-07-06 16:36:01.78135
117	2023-10-02	2	TEF BANCOESTADO DE POZO JIMENEZ DIE	2000	10	2023	1	360	2025-07-06 16:36:01.789459	2025-07-06 16:36:01.789459
118	2023-10-04	2	TEF BANCOESTADO DE MORA MORALES CAT	2000	10	2023	1	360	2025-07-06 16:36:01.79694	2025-07-06 16:36:01.79694
119	2023-10-12	2	TEF BANCOESTADO DE GALLARDO CORDERO	95200	10	2023	1	360	2025-07-06 16:36:01.804928	2025-07-06 16:36:01.804928
120	2023-10-19	2	TEF BANCOESTADO DE ULLOA BURGOS XIM	2000	10	2023	1	360	2025-07-06 16:36:01.813443	2025-07-06 16:36:01.813443
121	2023-11-10	2	TEF DE DIAZ VELASQUEZ IGNACIO HUMBE	2000	11	2023	1	360	2025-07-06 16:36:01.821631	2025-07-06 16:36:01.821631
122	2023-11-17	2	TEF DE BENEVENTI DUCOMMUN ANTONELLA	24000	11	2023	1	360	2025-07-06 16:36:01.829379	2025-07-06 16:36:01.829379
123	2023-11-21	2	DEPOSITO EN EFECTIVO CRC: F1637F17	14000	11	2023	1	360	2025-07-06 16:36:01.836248	2025-07-06 16:36:01.836248
124	2023-11-21	2	TEF BANCOESTADO DE ABURTO FRITZ CAR	2000	11	2023	1	360	2025-07-06 16:36:01.844193	2025-07-06 16:36:01.844193
125	2023-11-29	2	DEPOSITO EN EFECTIVO	24000	11	2023	1	360	2025-07-06 16:36:01.851191	2025-07-06 16:36:01.851191
126	2023-11-29	2	DEPOSITO EN EFECTIVO	2000	11	2023	1	360	2025-07-06 16:36:01.861095	2025-07-06 16:36:01.861095
127	2023-12-06	2	TEF DE SANTIBANEZ LARENAS MARCELA E	2000	12	2023	1	360	2025-07-06 16:36:01.868283	2025-07-06 16:36:01.868283
128	2023-12-12	2	TEF BANCOESTADO DE SANDOVAL SAMILLA	4000	12	2023	1	360	2025-07-06 16:36:01.877135	2025-07-06 16:36:01.877135
129	2023-12-12	2	TEF BANCOESTADO DE ZAMORANO ARAVENA	2000	12	2023	1	360	2025-07-06 16:36:01.885375	2025-07-06 16:36:01.885375
130	2023-12-13	2	TEF DE DAVILA BARRERA FERNANDO SEBA	2000	12	2023	1	360	2025-07-06 16:36:01.894356	2025-07-06 16:36:01.894356
104	2023-06-09	4	DEPOSITO CON DOCUMENTOS	400000	6	2023	1	361	2025-07-06 16:36:01.683382	2025-07-06 16:36:01.683382
131	2023-12-18	2	TEF BANCOESTADO DE CASTRO LOPEZ VIC	36000	12	2023	1	360	2025-07-06 16:36:01.901979	2025-07-06 16:36:01.901979
132	2023-12-28	2	TEF BANCOESTADO DE NAYEN JARA BELEN	2000	12	2023	1	360	2025-07-06 16:36:01.91036	2025-07-06 16:36:01.91036
134	2024-07-23	2	TEF BANCOESTADO DE CARVALLO TOLEDO	6000	7	2024	1	18	2025-07-06 20:10:08.132771	2025-07-06 20:10:08.132771
135	2024-07-29	2	TEF BANCOESTADO DE CARVALLO TOLEDO	4000	7	2024	1	18	2025-07-06 20:10:08.143727	2025-07-06 20:10:08.143727
137	2024-12-26	2	TEF BANCOESTADO DE DAROCH HORMAZABA	2000	12	2024	1	28	2025-07-06 20:10:08.162776	2025-07-06 20:10:08.162776
140	2024-08-05	2	TEF BANCOESTADO DE POPP MELENDEZ AL	2000	8	2024	1	43	2025-07-06 20:10:08.191305	2025-07-06 20:10:08.191305
141	2024-07-25	2	TEF BANCOESTADO DE CARVALLO MANRIQU	2000	7	2024	1	70	2025-07-06 20:10:08.200229	2025-07-06 20:10:08.200229
143	2024-07-22	2	TEF BANCOESTADO DE ITURRIA CAMPANO	2000	7	2024	1	82	2025-07-06 20:10:08.22137	2025-07-06 20:10:08.22137
144	2024-05-30	2	TEF DE PARES LAMAS SARA MARIA CRIST	2000	5	2024	1	99	2025-07-06 20:10:08.22894	2025-07-06 20:10:08.22894
145	2024-05-30	2	TEF DE PARES LAMAS SARA MARIA CRIST	2000	5	2024	1	99	2025-07-06 20:10:08.237301	2025-07-06 20:10:08.237301
146	2024-08-21	2	TEF BANCOESTADO DE FERNANDEZ AGUILE	2000	8	2024	1	116	2025-07-06 20:10:08.24515	2025-07-06 20:10:08.24515
147	2024-08-23	2	TEF BANCOESTADO DE FERNANDEZ AGUILE	4000	8	2024	1	116	2025-07-06 20:10:08.253442	2025-07-06 20:10:08.253442
152	2024-12-11	2	TEF DE CASTILLO IGLESIAS LUCIA FERN	2000	12	2024	1	186	2025-07-06 20:10:08.29272	2025-07-06 20:10:08.29272
156	2024-09-02	1	TEF DE RAMIREZ CARVAJAL LUIS ARTURO - 9 cuotas: OCT/2024 a JUN/2025	18000	9	2024	1	190	2025-07-06 20:10:08.327164	2025-12-01 19:31:34.910904
157	2024-03-13	2	TEF BANCOESTADO DE ALBORNOZ GUERRA	2000	3	2024	1	195	2025-07-06 20:10:08.335771	2025-07-06 20:10:08.335771
159	2024-02-23	2	TEF DE BASUALTO MORALES IGNACIO MAU	4000	2	2024	1	223	2025-07-06 20:10:08.351268	2025-07-06 20:10:08.351268
160	2024-02-26	2	TEF DE CRUZ ANSELMI RODRIGO ANTONIO	2000	2	2024	1	226	2025-07-06 20:10:08.359202	2025-07-06 20:10:08.359202
161	2024-03-14	2	TEF DE CRUZ ANSELMI RODRIGO ANTONIO	2000	3	2024	1	226	2025-07-06 20:10:08.366728	2025-07-06 20:10:08.366728
163	2024-04-05	2	TEF DE CRUZ ANSELMI RODRIGO ANTONIO	4000	4	2024	1	226	2025-07-06 20:10:08.380749	2025-07-06 20:10:08.380749
164	2024-03-05	2	TEF BANCOESTADO DE PINO DE LA BARRE	12000	3	2024	1	239	2025-07-06 20:10:08.388023	2025-07-06 20:10:08.388023
165	2024-03-11	2	TEF BANCOESTADO DE PINO DE LA BARRE	2000	3	2024	1	239	2025-07-06 20:10:08.398939	2025-07-06 20:10:08.398939
166	2024-03-26	2	TEF BANCOESTADO DE BANADOS PLACENCI	2000	3	2024	1	245	2025-07-06 20:10:08.407157	2025-07-06 20:10:08.407157
167	2024-09-03	2	TEF DE LEYTON ARAYA CHRISTIAN GONZA	12000	9	2024	1	254	2025-07-06 20:10:08.414435	2025-07-06 20:10:08.414435
168	2024-05-07	2	TEF DE SALGADO VARAS RENATA PAZ	2000	5	2024	1	267	2025-07-06 20:10:08.423249	2025-07-06 20:10:08.423249
169	2024-04-01	2	TEF DE DIAZ RUIZ MARCELA DEL CARMEN	2000	4	2024	1	301	2025-07-06 20:10:08.431082	2025-07-06 20:10:08.431082
170	2024-12-18	2	TEF BANCOESTADO DE DAVILA DURAN JOH	2000	12	2024	1	309	2025-07-06 20:10:08.438495	2025-07-06 20:10:08.438495
171	2024-08-13	2	TEF BANCOESTADO DE MONTECINOS MARTI	2000	8	2024	1	314	2025-07-06 20:10:08.446377	2025-07-06 20:10:08.446377
172	2024-08-19	2	TEF DE MONTECINOS MARTINEZ SOFIA AN	2000	8	2024	1	314	2025-07-06 20:10:08.453801	2025-07-06 20:10:08.453801
174	2024-10-01	2	TEF BANCOESTADO DE GARCIA CASTILLO	2000	10	2024	1	329	2025-07-06 20:10:08.46826	2025-07-06 20:10:08.46826
175	2024-04-29	2	TEF BANCOESTADO DE ANI LEIVA JANNET	2000	4	2024	1	335	2025-07-06 20:10:08.475202	2025-07-06 20:10:08.475202
176	2024-08-28	2	TEF BANCOESTADO DE ANI LEIVA JANNET	2000	8	2024	1	335	2025-07-06 20:10:08.487379	2025-07-06 20:10:08.487379
177	2024-01-17	2	TEF BANCOESTADO DE POZO JIMENEZ DIE	2000	1	2024	1	360	2025-07-06 20:10:08.496044	2025-07-06 20:10:08.496044
178	2024-01-22	2	TEF DE DE BORGUIE CABRERA PATRICIA	8000	1	2024	1	360	2025-07-06 20:10:08.503789	2025-07-06 20:10:08.503789
179	2024-01-23	2	TEF BANCOESTADO DE GONZALEZ SEGOVIA	2000	1	2024	1	360	2025-07-06 20:10:08.512527	2025-07-06 20:10:08.512527
180	2024-01-23	2	TEF DE TORRES SOTO MARCELA DE LAS N	2000	1	2024	1	360	2025-07-06 20:10:08.521059	2025-07-06 20:10:08.521059
181	2024-01-23	2	TEF BANCOESTADO DE AGUAYO SALAZAR P	2000	1	2024	1	360	2025-07-06 20:10:08.529726	2025-07-06 20:10:08.529726
182	2024-02-14	2	TEF DE CASANOVA BRITO MAURICIO VLAD	2000	2	2024	1	360	2025-07-06 20:10:08.614722	2025-07-06 20:10:08.614722
183	2024-02-23	2	TEF BANCOESTADO DE PULIDO INFANTE N	2000	2	2024	1	360	2025-07-06 20:10:08.671344	2025-07-06 20:10:08.671344
185	2024-03-13	2	TEF DE DE RUT 77496326-K	2000	3	2024	1	360	2025-07-06 20:10:08.743587	2025-07-06 20:10:08.743587
186	2024-03-15	2	TEF DE BAEZA DIAZ PATRICIA ANGELICA	2000	3	2024	1	360	2025-07-06 20:10:08.756999	2025-07-06 20:10:08.756999
187	2024-03-19	2	TEF BANCOESTADO DE ANGULO TRIVINO R	2000	3	2024	1	360	2025-07-06 20:10:08.765019	2025-07-06 20:10:08.765019
188	2024-03-21	2	TEF BANCOESTADO DE ANGULO TRIVINO R	2000	3	2024	1	360	2025-07-06 20:10:08.775785	2025-07-06 20:10:08.775785
189	2024-03-27	2	TEF DE POBLETE GARCES CATALINA IGNA	2000	3	2024	1	360	2025-07-06 20:10:08.783542	2025-07-06 20:10:08.783542
190	2024-03-27	2	TEF BANCOESTADO DE GONZALEZ COLINA	4000	3	2024	1	360	2025-07-06 20:10:08.793222	2025-07-06 20:10:08.793222
191	2024-04-02	2	TEF BANCOESTADO DE PINCHEIRA ALEGRI	2000	4	2024	1	360	2025-07-06 20:10:08.804308	2025-07-06 20:10:08.804308
192	2024-04-04	2	TEF BANCOESTADO DE GODOY INOSTROZA	2000	4	2024	1	360	2025-07-06 20:10:08.813208	2025-07-06 20:10:08.813208
193	2024-04-16	2	TEF DE DE RUT 19893157-8	2000	4	2024	1	360	2025-07-06 20:10:08.821058	2025-07-06 20:10:08.821058
194	2024-04-17	2	DEPOSITO CON DOCUMENTOS	24000	4	2024	1	360	2025-07-06 20:10:08.830274	2025-07-06 20:10:08.830274
195	2024-04-29	2	TEF DE RIVERA CRISOSTOMO ANDREA ELI	2000	4	2024	1	360	2025-07-06 20:10:08.841917	2025-07-06 20:10:08.841917
196	2024-05-02	2	TEF BANCOESTADO DE SEPULVEDA HIDALG	2000	5	2024	1	360	2025-07-06 20:10:08.850239	2025-07-06 20:10:08.850239
153	2024-05-08	2	TEF BANCOESTADO DE ANABALON QUIROZ ROSANA	2000	5	2024	1	187	2025-07-06 20:10:08.300007	2025-11-07 02:05:38.834396
142	2024-04-26	2	TEF DE LABARCA LAGOS MONICA DEL CAR	2000	4	2024	1	80	2025-07-06 20:10:08.208645	2025-11-24 17:10:17.077994
158	2024-11-25	2	TEF DE ACEVEDO TORRES NICOLAS ESTEB	4000	11	2024	1	154	2025-07-06 20:10:08.343578	2025-07-31 23:29:11.21455
154	2024-05-08	2	TEF BANCOESTADO DE ANABALON QUIROZ ROSANA	2000	5	2024	1	187	2025-07-06 20:10:08.31119	2025-11-07 02:05:55.509892
184	2024-03-01	4	ABONO PAGO A PROVEEDORES	5000000	3	2024	1	361	2025-07-06 20:10:08.724458	2025-07-06 20:10:08.724458
197	2024-05-08	2	TEF DE LOPEZ CHIRINOS JOEL JOSE	2000	5	2024	1	360	2025-07-06 20:10:08.859847	2025-07-06 20:10:08.859847
198	2024-05-08	2	TEF DE LOPEZ CHIRINOS JOEL JOSE	2000	5	2024	1	360	2025-07-06 20:10:08.868954	2025-07-06 20:10:08.868954
199	2024-05-09	2	TEF BANCOESTADO DE NAVARRETE MUNOZ	2000	5	2024	1	360	2025-07-06 20:10:08.878803	2025-07-06 20:10:08.878803
200	2024-05-09	2	TEF BANCOESTADO DE NAVARRETE MUNOZ	2000	5	2024	1	360	2025-07-06 20:10:08.88822	2025-07-06 20:10:08.88822
201	2024-05-16	2	TEF DE KRIES SAAVEDRA ANA ESTER	2000	5	2024	1	360	2025-07-06 20:10:08.89866	2025-07-06 20:10:08.89866
202	2024-05-24	2	TEF BANCOESTADO DE MASANA ULLOA SAR	2000	5	2024	1	360	2025-07-06 20:10:08.908631	2025-07-06 20:10:08.908631
203	2024-05-28	2	DEPOSITO EN EFECTIVO CRC: 1394DF06	48000	5	2024	1	360	2025-07-06 20:10:08.91772	2025-07-06 20:10:08.91772
204	2024-05-29	2	TEF BANCOESTADO DE ZAMORANO ARAVENA	2000	5	2024	1	360	2025-07-06 20:10:08.92601	2025-07-06 20:10:08.92601
206	2024-06-03	2	TEF DE BENEVENTI DUCOMMUN ANTONELLA	24000	6	2024	1	360	2025-07-06 20:10:08.942995	2025-07-06 20:10:08.942995
207	2024-06-06	2	TEF BANCOESTADO DE MORA LARA ROBERT	2000	6	2024	1	360	2025-07-06 20:10:08.954336	2025-07-06 20:10:08.954336
208	2024-06-17	2	TEF BANCOESTADO DE LILLO CONTRERAS	2000	6	2024	1	360	2025-07-06 20:10:08.963636	2025-07-06 20:10:08.963636
209	2024-06-17	2	TEF BANCOESTADO DE LILLO CONTRERAS	4000	6	2024	1	360	2025-07-06 20:10:08.973703	2025-07-06 20:10:08.973703
210	2024-06-18	2	TEF DE MUNOZ ALARCON XIMENA DEL CAR	4000	6	2024	1	360	2025-07-06 20:10:08.983358	2025-07-06 20:10:08.983358
211	2024-07-02	2	TEF BANCOESTADO DE RIQUELME GALLEGO	2000	7	2024	1	360	2025-07-06 20:10:08.991749	2025-07-06 20:10:08.991749
212	2024-07-05	2	TEF DE DE RUT 18413684-8	2000	7	2024	1	360	2025-07-06 20:10:09.001906	2025-07-06 20:10:09.001906
213	2024-07-08	2	TEF BANCOESTADO DE LEIVA IGLESIAS A	2000	7	2024	1	360	2025-07-06 20:10:09.011152	2025-07-06 20:10:09.011152
214	2024-07-09	2	TEF BANCOESTADO DE CARRILLO ROMERO	2000	7	2024	1	360	2025-07-06 20:10:09.021383	2025-07-06 20:10:09.021383
215	2024-07-12	2	TEF BANCOESTADO DE CAMPOS BERNALES	4000	7	2024	1	360	2025-07-06 20:10:09.029811	2025-07-06 20:10:09.029811
216	2024-07-26	2	TEF DE CONCHA QUEZADA IVETT DEL ROS	2000	7	2024	1	360	2025-07-06 20:10:09.038534	2025-07-06 20:10:09.038534
217	2024-07-26	2	TEF BANCOESTADO DE KUNCAR GODOY CAR	2000	7	2024	1	360	2025-07-06 20:10:09.047266	2025-07-06 20:10:09.047266
218	2024-07-29	2	TEF BANCOESTADO DE HERNANDEZ CAMPOS	2000	7	2024	1	360	2025-07-06 20:10:09.058318	2025-07-06 20:10:09.058318
219	2024-08-07	2	TEF BANCOESTADO DE ROMERO RIOSECO I	2000	8	2024	1	360	2025-07-06 20:10:09.068287	2025-07-06 20:10:09.068287
220	2024-08-08	2	TEF BANCOESTADO DE GARCES TRONCOSO	2000	8	2024	1	360	2025-07-06 20:10:09.078811	2025-07-06 20:10:09.078811
221	2024-08-09	2	TEF BANCOESTADO DE DIAZ CASTRO SEBA	2000	8	2024	1	360	2025-07-06 20:10:09.089124	2025-07-06 20:10:09.089124
222	2024-08-13	2	TEF BANCOESTADO DE SOLIS HUENCHULEO	2000	8	2024	1	360	2025-07-06 20:10:09.098683	2025-07-06 20:10:09.098683
223	2024-08-14	2	TEF BANCOESTADO DE CASTRO GONZALEZ	2000	8	2024	1	360	2025-07-06 20:10:09.109097	2025-07-06 20:10:09.109097
224	2024-08-20	2	TEF BANCOESTADO DE CORRO BARRETO JE	2000	8	2024	1	360	2025-07-06 20:10:09.119138	2025-07-06 20:10:09.119138
225	2024-08-21	2	TEF BANCOESTADO DE BASCUR CABRERA E	2000	8	2024	1	360	2025-07-06 20:10:09.129047	2025-07-06 20:10:09.129047
226	2024-08-22	2	TEF BANCOESTADO DE GONZALEZ IBANEZ	2000	8	2024	1	360	2025-07-06 20:10:09.137966	2025-07-06 20:10:09.137966
227	2024-08-30	2	TEF BANCOESTADO DE SAEZ JANA JAIME	2000	8	2024	1	360	2025-07-06 20:10:09.146792	2025-07-06 20:10:09.146792
228	2024-09-05	2	TEF BANCOESTADO DE PEREZ NAVARRO GE	2000	9	2024	1	360	2025-07-06 20:10:09.154984	2025-07-06 20:10:09.154984
229	2024-09-05	2	TEF BANCOESTADO DE CABA ZARATE BARB	2000	9	2024	1	360	2025-07-06 20:10:09.164968	2025-07-06 20:10:09.164968
230	2024-09-11	2	TEF DE RIVAS SEPULVEDA JOSE TOMAS	4000	9	2024	1	360	2025-07-06 20:10:09.177242	2025-07-06 20:10:09.177242
231	2024-09-13	2	TEF BANCOESTADO DE GONZALEZ SEGOVIA	2000	9	2024	1	360	2025-07-06 20:10:09.186608	2025-07-06 20:10:09.186608
232	2024-09-16	2	TEF DE ZAPATA POZO CATALINA VICTORI	2000	9	2024	1	360	2025-07-06 20:10:09.196356	2025-07-06 20:10:09.196356
233	2024-09-27	2	TEF DE GUTIERREZ CARRILLO ALEJANDRA	4000	9	2024	1	360	2025-07-06 20:10:09.206466	2025-07-06 20:10:09.206466
234	2024-10-01	2	TEF BANCOESTADO DE HENRIQUEZ TORRES	4000	10	2024	1	360	2025-07-06 20:10:09.215854	2025-07-06 20:10:09.215854
235	2024-10-02	2	TEF DE PEREZ CARO AMERICA DEL CARME	2000	10	2024	1	360	2025-07-06 20:10:09.224774	2025-07-06 20:10:09.224774
236	2024-10-02	2	TEF BANCOESTADO DE SOLIS HUENCHULEO	2000	10	2024	1	360	2025-07-06 20:10:09.234687	2025-07-06 20:10:09.234687
237	2024-10-02	2	TEF BANCOESTADO DE RUZ AMIGO VICENT	2000	10	2024	1	360	2025-07-06 20:10:09.244565	2025-07-06 20:10:09.244565
238	2024-10-04	2	TEF DE HAEGER SCHEFER CARLOS A	4000	10	2024	1	360	2025-07-06 20:10:09.253257	2025-07-06 20:10:09.253257
239	2024-10-07	2	TEF BANCOESTADO DE GARRIDO FERREIRA	2000	10	2024	1	360	2025-07-06 20:10:09.261477	2025-07-06 20:10:09.261477
240	2024-10-09	2	TEF BANCOESTADO DE SAEZ MENA MARION	2000	10	2024	1	360	2025-07-06 20:10:09.270315	2025-07-06 20:10:09.270315
241	2024-10-15	2	TEF DE COFRE PEREIRA FRANCISCA LORE	4000	10	2024	1	360	2025-07-06 20:10:09.283104	2025-07-06 20:10:09.283104
242	2024-10-16	2	TEF DE DELPIN NICKEL JOSEFA CONSTAN	4000	10	2024	1	360	2025-07-06 20:10:09.292925	2025-07-06 20:10:09.292925
243	2024-10-23	2	TEF DE ARNABOLDI TIMA FLORENCIA ROS	2000	10	2024	1	360	2025-07-06 20:10:09.303393	2025-07-06 20:10:09.303393
244	2024-10-29	2	TEF DE ARDILES VELASQUEZ NOVECHKA S	2000	10	2024	1	360	2025-07-06 20:10:09.313524	2025-07-06 20:10:09.313524
245	2024-11-06	2	TEF DE LUMAN PEREIRA JEANNETTE ALEJ	4000	11	2024	1	360	2025-07-06 20:10:09.322686	2025-07-06 20:10:09.322686
246	2024-11-07	2	TEF DE MADRID CORTES CAMILA ANDREA	2000	11	2024	1	360	2025-07-06 20:10:09.333007	2025-07-06 20:10:09.333007
247	2024-11-07	2	TEF BANCOESTADO DE GONZALEZ MONCADA	2000	11	2024	1	360	2025-07-06 20:10:09.343	2025-07-06 20:10:09.343
248	2024-11-18	2	TEF DE HERRERA GARCIA CARLOS ANDRES	2000	11	2024	1	360	2025-07-06 20:10:09.353845	2025-07-06 20:10:09.353845
249	2024-11-18	2	TEF BANCOESTADO DE FUENTEALBA GACIT	2000	11	2024	1	360	2025-07-06 20:10:09.362389	2025-07-06 20:10:09.362389
250	2024-11-29	2	TEF BANCOESTADO DE ESPINOZA HERNAND	6000	11	2024	1	360	2025-07-06 20:10:09.371452	2025-07-06 20:10:09.371452
251	2024-12-02	2	TEF DE BARRALES BUSTOS PAULA ANGELI	2000	12	2024	1	360	2025-07-06 20:10:09.379782	2025-07-06 20:10:09.379782
252	2024-12-02	2	TEF BANCOESTADO DE BONILLA CONCHA C	2000	12	2024	1	360	2025-07-06 20:10:09.388771	2025-07-06 20:10:09.388771
253	2024-12-11	2	TEF BANCOESTADO DE VARELA CHAPARRO	2000	12	2024	1	360	2025-07-06 20:10:09.401137	2025-07-06 20:10:09.401137
254	2024-12-12	2	TEF BANCOESTADO DE ORELLANA MANRIQU	2000	12	2024	1	360	2025-07-06 20:10:09.411668	2025-07-06 20:10:09.411668
255	2024-12-13	2	TEF DE GUTIERREZ INOSTROZA ESTEFANI	2000	12	2024	1	360	2025-07-06 20:10:09.42197	2025-07-06 20:10:09.42197
256	2024-12-17	2	TEF DE CARVAJAL CANCINO MIGUEL ANGE	2000	12	2024	1	360	2025-07-06 20:10:09.432225	2025-07-06 20:10:09.432225
257	2024-12-18	2	TEF DE RECABARREN MARDONEZ NATALY D	4000	12	2024	1	360	2025-07-06 20:10:09.443388	2025-07-06 20:10:09.443388
258	2024-12-27	2	TEF DE VALENZUELA MORENO ANA MARIA	4000	12	2024	1	360	2025-07-06 20:10:09.451804	2025-07-06 20:10:09.451804
259	2025-02-11	2	TEF BANCOESTADO DE SANCHEZ SANCHEZ	2000	2	2025	1	11	2025-07-06 20:11:47.233848	2025-07-06 20:11:47.233848
260	2025-01-27	2	TEF BANCOESTADO DE CHAMBLAS NAVARRE	4000	1	2025	1	16	2025-07-06 20:11:47.242185	2025-07-06 20:11:47.242185
262	2025-05-26	2	TEF BANCOESTADO DE GARCIA ARANEDA C	2000	5	2025	1	25	2025-07-06 20:11:47.258094	2025-07-06 20:11:47.258094
205	2024-06-03	4	DEPOSITO CON DOCUMENTOS	500000	6	2024	1	361	2025-07-06 20:10:08.934305	2025-07-06 20:10:08.934305
263	2025-01-08	2	TEF DE CABRERA CROT VERONICA ANDREA	2000	1	2025	1	26	2025-07-06 20:11:47.268487	2025-07-06 20:11:47.268487
264	2025-01-22	2	TEF DE INOSTROZA CASTILLO JAVIER IG	4000	1	2025	1	64	2025-07-06 20:11:47.277279	2025-07-06 20:11:47.277279
265	2025-03-10	2	TEF DE LABARCA LAGOS MONICA DEL CAR	2000	3	2025	1	80	2025-07-06 20:11:47.285772	2025-07-06 20:11:47.285772
266	2025-03-10	2	TEF DE LABARCA LAGOS MONICA DEL CAR	2000	3	2025	1	80	2025-07-06 20:11:47.294941	2025-07-06 20:11:47.294941
272	2025-03-18	2	TEF DE VASQUEZ SANCHEZ SONIA ANGELI	2000	3	2025	1	284	2025-07-06 20:11:47.341906	2025-07-06 20:11:47.341906
273	2025-04-29	2	TEF BANCOESTADO DE LEPE ORTIZ YAZNA	2000	4	2025	1	286	2025-07-06 20:11:47.348899	2025-07-06 20:11:47.348899
274	2025-05-27	2	TEF BANCOESTADO DE CARDENAS HERNAND	2000	5	2025	1	317	2025-07-06 20:11:47.357934	2025-07-06 20:11:47.357934
275	2025-01-20	2	TEF DE SANTANA GACITUA CARLOS RICAR	2000	1	2025	1	321	2025-07-06 20:11:47.36589	2025-07-06 20:11:47.36589
276	2025-02-06	2	TEF BANCOESTADO DE ANI LEIVA JANNET	4000	2	2025	1	335	2025-07-06 20:11:47.37321	2025-07-06 20:11:47.37321
277	2025-01-20	2	TEF DE AGUAYO RODRIGUEZ EDUARDO OSV	4000	1	2025	1	360	2025-07-06 20:11:47.380633	2025-07-06 20:11:47.380633
278	2025-01-23	2	TEF DE MERINO MORALES VICENTE JOAQU	2000	1	2025	1	360	2025-07-06 20:11:47.388567	2025-07-06 20:11:47.388567
279	2025-01-28	2	TEF DE GUTIERREZ CARRILLO ALEJANDRA	2000	1	2025	1	360	2025-07-06 20:11:47.396458	2025-07-06 20:11:47.396458
280	2025-01-28	2	TEF DE GUTIERREZ CARRILLO ALEJANDRA	2000	1	2025	1	360	2025-07-06 20:11:47.404792	2025-07-06 20:11:47.404792
281	2025-01-31	2	TEF DE ALEJO ALEJO NAYLET ANDREINA	2000	1	2025	1	360	2025-07-06 20:11:47.411377	2025-07-06 20:11:47.411377
282	2025-02-04	2	TEF DE MORA MUNOZ JUAN ROBERTO	2000	2	2025	1	360	2025-07-06 20:11:47.418044	2025-07-06 20:11:47.418044
283	2025-02-05	2	TEF DE VICTORIANO FICA BELEN DAMARI	2000	2	2025	1	360	2025-07-06 20:11:47.425133	2025-07-06 20:11:47.425133
284	2025-02-05	2	TEF DE VICTORIANO FICA BELEN DAMARI	2000	2	2025	1	360	2025-07-06 20:11:47.434479	2025-07-06 20:11:47.434479
285	2025-02-05	2	TEF DE SUAREZ CALDERA JONATHAN MIGU	6000	2	2025	1	360	2025-07-06 20:11:47.44152	2025-07-06 20:11:47.44152
286	2025-02-11	2	TEF BANCOESTADO DE ARAVENA VALDES E	2000	2	2025	1	360	2025-07-06 20:11:47.449192	2025-07-06 20:11:47.449192
287	2025-02-14	2	TEF BANCOESTADO DE CARRASCO AVACA M	2000	2	2025	1	360	2025-07-06 20:11:47.456785	2025-07-06 20:11:47.456785
288	2025-02-21	2	TEF DE ZAPATA POZO CATALINA VICTORI	2000	2	2025	1	360	2025-07-06 20:11:47.464366	2025-07-06 20:11:47.464366
289	2025-02-25	2	TEF BANCOESTADO DE LARA INZUNZA MAR	2000	2	2025	1	360	2025-07-06 20:11:47.47204	2025-07-06 20:11:47.47204
290	2025-02-28	2	TEF DE ROMERO PINO CONSTANZA JAVIER	2000	2	2025	1	360	2025-07-06 20:11:47.478975	2025-07-06 20:11:47.478975
291	2025-03-06	2	DEVOLUCION TRANSF MANDATO CLIENTE	4000	3	2025	1	360	2025-07-06 20:11:47.486969	2025-07-06 20:11:47.486969
292	2025-03-19	2	TEF DE PARADA VILLABLANCA CAROLINA	2000	3	2025	1	360	2025-07-06 20:11:47.493853	2025-07-06 20:11:47.493853
293	2025-03-20	2	TEF BANCOESTADO DE VILLARROEL FUENT	2000	3	2025	1	360	2025-07-06 20:11:47.501162	2025-07-06 20:11:47.501162
294	2025-03-21	2	TEF DE GODOY RIVAS BELEN BIZETH	2000	3	2025	1	360	2025-07-06 20:11:47.507778	2025-07-06 20:11:47.507778
295	2025-03-21	2	TEF BANCOESTADO DE DIAZ VELASQUEZ H	2000	3	2025	1	360	2025-07-06 20:11:47.516954	2025-07-06 20:11:47.516954
296	2025-03-25	2	TEF DE RODRIGUEZ BUSTOS HERNAN EDGA	4000	3	2025	1	360	2025-07-06 20:11:47.523918	2025-07-06 20:11:47.523918
297	2025-03-26	2	TEF DE MARTINEZ CARVAJAL MARCELA IR	2000	3	2025	1	360	2025-07-06 20:11:47.532268	2025-07-06 20:11:47.532268
298	2025-03-27	2	TEF DE ROJAS ULLOA AMARILIS FRANCIS	2000	3	2025	1	360	2025-07-06 20:11:47.539823	2025-07-06 20:11:47.539823
299	2025-03-28	2	TEF DE RIVAS ULLOA LUIS ESTEBAN	2000	3	2025	1	360	2025-07-06 20:11:47.547734	2025-07-06 20:11:47.547734
300	2025-04-01	2	TEF DE CASTRO SANDOVAL EDUARDO NAVO	2000	4	2025	1	360	2025-07-06 20:11:47.554707	2025-07-06 20:11:47.554707
301	2025-04-02	2	TEF DE CID BRAVO DANIELA ALEJANDRA	2000	4	2025	1	360	2025-07-06 20:11:47.562586	2025-07-06 20:11:47.562586
302	2025-04-03	2	TEF DE FERNANDEZ PEREZ CONSTANZA AN	2000	4	2025	1	360	2025-07-06 20:11:47.569858	2025-07-06 20:11:47.569858
303	2025-04-09	2	TEF DE ALTAMIRANO SALAMANCA RODRIGO	2000	4	2025	1	360	2025-07-06 20:11:47.576652	2025-07-06 20:11:47.576652
304	2025-04-16	2	TEF DE MELIPIL IGAYMAN GLORIA DEL C	2000	4	2025	1	360	2025-07-06 20:11:47.583962	2025-07-06 20:11:47.583962
305	2025-04-17	2	TEF BANCOESTADO DE MERCADO SANHUEZA	2000	4	2025	1	360	2025-07-06 20:11:47.590739	2025-07-06 20:11:47.590739
306	2025-04-28	2	TEF BANCOESTADO DE CAMPERO ROSSO FE	2000	4	2025	1	360	2025-07-06 20:11:47.600291	2025-07-06 20:11:47.600291
307	2025-04-29	2	TEF DE GUTIERREZ CARRILLO ALEJANDRA	6000	4	2025	1	360	2025-07-06 20:11:47.608648	2025-07-06 20:11:47.608648
309	2025-05-12	2	TEF DE CASTILLO EYDE LESLIE ETELVIN	2000	5	2025	1	360	2025-07-06 20:11:47.624252	2025-07-06 20:11:47.624252
310	2025-05-14	2	TEF BANCOESTADO DE BUSTOS RIQUELME	2000	5	2025	1	360	2025-07-06 20:11:47.632302	2025-07-06 20:11:47.632302
311	2025-06-04	2	TEF DE ESPINOZA SAEZ ESCARLI ESTEFA	2000	6	2025	1	360	2025-07-06 20:11:47.639522	2025-07-06 20:11:47.639522
312	2025-06-06	2	TEF DE URRA MORAGA FRANCISCA NICOLE	2000	6	2025	1	360	2025-07-06 20:11:47.647314	2025-07-06 20:11:47.647314
313	2025-06-16	2	TEF DE ZAROR GERMANY ALBERTO ELIAS	2000	6	2025	1	360	2025-07-06 20:11:47.65396	2025-07-06 20:11:47.65396
314	2025-06-30	2	TEF BANCOESTADO DE FUENTES HERMOSIL	4000	6	2025	1	360	2025-07-06 20:11:47.661733	2025-07-06 20:11:47.661733
269	2025-01-02	1	TEF BANCOESTADO DE ANABALON QUIROZ ROSANA - 12 cuotas: ENE/2024 a DIC/2024	24000	1	2025	1	187	2025-07-06 20:11:47.319946	2025-12-01 19:31:34.441003
271	2025-05-09	1	TEF BANCOESTADO DE VENEGAS JOFRE CL - 24 cuotas: JUN/2022 a MAY/2024	48000	5	2025	1	224	2025-07-06 20:11:47.334837	2025-12-01 19:31:34.968981
316	2025-07-17	2	TEF BANCO ESTADO MORENO NAIL GERARDO 	2000	7	2025	1	364	2025-07-16 22:09:57.002433	2025-07-17 00:01:36.738607
318	2025-07-17	2	TRANSFERENCIA DE ROMERO FERNANDEZ P	2000	7	2025	1	363	2025-07-17 00:07:45.519682	2025-07-17 00:08:38.553856
308	2025-04-30	2	DEPOSITO CON DOCUMENTOS	24000	4	2025	1	360	2025-07-06 20:11:47.616185	2025-10-23 21:02:48.527196
325	2025-10-08	1	TEF DE PINTO SUAZO VICTOR ANDRES - 12 cuotas: DIC/2023 a NOV/2024	24000	10	2025	1	274	2025-10-15 15:52:27.765838	2025-12-01 19:31:34.648621
14	2023-11-27	1	TEF DE LASAGNA LABBE SILVANA ANGELI - 10 cuotas: NOV/2022 a AGO/2023	20000	11	2023	1	31	2025-07-06 16:36:00.941415	2025-12-01 19:31:34.312648
15	2023-03-02	1	TEF DE OLAVARRIA BENNETT SONIA ELIZ - 13 cuotas: JUN/2022 a JUN/2023	26000	3	2023	1	40	2025-07-06 16:36:00.951172	2025-12-01 19:31:34.338958
24	2023-11-22	1	TEF DE LABARCA LAGOS MONICA DEL CAR - 10 cuotas: JUN/2022 a MAR/2023	20000	11	2023	1	80	2025-07-06 16:36:01.031832	2025-12-01 19:31:34.479151
326	2025-07-11	2	TEF BANCOESTADO DE GONZALEZ FIGUERO	2000	7	2025	1	360	2025-10-23 18:59:28.110241	2025-10-23 18:59:28.110241
327	2025-07-14	2	DEPOSITO EN EFECTIVO CRC: C0C97280	2000	7	2025	1	360	2025-10-23 18:59:28.123373	2025-10-23 18:59:28.123373
328	2025-07-14	2	DEPOSITO EN EFECTIVO CRC: B326C667	2000	7	2025	1	360	2025-10-23 18:59:28.145785	2025-10-23 18:59:28.145785
329	2025-07-14	2	DEPOSITO EN EFECTIVO CRC: 786342E1	2000	7	2025	1	360	2025-10-23 18:59:28.153996	2025-10-23 18:59:28.153996
330	2025-07-17	2	TEF DE TORRES SOTO MARCELA DE LAS N	4000	7	2025	1	360	2025-10-23 18:59:28.162651	2025-10-23 18:59:28.162651
331	2025-07-17	2	TEF DE BASUALTO MORALES IGNACIO MAU	2000	7	2025	1	360	2025-10-23 18:59:28.17062	2025-10-23 18:59:28.17062
332	2025-07-21	2	TEF DE CUENTA JUNTA DE VECINOS BARR	2000	7	2025	1	360	2025-10-23 18:59:28.180094	2025-10-23 18:59:28.180094
333	2025-07-21	2	TEF DE CUENTA JUNTA DE VECINOS BARR	2000	7	2025	1	360	2025-10-23 18:59:28.187836	2025-10-23 18:59:28.187836
34	2023-03-07	1	TEF DE SALAZAR GARRETON CAMILO FERN - 10 cuotas: JUN/2022 a MAR/2023	20000	3	2023	1	108	2025-07-06 16:36:01.112082	2025-12-01 19:31:34.612918
35	2023-03-22	1	TEF DE SALAZAR GARRETON CAMILO FERN - 8 cuotas: ABR/2023 a NOV/2023	16000	3	2023	1	108	2025-07-06 16:36:01.120122	2025-12-01 19:31:34.619174
447	2025-11-17	2	TEF DE  ALMEIDA ULLOA ALEXANDRA ANGE - CR 328	2000	11	2025	1	360	2025-11-17 19:17:56.324049	2025-11-18 11:30:12.085074
37	2023-07-17	1	TEF DE HILLERNS ROJAS GABRIELA PATR - 12 cuotas: JUN/2022 a MAY/2023	24000	7	2023	1	117	2025-07-06 16:36:01.135327	2025-12-01 19:31:34.675037
51	2023-05-12	1	TEF BANCOESTADO DE CONCHA MUNOZ CEC - 2 cuotas: JUN/2022 a JUL/2022	4000	5	2023	1	183	2025-07-06 16:36:01.248302	2025-12-01 19:31:34.748622
448	2025-11-17	2	TEF DE CABRERA VEGA MARTA - CR 329	2000	11	2025	1	360	2025-11-17 19:21:28.788134	2025-11-19 11:12:38.177342
449	2025-11-17	2	TEF DE HENRIQUEZ PARRA DARLYNG YASN - CR 331	2000	11	2025	1	360	2025-11-17 19:22:04.91373	2025-11-19 11:12:53.102215
54	2023-11-06	1	TEF BANCOESTADO DE CONCHA MUNOZ CEC - 2 cuotas: DIC/2022 a ENE/2023	4000	11	2023	1	183	2025-07-06 16:36:01.27069	2025-12-01 19:31:34.765428
55	2023-12-04	1	TEF BANCOESTADO DE CONCHA MUNOZ CEC - 2 cuotas: FEB/2023 a MAR/2023	4000	12	2023	1	183	2025-07-06 16:36:01.278231	2025-12-01 19:31:34.771198
63	2023-03-06	1	TEF DE ACEVEDO TORRES NICOLAS ESTEB - 12 cuotas: JUN/2022 a MAY/2023	24000	3	2023	1	154	2025-07-06 16:36:01.345346	2025-12-01 19:31:34.797512
45	2023-01-23	1	TEF BANCOESTADO DE GUAJARDO YANEZ M - 10 cuotas: JUN/2022 a MAR/2023	20000	1	2023	1	182	2025-07-06 16:36:01.199047	2025-12-01 19:31:34.841458
49	2023-07-12	1	TEF BANCOESTADO DE GUAJARDO YANEZ M - 6 cuotas: JUL/2023 a DIC/2023	12000	7	2023	1	182	2025-07-06 16:36:01.230938	2025-12-01 19:31:34.852345
374	2025-07-23	2	TEF DE SANZANA MUNOZ GABRIELA ALEJA	6000	7	2025	1	358	2025-10-23 18:59:28.476405	2025-10-23 18:59:28.476405
321	2025-08-18	1	TEF BANCOESTADO DE GUAJARDO YANEZ M - 12 cuotas: JUL/2025 a JUN/2026	24000	8	2025	1	182	2025-08-18 04:55:02.778335	2025-12-01 19:31:34.87472
323	2025-10-01	1	TEF DE AGUILERA RETAMAL MAGALI - 6 cuotas: JUN/2025 a NOV/2025	12000	10	2025	1	348	2025-10-01 01:33:16.05376	2025-12-01 19:31:35.212137
324	2025-10-14	1	TEF DE ARAYA MARTINEZ OLIVIA ALEJAN - 3 cuotas: OCT/2025 a DIC/2025	6000	10	2025	1	390	2025-10-15 14:18:32.224124	2025-12-01 19:31:35.329367
25	2023-11-27	1	TEF DE LABARCA LAGOS MONICA DEL CAR - 8 cuotas: ABR/2023 a NOV/2023	16000	11	2023	1	80	2025-07-06 16:36:01.039593	2025-12-01 19:31:34.486147
48	2023-04-18	1	TEF BANCOESTADO DE GUAJARDO YANEZ M - 3 cuotas: ABR/2023 a JUN/2023	5000	4	2023	1	182	2025-07-06 16:36:01.222958	2025-12-02 11:44:43.033837
58	2023-03-31	1	TEF BANCOESTADO DE ANABALON QUIROZ VIVIANA - 6 cuotas: JUN/2022 a NOV/2022	12000	3	2023	1	67	2025-07-06 16:36:01.303461	2025-12-01 19:31:34.428619
59	2023-12-01	1	TEF BANCOESTADO DE ANABALON QUIROZ VIVIANA - 13 cuotas: DIC/2022 a DIC/2023	26000	12	2023	1	67	2025-07-06 16:36:01.311468	2025-12-01 19:31:34.435117
322	2025-09-07	1	TEF DE OCAMPO DEGADO NATASHA CATAL - 24 cuotas: ENE/2024 a DIC/2025	48000	9	2025	1	71	2025-09-07 20:54:19.703316	2025-12-01 19:31:34.466321
39	2023-04-17	1	TEF DE SANTOS FAJARDO ISABEL ESTER - 1 cuotas: ENE/2023 a ENE/2023	2000	4	2023	1	152	2025-07-06 16:36:01.151768	2025-12-01 19:31:34.226006
28	2023-02-27	1	TEF DE PARES LAMAS SARA MARIA CRIST - 12 cuotas: JUN/2022 a MAY/2023	24000	2	2023	1	99	2025-07-06 16:36:01.063642	2025-12-01 19:31:34.552434
11	2023-07-07	1	TEF BANCOESTADO DE GARCIA ARANEDA C - 14 cuotas: JUN/2022 a JUL/2023	28000	6	2022	1	25	2025-07-06 16:36:00.916879	2025-12-01 19:31:34.258205
454	2025-11-20	2	TEF DE PEREZ NAVARRO GERMAN FELIPE - CR	2000	11	2025	1	360	2025-11-20 19:36:51.835033	2025-11-26 19:01:24.970342
12	2023-11-27	1	TEF BANCOESTADO DE GARCIA ARANEDA C - 7 cuotas: AGO/2023 a FEB/2024	14000	11	2023	1	25	2025-07-06 16:36:00.923956	2025-12-01 19:31:34.264387
47	2023-04-18	1	TEF BANCOESTADO DE GUAJARDO YANEZ M - Abono cuota ABR/2023	1000	4	2023	1	182	2025-07-06 16:36:01.215551	2025-11-26 17:58:45.366628
13	2023-03-02	1	TEF DE LASAGNA LABBE SILVANA ANGELI - 5 cuotas: JUN/2022 a OCT/2022	10000	3	2023	1	31	2025-07-06 16:36:00.932866	2025-12-01 19:31:34.305875
19	2023-01-24	1	TEF DE VILLAGRAN FUENTEALBA JUAN JO - 10 cuotas: JUN/2022 a MAR/2023	20000	1	2023	1	41	2025-07-06 16:36:00.984793	2025-12-01 19:31:34.359538
33	2023-10-18	1	TEF DE PARES LAMAS SARA MARIA CRIST - 12 cuotas: JUN/2023 a MAY/2024	24000	10	2023	1	99	2025-07-06 16:36:01.104533	2025-12-01 19:31:34.572689
31	2023-03-09	1	TEF DE PARES LAMAS SARA MARIA CRIST - 12 cuotas: JUN/2022 a MAY/2023	24000	3	2023	1	103	2025-07-06 16:36:01.086159	2025-12-01 19:31:34.590951
36	2023-12-21	1	TEF DE SALAZAR GARRETON CAMILO FERN - 7 cuotas: DIC/2023 a JUN/2024	14000	12	2023	1	108	2025-07-06 16:36:01.127296	2025-12-01 19:31:34.624861
32	2023-10-18	1	TEF DE PARES LAMAS SARA MARIA CRIST - 24 cuotas: JUN/2023 a MAY/2025	48000	10	2023	1	103	2025-07-06 16:36:01.096632	2025-12-01 19:31:34.597387
375	2025-07-23	2	TEF BANCOESTADO DE VELASQUEZ SILVA	10000	7	2025	1	360	2025-10-23 18:59:28.485112	2025-10-23 18:59:28.485112
376	2025-07-30	2	TEF DE JARA RETAMAL CAROLINA ANDREA	6000	7	2025	1	360	2025-10-23 18:59:28.494028	2025-10-23 18:59:28.494028
378	2025-08-01	2	TEF BANCOESTADO DE ALFARO ARRIAGADA	2000	8	2025	1	360	2025-10-23 19:28:10.798187	2025-10-23 19:28:10.798187
445	2025-11-17	1	TRANSFERENCIA DE CISTERNA CABRERA F - 6 cuotas: JUN/2025 a NOV/2025	12000	11	2025	1	350	2025-11-17 15:06:46.431357	2025-12-01 19:31:35.222223
99	2023-04-27	1	TEF DE DE RUT 17617623 - 19 cuotas: JUN/2022 a DIC/2023	38000	4	2023	1	71	2025-07-06 16:36:01.645584	2025-12-01 19:31:34.45988
61	2023-02-27	1	TEF DE RAMIREZ CARVAJAL LUIS ARTURO - 11 cuotas: FEB/2023 a DIC/2023	22000	2	2023	1	190	2025-07-06 16:36:01.326381	2025-12-01 19:31:34.900475
398	2025-09-08	2	TEF DE CARO ULLOA FELIPE ROBERTO	2000	9	2025	1	360	2025-10-23 19:56:58.052142	2025-10-23 19:56:58.052142
399	2025-09-09	2	TEF DE ZUNIGA KUNCAR ISIDORA BELEN	2000	9	2025	1	360	2025-10-23 19:56:58.061879	2025-10-23 19:56:58.061879
400	2025-09-09	2	TEF BANCOESTADO DE ARANEDA BRITO MI	4000	9	2025	1	360	2025-10-23 19:56:58.070172	2025-10-23 19:56:58.070172
401	2025-09-09	2	DEVOLUCION TRANSF MANDATO CLIENTE	2000	9	2025	1	360	2025-10-23 19:56:58.077161	2025-10-23 19:56:58.077161
403	2025-09-15	2	TEF DE GALARCE LIRA JOAQUIN ALEJAND	2000	9	2025	1	360	2025-10-23 20:00:10.785312	2025-10-23 20:00:10.785312
404	2025-09-15	2	TEF BANCOESTADO DE MARTINEZ BUSTOS	2000	9	2025	1	360	2025-10-23 20:00:10.794546	2025-10-23 20:00:10.794546
405	2025-09-17	2	TEF DE CASANOVA BRITO MAURICIO VLAD	2000	9	2025	1	360	2025-10-23 20:00:10.803357	2025-10-23 20:00:10.803357
407	2025-09-23	2	TEF BANCOESTADO DE AEDO FIERRO PEDR	2000	9	2025	1	360	2025-10-23 20:00:10.820301	2025-10-23 20:00:10.820301
410	2025-10-02	2	TEF DE RUBILAR ROJAS JOAQUIN ANDRES	2000	10	2025	1	360	2025-10-23 20:34:42.152704	2025-10-23 20:34:42.152704
411	2025-10-16	2	TEF BANCOESTADO DE ORELLANA FREDES	2000	10	2025	1	360	2025-10-23 20:34:42.163675	2025-10-23 20:34:42.163675
412	2025-10-17	2	TEF DE STANGE BRAVO ISABEL CATALINA	2000	10	2025	1	360	2025-10-23 20:34:42.171391	2025-10-23 20:34:42.171391
380	2025-08-05	2	DEVOLUCION TRANSF MANDATO CLIENTE	2000	8	2025	1	360	2025-10-23 19:28:10.817701	2025-10-23 21:29:03.859567
381	2025-08-06	2	TEF BANCOESTADO DE FREDES AREVALO H	2000	8	2025	1	360	2025-10-23 19:28:10.826594	2025-10-23 21:56:29.309477
427	2025-10-30	2	TEF DE JARA RETAMAL CAROLINA ANDREA - CR 322	2000	10	2025	1	360	2025-10-30 11:45:50.622984	2025-11-24 17:08:11.998633
385	2025-08-12	2	TEF BANCOESTADO DE CAMPOS BERNALES	4000	8	2025	1	360	2025-10-23 19:34:57.651205	2025-10-23 21:57:05.673282
386	2025-08-12	2	TEF DE ITURRIA CAMPANO DANIEL IVAN	2000	8	2025	1	360	2025-10-23 19:34:57.658452	2025-10-23 21:57:25.710265
387	2025-08-18	2	TEF DE LOYOLA ORIAS VERONA SOLEDAD	2000	8	2025	1	360	2025-10-23 19:34:57.667354	2025-10-23 21:57:34.798687
388	2025-08-19	2	TEF DE TORRES SOTO MARCELA DE LAS N	2000	8	2025	1	360	2025-10-23 19:34:57.674709	2025-10-23 21:57:43.911552
389	2025-08-20	2	TEF DE SANZANA DIAZ NICOLAS GABRIEL	2000	8	2025	1	360	2025-10-23 19:34:57.68489	2025-10-23 21:57:54.18492
390	2025-08-21	2	TEF DE JIMENEZ HALABI PATRICIO IVAN	2000	8	2025	1	360	2025-10-23 19:34:57.692657	2025-10-23 21:58:05.501656
391	2025-08-21	2	TRANSFERENCIA FONDOS INTERNET	2000	8	2025	1	360	2025-10-23 19:34:57.701493	2025-10-23 21:58:17.324906
393	2025-08-26	2	TEF BANCOESTADO DE SEPULVEDA PAREDE	4000	8	2025	1	360	2025-10-23 19:34:57.71873	2025-10-23 21:58:27.152534
392	2025-08-26	2	TEF DE RIQUELME CRUCES NELSON ANTON	4000	8	2025	1	360	2025-10-23 19:34:57.708219	2025-10-23 21:58:42.45762
396	2025-08-27	2	TEF BANCOESTADO DE SEPULVEDA HIDALG	2000	8	2025	1	360	2025-10-23 19:34:57.743704	2025-10-23 21:58:51.805258
394	2025-08-27	2	TEF DE BOLIVAR MENDEZ MIGUEL ANTONI	2000	8	2025	1	360	2025-10-23 19:34:57.726689	2025-10-23 21:59:01.027228
395	2025-08-27	2	TEF BANCOESTADO DE SEPULVEDA HIDALG	2000	8	2025	1	360	2025-10-23 19:34:57.735251	2025-10-23 21:59:16.604492
413	2025-10-24	2	TEF DE VENEGAS PICEROS YENY ANDREA	2000	10	2025	1	94	2025-10-25 01:20:46.295196	2025-10-25 01:20:46.295196
94	2023-04-20	2	TEF BANCOESTADO DE FUENTES GAJARDO	2000	4	2023	1	360	2025-07-06 16:36:01.60565	2025-10-26 19:53:13.658638
428	2025-10-30	2	TRANSFERENCIA DE VALLEJOS FLORES CA - CR 323	2000	10	2025	1	360	2025-10-30 22:26:47.829379	2025-11-04 00:57:55.514114
418	2025-10-27	2	TEF DE LASAGNA LABBE SILVANA ANGELI - CR 321 (CARMEN SAN MARTIN NUÑEZ)	2000	10	2025	1	360	2025-10-27 01:25:34.761437	2025-11-04 00:57:27.584727
384	2025-08-11	2	TEF DE VILLARROEL PINO PAULA ANDREA	6000	8	2025	1	251	2025-10-23 19:34:57.642134	2025-11-14 21:49:25.76481
382	2025-08-07	2	TEF DE VILLARROEL PINO PAULA ANDREA	2000	8	2025	1	251	2025-10-23 19:28:10.834196	2025-11-14 21:50:02.246702
397	2025-08-29	4	TEF DE COMUNIDAD EDIFICIO DON DIEGO	60000	8	2025	1	361	2025-10-23 19:34:57.751682	2025-10-23 19:34:57.751682
379	2025-08-01	4	DEPOSITO CON DOCUMENTOS - EDIFICIO LOS JARDINES	150000	8	2025	1	361	2025-10-23 19:28:10.809627	2025-10-23 20:46:44.70049
133	2024-02-23	1	TEF BANCOESTADO DE CARVALLO TOLEDO - 6 cuotas: JUN/2022 a NOV/2022	12000	2	2024	1	18	2025-07-06 20:10:08.119755	2025-12-01 19:31:34.239463
261	2025-05-26	1	TEF BANCOESTADO DE GARCIA ARANEDA C - 15 cuotas: JUL/2024 a SEP/2025	30000	5	2025	1	25	2025-07-06 20:11:47.25015	2025-12-01 19:31:34.287736
432	2025-11-04	1	TEF DE LASAGNA LABBE SILVANA ANGELI para FERNANDEZ ZAVALA LAURA - 5 cuotas: AGO/2025 a DIC/2025	10000	11	2025	1	367	2025-11-04 01:09:36.889692	2025-12-01 19:31:35.2642
434	2025-11-05	1	TEF DE ZAMORA SAEZ JOAQUIN IGNACIO - 3 cuotas: OCT/2025 a DIC/2025	6000	10	2025	1	384	2025-11-12 17:31:10.579853	2025-12-01 19:31:35.309775
441	2025-11-12	5	DEVOLUCION DE CUOTAS SOCIALES PAGADAS EN EXCESO	-10000	11	2025	1	284	2025-11-12 19:27:46.644809	2025-11-17 14:16:37.093758
451	2025-11-18	2	TEF DE LASAGNA LABBE SILVANA ANGELI para RAUL PINTO DELGADO - CR 330	2000	11	2025	1	360	2025-11-18 11:50:27.325378	2025-11-26 19:01:55.299876
435	2025-11-05	2	TEF BANCOESTADO DE AGUILERA LARA VA - CR 324	2000	11	2025	1	360	2025-11-12 17:39:46.682053	2025-11-12 17:39:46.682053
162	2024-03-14	1	TEF DE CRUZ ANSELMI RODRIGO ANTONIO - 4 cuotas: FEB/2023 a MAY/2023	8000	3	2024	1	226	2025-07-06 20:10:08.373788	2025-12-01 19:31:34.984279
459	2025-11-28	2	TEF DE OERDER GAUTRON VERA MURIEL	2000	11	2025	1	360	2025-12-01 19:02:48.212734	2025-12-01 19:03:31.986585
436	2025-11-07	2	TEF BANCOESTADO DE FERNANDEZ AGUILE - CR 325	2000	11	2025	1	360	2025-11-12 17:40:50.836059	2025-11-12 17:47:08.972421
437	2025-11-10	2	TEF DE HENRIQUEZ TELLO MARIA PAZ - CR 326	2000	11	2025	1	360	2025-11-12 17:42:14.242651	2025-11-12 17:47:25.970385
438	2025-11-11	2	TRANSFERENCIA DE CANDIA RODRIGUEZ I - CR 327	2000	11	2025	1	360	2025-11-12 17:42:46.340662	2025-11-12 17:47:43.505664
439	2025-11-11	1	TEF DE JARDIN INFANTIL ENCANTO DE L - 12 cuotas: OCT/2025 a SEP/2026	24000	11	2025	1	395	2025-11-12 17:49:33.137947	2025-12-01 19:31:35.353158
460	2025-11-28	4	TEF DE COMUNIDAD EDIFICIO DON DIEGO	60000	11	2025	1	361	2025-12-01 19:04:52.461281	2025-12-01 19:05:22.888419
440	2025-11-11	1	TEF DE ANCONETANI DELLA TORRE GINO - 12 cuotas: NOV/2025 a OCT/2026	24000	11	2025	1	397	2025-11-12 17:54:18.883421	2025-12-01 19:31:35.365086
461	2025-12-02	1	TEF DE CRUZ ANSELMI RODRIGO ANTONIO - 12 cuotas: JUN/2023 a MAY/2024	24000	12	2025	1	226	2025-12-01 19:14:01.719755	2025-12-01 19:31:34.98986
70	2023-12-13	1	TEF DE VILLARROEL PINO PAULA ANDREA - 19 cuotas: JUN/2022 a DIC/2023	38000	12	2023	1	251	2025-07-06 16:36:01.402766	2025-12-01 19:31:35.038266
71	2023-01-23	1	TEF DE SALGADO VARAS RENATA PAZ - 7 cuotas: JUL/2022 a ENE/2023	14000	1	2023	1	267	2025-07-06 16:36:01.410599	2025-12-01 19:31:35.069781
57	2023-03-03	4	TEF BANCOESTADO DE ANABALON QUIROZ VIVIANA - Aporte Bomberos	5000	3	2023	1	67	2025-07-06 16:36:01.295887	2025-11-07 02:04:40.864134
29	2023-03-02	4	TEF DE PARES LAMAS SARA MARIA CRIST - Aporte brigadistas	10000	3	2023	1	99	2025-07-06 16:36:01.071632	2025-10-22 22:14:19.592401
17	2023-03-03	4	TEF DE OLAVARRIA BENNETT VIOLETA GE - Aporte brigadistas mexicanos	3000	3	2023	1	161	2025-07-06 16:36:00.967505	2025-11-14 22:11:46.80884
9	2023-03-02	4	TEF BANCOESTADO DE CARVALLO TOLEDO - Aporte brigadistas mexicanos	5000	3	2023	1	18	2025-07-06 16:36:00.900195	2025-11-12 01:38:32.020154
20	2023-03-02	4	TEF DE VILLAGRAN FUENTEALBA JUAN JO - Aporte brigadistas mexicanos	3000	3	2023	1	41	2025-07-06 16:36:01.000455	2025-11-14 22:14:56.542079
86	2023-03-02	4	TEF DE DE RUT 17617623-7 - Brigadistas Mexicanos	10000	3	2023	1	71	2025-07-06 16:36:01.540495	2025-07-31 22:23:06.468429
77	2023-03-03	4	TEF DE VASQUEZ SANCHEZ SONIA ANGELI - Aporte a brigadistas mexicanos	3000	3	2023	1	284	2025-07-06 16:36:01.463546	2025-10-29 01:15:13.98902
409	2025-09-29	4	TEF DE COMUNIDAD EDIFICIO DON DIEGO	60000	9	2025	1	361	2025-10-23 20:00:10.838067	2025-10-23 22:00:30.813599
423	2025-10-27	4	DEVOLUCION COMPRA EQUIPO AUDIOMÚSICA	495990	10	2025	1	361	2025-10-28 21:44:55.830685	2025-10-28 21:44:55.830685
424	2025-10-28	4	DEPOSITO CON DOCUMENTOS - MUNICIPALIDAD DE CONCEPCION	500000	10	2025	1	361	2025-10-28 21:45:56.328409	2025-10-30 11:46:57.662135
426	2025-10-30	4	TEF DE COMUNIDAD EDIFICIO DON DIEGO	60000	10	2025	1	361	2025-10-30 11:44:41.540319	2025-10-30 13:56:56.167985
16	2023-03-02	4	TEF DE OLAVARRIA BENNETT SONIA ELIZ - Aporte brigadistas mexicanos	5000	3	2023	1	40	2025-07-06 16:36:00.958549	2025-11-14 13:24:34.124033
72	2023-11-08	1	TEF DE SALGADO VARAS RENATA PAZ - 12 cuotas: FEB/2023 a ENE/2024	24000	11	2023	1	267	2025-07-06 16:36:01.420428	2025-12-01 19:31:35.075894
75	2023-02-27	1	TEF DE VASQUEZ SANCHEZ SONIA ANGELI - 7 cuotas: JUL/2022 a ENE/2023	14000	2	2023	1	284	2025-07-06 16:36:01.447659	2025-12-01 19:31:35.101116
430	2025-11-03	1	TEF DE VASQUEZ SANCHEZ SONIA ANGELI - 30 cuotas: FEB/2023 a JUL/2026 - ($12.000 exceso)	72000	11	2025	1	284	2025-11-04 01:01:43.321606	2025-12-02 10:38:09.2594
138	2024-03-13	1	TEF DE LASAGNA LABBE SILVANA ANGELI - 5 cuotas: SEP/2023 a ENE/2024	10000	3	2024	1	31	2025-07-06 20:10:08.172737	2025-12-01 19:31:34.318703
139	2024-07-18	1	TEF DE OLAVARRIA BENNETT SONIA ELIZ - 12 cuotas: JUL/2024 a JUN/2025	24000	7	2024	1	40	2025-07-06 20:10:08.18214	2025-12-01 19:31:34.350086
433	2025-11-04	1	TEF BANCOESTADO DE ANABALON QUIROZ VIVIANA - 12 cuotas: ENE/2025 a DIC/2025	24000	11	2025	1	67	2025-11-07 02:58:17.959471	2025-12-01 19:31:34.446401
149	2024-04-18	1	TEF BANCOESTADO DE GUAJARDO YANEZ M - 6 cuotas: ENE/2024 a JUN/2024	12000	4	2024	1	182	2025-07-06 20:10:08.270045	2025-12-01 19:31:34.857476
150	2024-08-19	1	TEF BANCOESTADO DE GUAJARDO YANEZ M - 6 cuotas: JUL/2024 a DIC/2024	12000	8	2024	1	182	2025-07-06 20:10:08.278174	2025-12-01 19:31:34.862866
66	2023-01-26	1	TEF DE CRUZ ANSELMI RODRIGO ANTONIO - 8 cuotas: JUN/2022 a ENE/2023	16000	1	2023	1	226	2025-07-06 16:36:01.368622	2025-12-01 19:31:34.978535
453	2025-11-19	1	TEF DE GRANDON ROJAS GONZALO VICTOR - 9 cuotas: ABR/2025 a DIC/2025	18000	11	2025	1	337	2025-11-19 12:31:03.261411	2025-12-01 19:31:35.182609
446	2025-11-18	1	TEF DE LABARCA LAGOS MONICA DEL CAR - 12 cuotas: DIC/2024 a NOV/2025	24000	11	2025	1	80	2025-11-17 18:57:40.658578	2025-12-01 19:31:34.497732
450	2025-11-18	1	TEF DE LABARCA LAGOS MONICA DEL CAR - 1 cuotas: DIC/2025 a DIC/2025	2000	11	2025	1	80	2025-11-18 10:23:16.240768	2025-12-01 19:31:34.503517
406	2025-09-23	1	TEF BANCOESTADO DE AEDO FIERRO PEDR - 24 cuotas: JUN/2022 a MAY/2024	48000	9	2025	1	201	2025-10-23 20:00:10.811134	2025-12-01 19:31:34.514007
383	2025-08-08	1	TEF DE SALAZAR GARRETON CAMILO FERN - 18 cuotas: JUL/2024 a DIC/2025	36000	9	2025	1	108	2025-10-23 19:34:57.633074	2025-12-01 19:31:34.632279
73	2023-08-21	1	TEF DE PINTO SUAZO VICTOR ANDRES - 18 cuotas: JUN/2022 a NOV/2023	36000	8	2023	1	274	2025-07-06 16:36:01.429169	2025-12-01 19:31:34.642276
402	2025-09-10	1	TEF DE BENEVENTI DUCOMMUN ANTONELLA - 12 cuotas: JUN/2022 a MAY/2023	24000	9	2025	1	202	2025-10-23 20:00:10.775171	2025-12-01 19:31:34.936182
419	2025-10-28	1	TEF DE RAMIREZ CARVAJAL LUIS ARTURO para JEANNETTE SAN MARTIN - 42 cuotas: JUN/2022 a NOV/2025	84000	10	2025	1	244	2025-10-28 20:48:52.330034	2025-12-01 19:31:35.018286
429	2025-11-03	1	TEF DE RAMIREZ CARVAJAL LUIS ARTURO p/ JEANNETTE SAN MARTIN - 4 cuotas: DIC/2025 a MAR/2026	8000	11	2025	1	244	2025-11-01 14:44:56.247147	2025-12-01 19:31:35.024109
173	2024-06-05	1	TEF DE SANTANA GACITUA CARLOS RICAR - 14 cuotas: NOV/2022 a DIC/2023	28000	6	2024	1	321	2025-07-06 20:10:08.461142	2025-12-01 19:31:35.151454
415	2025-10-27	1	TEF DE ANTOLA JIMENEZ ANTOLA - 5 cuotas: JUN/2025 a OCT/2025	10000	10	2025	1	353	2025-10-25 01:59:36.063614	2025-12-01 19:31:35.231828
417	2025-10-26	1	TEF DE LOPEZ DIAZ CLAUDIA - 24 cuotas: JUN/2022 a MAY/2024	48000	10	2025	1	115	2025-10-26 12:45:10.992234	2025-12-01 19:31:34.663442
148	2024-06-12	1	TEF DE HILLERNS ROJAS GABRIELA PATR - 24 cuotas: JUN/2023 a MAY/2025	48000	6	2024	1	117	2025-07-06 20:10:08.260677	2025-12-01 19:31:34.68568
315	2025-07-17	1	TEF BANCO SANTANDER MORENO NAIL GERARDO - 1 cuotas: JUL/2025 a JUL/2025	2000	7	2025	1	364	2025-07-16 22:07:41.442164	2025-12-01 19:31:35.251992
414	2025-10-27	1	TEF DE LOYOLA ARIAS VERONA - 5 cuotas: AGO/2025 a DIC/2025	10000	10	2025	1	369	2025-10-25 01:24:36.477532	2025-12-01 19:31:35.274525
408	2025-09-24	1	TEF DE ZAMORA SAEZ JOAQUIN IGNACIO - 1 cuotas: SEP/2025 a SEP/2025	2000	9	2025	1	384	2025-10-23 20:00:10.83067	2025-12-01 19:31:35.304317
416	2025-10-29	1	DEF - 10 cuotas: OCT/2025 a JUL/2026	20000	10	2025	1	393	2025-10-25 18:06:45.845162	2025-12-01 19:31:35.342596
462	2025-12-02	2	TEF DE BELTRAN MARQUEZ XIMENA ISABEL - CR 351	2000	12	2025	1	360	2025-12-02 17:36:34.575869	2025-12-02 17:36:34.575869
463	2025-12-03	2	TEF DE LASAGNA LABBE SILVANA ANGELI p/ HUNTER RETAMAL MARIA DIGNA - CR 352\n	2000	12	2025	1	204	2025-12-02 19:01:47.972304	2025-12-02 19:03:29.124572
421	2025-10-28	1	TEF DE VARELA HORMAZABAL REINALDO A - 12 cuotas: JUN/2022 a MAY/2023	24000	10	2025	1	10	2025-10-28 21:11:47.725774	2025-12-01 19:31:34.191943
1	2022-12-13	1	TEF DE SANTOS FAJARDO ISABEL ESTER - 7 cuotas: JUN/2022 a DIC/2022	14000	6	2022	1	152	2025-07-06 16:35:36.546001	2025-12-01 19:31:34.219726
136	2024-04-23	1	TEF BANCOESTADO DE GARCIA ARANEDA C - 4 cuotas: MAR/2024 a JUN/2024	8000	4	2024	1	25	2025-07-06 20:10:08.153643	2025-12-01 19:31:34.281647
18	2023-10-18	1	TEF DE OLAVARRIA BENNETT SONIA ELIZ - 12 cuotas: JUL/2023 a JUN/2024	24000	10	2023	1	40	2025-07-06 16:36:00.975311	2025-12-01 19:31:34.344312
420	2025-10-28	1	TEF BANCOESTADO DE POPP MELENDEZ ALEX - 20 cuotas: JUN/2022 a ENE/2024	40000	10	2025	1	43	2025-10-28 21:01:51.923052	2025-12-01 19:31:34.370604
377	2025-07-22	1	TEF DE MEDINA CARRASCO MARIO RUBEN - 40 cuotas: JUN/2022 a SEP/2025	80000	7	2025	1	59	2025-10-23 19:07:04.562743	2025-12-01 19:31:34.399958
267	2025-06-25	1	TEF DE LABARCA LAGOS MONICA DEL CAR - 12 cuotas: DIC/2023 a NOV/2024	24000	6	2025	1	80	2025-07-06 20:11:47.302693	2025-12-01 19:31:34.492165
455	2025-11-21	1	TEF DE HILLERNS ROJAS GABRIELA PATR - 10 cuotas: JUN/2025 a MAR/2026	20000	11	2025	1	117	2025-11-22 12:02:30.727079	2025-12-01 19:31:34.691597
151	2024-01-04	1	TEF BANCOESTADO DE CONCHA MUNOZ CEC - 2 cuotas: ABR/2023 a MAY/2023	4000	1	2024	1	183	2025-07-06 20:10:08.285754	2025-12-01 19:31:34.776592
319	2025-07-17	1	TEF BANCOESTADO DE CONCHA MUNOZ CEC - 5 cuotas: JUN/2023 a OCT/2023	10000	7	2025	1	183	2025-07-17 00:11:59.308374	2025-12-01 19:31:34.782284
422	2025-10-28	1	TEF BANCOESTADO DE CONCHA MUNOZ CEC - 5 cuotas: NOV/2023 a MAR/2024	10000	10	2025	1	183	2025-10-28 21:25:00.012777	2025-12-01 19:31:34.78821
425	2025-10-29	1	TEF BANCO BICE ROBERTSON HERRERA MARIA JULIA - 41 cuotas: JUN/2022 a OCT/2025	82000	10	2025	1	158	2025-10-29 20:38:22.981791	2025-12-01 19:31:34.811572
268	2025-03-19	1	TEF BANCOESTADO DE GUAJARDO YANEZ M - 6 cuotas: ENE/2025 a JUN/2025	12000	3	2025	1	182	2025-07-06 20:11:47.310897	2025-12-01 19:31:34.868978
155	2024-01-15	1	TEF DE RAMIREZ CARVAJAL LUIS ARTURO - 9 cuotas: ENE/2024 a SEP/2024	18000	1	2024	1	190	2025-07-06 20:10:08.318697	2025-12-01 19:31:34.905963
270	2025-05-13	1	TEF DE RAMIREZ CARVAJAL LUIS ARTURO - 9 cuotas: JUL/2025 a MAR/2026	18000	5	2025	1	190	2025-07-06 20:11:47.327608	2025-12-01 19:31:34.916677
\.


--
-- TOC entry 3467 (class 0 OID 141605)
-- Dependencies: 223
-- Data for Name: schema_migrations; Type: TABLE DATA; Schema: public; Owner: csantana
--

COPY public.schema_migrations (version) FROM stdin;
20250409155933
20250409155820
20250409155520
20250409150743
20250409150742
20251105214245
20251105223833
20251107214223
20251114102817
20251115151539
20251115163955
20251124132930
20251125142905
\.


--
-- TOC entry 3466 (class 0 OID 141571)
-- Dependencies: 222
-- Data for Name: users; Type: TABLE DATA; Schema: public; Owner: csantana
--

COPY public.users (id, email, encrypted_password, reset_password_token, reset_password_sent_at, remember_created_at, created_at, updated_at, name_community, type_community, saldo_inicial, name, role) FROM stdin;
2	silvana.lasagna@gmail.com	$2a$12$ZjchNPb6ORrXrw54W0rwM.yynAujj0bw/kiDqgqDIKD.hfco0vd4y	\N	\N	\N	2025-10-12 19:53:13.373573	2025-10-12 19:54:25.277233	JJVV Barrio Oriente	Socio	0	Silvana Lasagna	0
1	carlos.santana@gmail.com	$2a$12$WZQwdq8vx/70p4eX6heGPOzLygbN2yZ3l6nrMKJS0Y.uw/0rZUV36	\N	\N	\N	2025-07-06 16:34:39.081694	2025-11-11 01:34:20.996162	JJVV Barrio Oriente	Socio	0	Carlos Santana	1
\.


--
-- TOC entry 3481 (class 0 OID 0)
-- Dependencies: 225
-- Name: addresses_id_seq; Type: SEQUENCE SET; Schema: public; Owner: csantana
--

SELECT pg_catalog.setval('public.addresses_id_seq', 271, true);


--
-- TOC entry 3482 (class 0 OID 0)
-- Dependencies: 215
-- Name: apartments_id_seq; Type: SEQUENCE SET; Schema: public; Owner: csantana
--

SELECT pg_catalog.setval('public.apartments_id_seq', 407, true);


--
-- TOC entry 3483 (class 0 OID 0)
-- Dependencies: 217
-- Name: bills_id_seq; Type: SEQUENCE SET; Schema: public; Owner: csantana
--

SELECT pg_catalog.setval('public.bills_id_seq', 36, true);


--
-- TOC entry 3484 (class 0 OID 0)
-- Dependencies: 219
-- Name: deposits_id_seq; Type: SEQUENCE SET; Schema: public; Owner: csantana
--

SELECT pg_catalog.setval('public.deposits_id_seq', 463, true);


--
-- TOC entry 3485 (class 0 OID 0)
-- Dependencies: 221
-- Name: users_id_seq; Type: SEQUENCE SET; Schema: public; Owner: csantana
--

SELECT pg_catalog.setval('public.users_id_seq', 2, true);


--
-- TOC entry 3307 (class 2606 OID 148162)
-- Name: addresses addresses_pkey; Type: CONSTRAINT; Schema: public; Owner: csantana
--

ALTER TABLE ONLY public.addresses
    ADD CONSTRAINT addresses_pkey PRIMARY KEY (id);


--
-- TOC entry 3287 (class 2606 OID 141545)
-- Name: apartments apartments_pkey; Type: CONSTRAINT; Schema: public; Owner: csantana
--

ALTER TABLE ONLY public.apartments
    ADD CONSTRAINT apartments_pkey PRIMARY KEY (id);


--
-- TOC entry 3305 (class 2606 OID 141618)
-- Name: ar_internal_metadata ar_internal_metadata_pkey; Type: CONSTRAINT; Schema: public; Owner: csantana
--

ALTER TABLE ONLY public.ar_internal_metadata
    ADD CONSTRAINT ar_internal_metadata_pkey PRIMARY KEY (key);


--
-- TOC entry 3291 (class 2606 OID 141556)
-- Name: bills bills_pkey; Type: CONSTRAINT; Schema: public; Owner: csantana
--

ALTER TABLE ONLY public.bills
    ADD CONSTRAINT bills_pkey PRIMARY KEY (id);


--
-- TOC entry 3295 (class 2606 OID 141567)
-- Name: deposits deposits_pkey; Type: CONSTRAINT; Schema: public; Owner: csantana
--

ALTER TABLE ONLY public.deposits
    ADD CONSTRAINT deposits_pkey PRIMARY KEY (id);


--
-- TOC entry 3303 (class 2606 OID 141611)
-- Name: schema_migrations schema_migrations_pkey; Type: CONSTRAINT; Schema: public; Owner: csantana
--

ALTER TABLE ONLY public.schema_migrations
    ADD CONSTRAINT schema_migrations_pkey PRIMARY KEY (version);


--
-- TOC entry 3301 (class 2606 OID 141582)
-- Name: users users_pkey; Type: CONSTRAINT; Schema: public; Owner: csantana
--

ALTER TABLE ONLY public.users
    ADD CONSTRAINT users_pkey PRIMARY KEY (id);


--
-- TOC entry 3308 (class 1259 OID 148168)
-- Name: index_addresses_on_user_id; Type: INDEX; Schema: public; Owner: csantana
--

CREATE INDEX index_addresses_on_user_id ON public.addresses USING btree (user_id);


--
-- TOC entry 3288 (class 1259 OID 148169)
-- Name: index_apartments_on_address_id; Type: INDEX; Schema: public; Owner: csantana
--

CREATE INDEX index_apartments_on_address_id ON public.apartments USING btree (address_id);


--
-- TOC entry 3289 (class 1259 OID 141546)
-- Name: index_apartments_on_user_id; Type: INDEX; Schema: public; Owner: csantana
--

CREATE INDEX index_apartments_on_user_id ON public.apartments USING btree (user_id);


--
-- TOC entry 3292 (class 1259 OID 148203)
-- Name: index_bills_on_apartment_id; Type: INDEX; Schema: public; Owner: csantana
--

CREATE INDEX index_bills_on_apartment_id ON public.bills USING btree (apartment_id);


--
-- TOC entry 3293 (class 1259 OID 141557)
-- Name: index_bills_on_user_id; Type: INDEX; Schema: public; Owner: csantana
--

CREATE INDEX index_bills_on_user_id ON public.bills USING btree (user_id);


--
-- TOC entry 3296 (class 1259 OID 141568)
-- Name: index_deposits_on_apartment_id; Type: INDEX; Schema: public; Owner: csantana
--

CREATE INDEX index_deposits_on_apartment_id ON public.deposits USING btree (apartment_id);


--
-- TOC entry 3297 (class 1259 OID 141569)
-- Name: index_deposits_on_user_id; Type: INDEX; Schema: public; Owner: csantana
--

CREATE INDEX index_deposits_on_user_id ON public.deposits USING btree (user_id);


--
-- TOC entry 3298 (class 1259 OID 141583)
-- Name: index_users_on_email; Type: INDEX; Schema: public; Owner: csantana
--

CREATE UNIQUE INDEX index_users_on_email ON public.users USING btree (email);


--
-- TOC entry 3299 (class 1259 OID 141584)
-- Name: index_users_on_reset_password_token; Type: INDEX; Schema: public; Owner: csantana
--

CREATE UNIQUE INDEX index_users_on_reset_password_token ON public.users USING btree (reset_password_token);


--
-- TOC entry 3313 (class 2606 OID 141595)
-- Name: deposits fk_rails_0eee5954c5; Type: FK CONSTRAINT; Schema: public; Owner: csantana
--

ALTER TABLE ONLY public.deposits
    ADD CONSTRAINT fk_rails_0eee5954c5 FOREIGN KEY (apartment_id) REFERENCES public.apartments(id);


--
-- TOC entry 3315 (class 2606 OID 148163)
-- Name: addresses fk_rails_48c9e0c5a2; Type: FK CONSTRAINT; Schema: public; Owner: csantana
--

ALTER TABLE ONLY public.addresses
    ADD CONSTRAINT fk_rails_48c9e0c5a2 FOREIGN KEY (user_id) REFERENCES public.users(id);


--
-- TOC entry 3314 (class 2606 OID 141600)
-- Name: deposits fk_rails_88307c7ed2; Type: FK CONSTRAINT; Schema: public; Owner: csantana
--

ALTER TABLE ONLY public.deposits
    ADD CONSTRAINT fk_rails_88307c7ed2 FOREIGN KEY (user_id) REFERENCES public.users(id);


--
-- TOC entry 3309 (class 2606 OID 148170)
-- Name: apartments fk_rails_c3accd3bb4; Type: FK CONSTRAINT; Schema: public; Owner: csantana
--

ALTER TABLE ONLY public.apartments
    ADD CONSTRAINT fk_rails_c3accd3bb4 FOREIGN KEY (address_id) REFERENCES public.addresses(id);


--
-- TOC entry 3311 (class 2606 OID 148204)
-- Name: bills fk_rails_c80aab9873; Type: FK CONSTRAINT; Schema: public; Owner: csantana
--

ALTER TABLE ONLY public.bills
    ADD CONSTRAINT fk_rails_c80aab9873 FOREIGN KEY (apartment_id) REFERENCES public.apartments(id);


--
-- TOC entry 3310 (class 2606 OID 141585)
-- Name: apartments fk_rails_ce3cb81433; Type: FK CONSTRAINT; Schema: public; Owner: csantana
--

ALTER TABLE ONLY public.apartments
    ADD CONSTRAINT fk_rails_ce3cb81433 FOREIGN KEY (user_id) REFERENCES public.users(id);


--
-- TOC entry 3312 (class 2606 OID 141590)
-- Name: bills fk_rails_f5fcc78f42; Type: FK CONSTRAINT; Schema: public; Owner: csantana
--

ALTER TABLE ONLY public.bills
    ADD CONSTRAINT fk_rails_f5fcc78f42 FOREIGN KEY (user_id) REFERENCES public.users(id);


-- Completed on 2025-12-02 21:41:42 -03

--
-- PostgreSQL database dump complete
--

\unrestrict t6ClDg0JFJuvpKbJejMeBBWtYr75hEVraAdaE8lTH03yASEF4aYhZfk1Jp60Iaa

