--
-- PostgreSQL database dump
--

\restrict hfTrfjPq3NqGBCSFBoKzxDTNZSeiENkEzWP247HkhWZLC71sb8DeWkrt9lpMftA

-- Dumped from database version 16.10 (Ubuntu 16.10-0ubuntu0.24.04.1)
-- Dumped by pg_dump version 16.10 (Ubuntu 16.10-0ubuntu0.24.04.1)

SET statement_timeout = 0;
SET lock_timeout = 0;
SET idle_in_transaction_session_timeout = 0;
SET client_encoding = 'UTF8';
SET standard_conforming_strings = on;
SELECT pg_catalog.set_config('search_path', '', false);
SET check_function_bodies = false;
SET xmloption = content;
SET client_min_messages = warning;
SET row_security = off;

SET default_tablespace = '';

SET default_table_access_method = heap;

--
-- Name: addresses; Type: TABLE; Schema: public; Owner: csantana
--

CREATE TABLE public.addresses (
    id bigint NOT NULL,
    street character varying,
    description character varying,
    user_id bigint NOT NULL,
    created_at timestamp(6) without time zone NOT NULL,
    updated_at timestamp(6) without time zone NOT NULL
);


ALTER TABLE public.addresses OWNER TO csantana;

--
-- Name: addresses_id_seq; Type: SEQUENCE; Schema: public; Owner: csantana
--

CREATE SEQUENCE public.addresses_id_seq
    START WITH 1
    INCREMENT BY 1
    NO MINVALUE
    NO MAXVALUE
    CACHE 1;


ALTER SEQUENCE public.addresses_id_seq OWNER TO csantana;

--
-- Name: addresses_id_seq; Type: SEQUENCE OWNED BY; Schema: public; Owner: csantana
--

ALTER SEQUENCE public.addresses_id_seq OWNED BY public.addresses.id;


--
-- Name: apartments; Type: TABLE; Schema: public; Owner: csantana
--

CREATE TABLE public.apartments (
    id bigint NOT NULL,
    number integer,
    description character varying,
    start_date date,
    user_id bigint NOT NULL,
    created_at timestamp(6) without time zone NOT NULL,
    updated_at timestamp(6) without time zone NOT NULL,
    address_id bigint,
    ap_paterno character varying,
    ap_materno character varying,
    nombre character varying,
    edad integer,
    estado_civil character varying,
    profesion character varying,
    domicilio character varying,
    rut integer,
    dv character varying,
    telefono character varying,
    estado character varying
);


ALTER TABLE public.apartments OWNER TO csantana;

--
-- Name: apartments_id_seq; Type: SEQUENCE; Schema: public; Owner: csantana
--

CREATE SEQUENCE public.apartments_id_seq
    START WITH 1
    INCREMENT BY 1
    NO MINVALUE
    NO MAXVALUE
    CACHE 1;


ALTER SEQUENCE public.apartments_id_seq OWNER TO csantana;

--
-- Name: apartments_id_seq; Type: SEQUENCE OWNED BY; Schema: public; Owner: csantana
--

ALTER SEQUENCE public.apartments_id_seq OWNED BY public.apartments.id;


--
-- Name: ar_internal_metadata; Type: TABLE; Schema: public; Owner: csantana
--

CREATE TABLE public.ar_internal_metadata (
    key character varying NOT NULL,
    value character varying,
    created_at timestamp(6) without time zone NOT NULL,
    updated_at timestamp(6) without time zone NOT NULL
);


ALTER TABLE public.ar_internal_metadata OWNER TO csantana;

--
-- Name: bills; Type: TABLE; Schema: public; Owner: csantana
--

CREATE TABLE public.bills (
    id bigint NOT NULL,
    date date,
    tipo_egreso integer,
    comment character varying,
    amount integer DEFAULT 0,
    user_id bigint NOT NULL,
    created_at timestamp(6) without time zone NOT NULL,
    updated_at timestamp(6) without time zone NOT NULL
);


ALTER TABLE public.bills OWNER TO csantana;

--
-- Name: bills_id_seq; Type: SEQUENCE; Schema: public; Owner: csantana
--

CREATE SEQUENCE public.bills_id_seq
    START WITH 1
    INCREMENT BY 1
    NO MINVALUE
    NO MAXVALUE
    CACHE 1;


ALTER SEQUENCE public.bills_id_seq OWNER TO csantana;

--
-- Name: bills_id_seq; Type: SEQUENCE OWNED BY; Schema: public; Owner: csantana
--

ALTER SEQUENCE public.bills_id_seq OWNED BY public.bills.id;


--
-- Name: deposits; Type: TABLE; Schema: public; Owner: csantana
--

CREATE TABLE public.deposits (
    id bigint NOT NULL,
    date date,
    tipo_ingreso integer,
    comment character varying,
    amount integer DEFAULT 0,
    mes integer,
    ano integer,
    user_id bigint NOT NULL,
    apartment_id bigint NOT NULL,
    created_at timestamp(6) without time zone NOT NULL,
    updated_at timestamp(6) without time zone NOT NULL
);


ALTER TABLE public.deposits OWNER TO csantana;

--
-- Name: deposits_id_seq; Type: SEQUENCE; Schema: public; Owner: csantana
--

CREATE SEQUENCE public.deposits_id_seq
    START WITH 1
    INCREMENT BY 1
    NO MINVALUE
    NO MAXVALUE
    CACHE 1;


ALTER SEQUENCE public.deposits_id_seq OWNER TO csantana;

--
-- Name: deposits_id_seq; Type: SEQUENCE OWNED BY; Schema: public; Owner: csantana
--

ALTER SEQUENCE public.deposits_id_seq OWNED BY public.deposits.id;


--
-- Name: schema_migrations; Type: TABLE; Schema: public; Owner: csantana
--

CREATE TABLE public.schema_migrations (
    version character varying NOT NULL
);


ALTER TABLE public.schema_migrations OWNER TO csantana;

--
-- Name: users; Type: TABLE; Schema: public; Owner: csantana
--

CREATE TABLE public.users (
    id bigint NOT NULL,
    email character varying DEFAULT ''::character varying NOT NULL,
    encrypted_password character varying DEFAULT ''::character varying NOT NULL,
    reset_password_token character varying,
    reset_password_sent_at timestamp(6) without time zone,
    remember_created_at timestamp(6) without time zone,
    created_at timestamp(6) without time zone NOT NULL,
    updated_at timestamp(6) without time zone NOT NULL,
    name_community character varying,
    type_community character varying,
    saldo_inicial integer DEFAULT 0,
    name character varying,
    role integer DEFAULT 0
);


ALTER TABLE public.users OWNER TO csantana;

--
-- Name: users_id_seq; Type: SEQUENCE; Schema: public; Owner: csantana
--

CREATE SEQUENCE public.users_id_seq
    START WITH 1
    INCREMENT BY 1
    NO MINVALUE
    NO MAXVALUE
    CACHE 1;


ALTER SEQUENCE public.users_id_seq OWNER TO csantana;

--
-- Name: users_id_seq; Type: SEQUENCE OWNED BY; Schema: public; Owner: csantana
--

ALTER SEQUENCE public.users_id_seq OWNED BY public.users.id;


--
-- Name: addresses id; Type: DEFAULT; Schema: public; Owner: csantana
--

ALTER TABLE ONLY public.addresses ALTER COLUMN id SET DEFAULT nextval('public.addresses_id_seq'::regclass);


--
-- Name: apartments id; Type: DEFAULT; Schema: public; Owner: csantana
--

ALTER TABLE ONLY public.apartments ALTER COLUMN id SET DEFAULT nextval('public.apartments_id_seq'::regclass);


--
-- Name: bills id; Type: DEFAULT; Schema: public; Owner: csantana
--

ALTER TABLE ONLY public.bills ALTER COLUMN id SET DEFAULT nextval('public.bills_id_seq'::regclass);


--
-- Name: deposits id; Type: DEFAULT; Schema: public; Owner: csantana
--

ALTER TABLE ONLY public.deposits ALTER COLUMN id SET DEFAULT nextval('public.deposits_id_seq'::regclass);


--
-- Name: users id; Type: DEFAULT; Schema: public; Owner: csantana
--

ALTER TABLE ONLY public.users ALTER COLUMN id SET DEFAULT nextval('public.users_id_seq'::regclass);


--
-- Data for Name: addresses; Type: TABLE DATA; Schema: public; Owner: csantana
--

COPY public.addresses (id, street, description, user_id, created_at, updated_at) FROM stdin;
10	MAIPU 1458 CASA 1	PABLINA ZURITA	1	2025-11-08 02:35:51.112274	2025-11-08 02:35:52.533285
3	FREIRE 1627 D-802	CAROLINA CONTRERAS	1	2025-11-08 02:02:52.209859	2025-11-08 02:07:33.104904
71	FREIRE 1487	CONSUELO MORENO	1	2025-11-08 02:35:53.289027	2025-11-08 02:35:58.71984
53	GALVARINO 427	RODRIGO FLORES	1	2025-11-08 02:35:52.618549	2025-11-08 02:35:52.618549
56	LIENTUR 529	KARIN HOTT	1	2025-11-08 02:35:52.695509	2025-11-08 02:35:52.695509
57	GALVARINO 347 D-1007	GENESIS ESPINA	1	2025-11-08 02:35:52.720492	2025-11-08 02:35:52.740107
70	BARROS ARANA 1532 D-3B	RUTH GARCIA	1	2025-11-08 02:35:53.263326	2025-11-08 02:35:53.263326
61	ROOSEVELT 1697 D-1	ALEX VIDAL	1	2025-11-08 02:35:52.935765	2025-11-08 02:35:55.898692
58	FREIRE 1480 D-302 B	JOSE PEREZ	1	2025-11-08 02:35:52.81695	2025-11-08 02:35:52.81695
59	FREIRE 1460 CASA 2	HEGIA VARGAS	1	2025-11-08 02:35:52.842032	2025-11-08 02:35:52.842032
21	FREIRE 1707	ALONSO CARVALLO	1	2025-11-08 02:35:51.498558	2025-11-08 02:35:52.86162
60	FREIRE 1746	OSCAR OCAMPO	1	2025-11-08 02:35:52.888743	2025-11-08 02:35:55.877454
1	JANEQUEO 454 D-301	CARLOS SANTANA	1	2025-11-06 01:14:54.458316	2025-11-08 02:35:58.699528
8	BARROS ARANA 1780 D-604	LESLEY BRICEÑO	1	2025-11-08 02:35:51.02453	2025-11-08 02:35:51.02453
9	LAUTARO 630	SONIA HERMOSILLA	1	2025-11-08 02:35:51.053188	2025-11-08 02:35:51.078091
11	BARROS ARANA 1522 DEPTO 102	RICARDO SEGOVIA	1	2025-11-08 02:35:51.148745	2025-11-08 02:35:51.148745
12	GALVARINO 321	CLAUDIO ORELLANA	1	2025-11-08 02:35:51.197369	2025-11-08 02:35:51.197369
13	GALVARINO 365 D-602	GERARDO ORELLANA	1	2025-11-08 02:35:51.235789	2025-11-08 02:35:51.235789
14	BARROS ARANA 1532 CASA B	REINALDO VARELA	1	2025-11-08 02:35:51.266533	2025-11-08 02:35:51.289305
15	BARROS ARANA 1522 DEPTO 101	EDGARDO SANCHEZ	1	2025-11-08 02:35:51.321552	2025-11-08 02:35:51.321552
16	O'HIGGINS 1452	GABRIELA BORDEU	1	2025-11-08 02:35:51.352572	2025-11-08 02:35:51.352572
17	JUAN BOSCO 1828 D-21	EMILIO SENN	1	2025-11-08 02:35:51.378489	2025-11-08 02:35:51.378489
18	BARROS ARANA 1522 DEPTO 42	BEATRIZ MELLA	1	2025-11-08 02:35:51.417677	2025-11-08 02:35:51.417677
22	LAUTARO 431 D-204	JOAQUIN JARPA	1	2025-11-08 02:35:51.545843	2025-11-08 02:35:51.545843
23	O'HIGGINS 1634 D-402	GRISEL CAVIERES	1	2025-11-08 02:35:51.57309	2025-11-08 02:35:51.57309
24	JANEQUEO 564 D-601	DANIEL AGUILERA	1	2025-11-08 02:35:51.61228	2025-11-08 02:35:51.61228
25	GALVARINO 365 D-601	TOMAS VARELA	1	2025-11-08 02:35:51.639905	2025-11-08 02:35:51.661142
78	LAUTARO 635 A	SARA PARES	1	2025-11-08 02:35:53.478079	2025-11-08 02:57:38.006582
27	BARROS ARANA 1532 CASA F	CARLOS SEPULVEDA	1	2025-11-08 02:35:51.7369	2025-11-08 02:35:51.754615
28	AINAVILLO 571	GUNTHER DAROCH	1	2025-11-08 02:35:51.779282	2025-11-08 02:35:51.779282
29	BARROS ARANA 1584 D-101	MACARENA MEZA	1	2025-11-08 02:35:51.809143	2025-11-08 02:35:51.809143
31	MAIPU 1676 BLOCK A D-21	SILVANA LASAGNA	1	2025-11-08 02:35:51.866849	2025-11-08 02:35:51.866849
32	AINAVILLO 465 D-204	CARMEN L. LARRAIN	1	2025-11-08 02:35:51.893998	2025-11-08 02:35:51.893998
33	JUAN BOSCO 1863 D-1209	ALEJANDRO VERA	1	2025-11-08 02:35:51.920407	2025-11-08 02:35:51.940453
30	FREIRE 1656 CASA D	RAMIRO GARCIA	1	2025-11-08 02:35:51.838856	2025-11-08 02:35:51.961032
35	AINAVILLO 558 D-302	M ALEJANDRA MARTINEZ	1	2025-11-08 02:35:52.01753	2025-11-08 02:35:52.01753
34	ROOSEVELT 1703 D-70	JOSE LABBE	1	2025-11-08 02:35:51.990006	2025-11-08 02:35:57.592067
37	AINAVILLO 620	SONIA OLAVARRIA	1	2025-11-08 02:35:52.094422	2025-11-08 02:35:52.094422
42	LAUTARO 645 C	CARLOS IBAÑEZ	1	2025-11-08 02:35:52.229223	2025-11-08 02:35:52.251454
46	BARROS ARANA 1532 D-4A	M. LUISA RAMOS	1	2025-11-08 02:35:52.380762	2025-11-08 02:35:55.364059
44	GALVARINO 365	HERNAN VERA	1	2025-11-08 02:35:52.327714	2025-11-08 02:35:52.327714
45	JUAN BOSCO 1816 D-11	NELSON RIQUELME	1	2025-11-08 02:35:52.352445	2025-11-08 02:35:52.352445
47	VILUMILLA 654	VICTOR LEZCANO	1	2025-11-08 02:35:52.408165	2025-11-08 02:35:52.429937
48	FREIRE 1951	AMALIA GUTIERREZ	1	2025-11-08 02:35:52.457104	2025-11-08 02:35:52.457104
49	JANEQUEO 454 D-402	DANIEL AGUAYO	1	2025-11-08 02:35:52.486401	2025-11-08 02:35:52.486401
50	GALVARINO 347 D-1401	JAVIERA YAGI	1	2025-11-08 02:35:52.512985	2025-11-08 02:35:52.512985
63	MAIPU 1576	PABLO ORTEGA	1	2025-11-08 02:35:53.01506	2025-11-08 02:35:55.975218
62	BARROS ARANA 1672 D-1408	CRISTOPHER ROMERO	1	2025-11-08 02:35:52.984683	2025-11-08 02:35:52.984683
64	LIENTUR 574	FELIPE SANHUEZA	1	2025-11-08 02:35:53.043287	2025-11-08 02:35:53.043287
43	LA VIRGEN 12	JOSE RODRIGUEZ	1	2025-11-08 02:35:52.279474	2025-11-08 02:35:55.236647
67	BARROS ARANA 1780 D-901	KAREN CHANDIA	1	2025-11-08 02:35:53.156047	2025-11-08 02:35:53.177987
68	FREIRE 1755 D-604	CARMEN DOMINGUEZ	1	2025-11-08 02:35:53.206541	2025-11-08 02:35:53.206541
72	PADRE KORDA 2278 D-401	MARITZA CARRASCO	1	2025-11-08 02:35:53.31439	2025-11-08 02:35:53.31439
73	MAIPU 1676 BLOCK A D-12	YENY VENEGAS	1	2025-11-08 02:35:53.34186	2025-11-08 02:35:53.34186
80	LAUTARO 635 INT	JOSE PARES	1	2025-11-08 02:35:53.55763	2025-11-08 02:35:53.579106
82	JANEQUEO 285 D-703	JORGE BECERRA	1	2025-11-08 02:35:53.63572	2025-11-08 02:35:53.661477
83	MAIPU 1684 D-11	JORGE ARANCIBIA	1	2025-11-08 02:35:53.690753	2025-11-08 02:35:53.690753
84	JUAN BOSCO 1856 A D-101	CAMILO SALAZAR	1	2025-11-08 02:35:53.715746	2025-11-08 02:35:53.715746
7	BARROS ARANA 1532 CASA G	PAULINA VILLARROEL	1	2025-11-08 02:35:50.955305	2025-11-08 02:35:54.252305
38	MAIPU 1684 D-23	JUAN VILLAGRAN	1	2025-11-08 02:35:52.120862	2025-11-08 02:35:57.271251
19	AINAVILLO 672	ISABEL SANTOS	1	2025-11-08 02:35:51.443994	2025-11-08 02:35:54.840913
55	AINAVILLO 625 D-3	JULIO PARRA	1	2025-11-08 02:35:52.669176	2025-11-08 02:35:54.86273
36	AINAVILLO 465 D-203	M. VALERIA FRINDT	1	2025-11-08 02:35:52.044588	2025-11-08 03:10:14.798149
39	BARROS ARANA 1584 D-102	MARGARITA CARRILLO	1	2025-11-08 02:35:52.146309	2025-11-08 02:35:55.099506
41	LAUTARO 645 A	MARITZA CAMPANO	1	2025-11-08 02:35:52.200929	2025-11-08 02:35:55.144685
52	AINAVILLO 558 D-701	MARCIA MUÑOZ	1	2025-11-08 02:35:52.589525	2025-11-08 02:35:55.547885
51	BARROS ARANA 1572 D-302	IÑIGO YAGI	1	2025-11-08 02:35:52.561559	2025-11-08 02:35:55.5236
54	FREIRE 1656 CASA F	LUCIANO HUENTEMIL	1	2025-11-08 02:35:52.644741	2025-11-08 02:35:55.595211
2	JANEQUEO 670	ROSANA ANABALON	1	2025-11-06 02:20:11.756085	2025-11-08 02:35:55.756061
66	BARROS ARANA 1751 INT	ELLEN BRINK	1	2025-11-08 02:35:53.124621	2025-11-08 02:35:56.058366
65	JUAN BOSCO 1806 D-12	PEDRO AEDO	1	2025-11-08 02:35:53.094473	2025-11-08 02:35:56.112133
69	BARROS ARANA 1701 D-503	PAMELA RAMIREZ	1	2025-11-08 02:35:53.234796	2025-11-08 02:35:56.159953
75	O´HIGGINS 1414 D-301	ANDREA HENRIQUEZ	1	2025-11-08 02:35:53.398837	2025-11-08 02:35:56.26136
74	ROOSEVELT 1703 D-50	GASTON ENRIQUEZ	1	2025-11-08 02:35:53.371386	2025-11-08 02:35:56.284753
76	GALVARINO 470	ERIK CARRASCO	1	2025-11-08 02:35:53.42543	2025-11-08 02:35:56.334993
77	LIENTUR 652	EDUARDO GIACAMAN	1	2025-11-08 02:35:53.453498	2025-11-08 02:35:56.355854
20	LAUTARO 431 D-304	HERMANN DEUSTER	1	2025-11-08 02:35:51.471956	2025-11-08 02:35:56.4017
26	MAIPU 1458 CASA 6	FELIPE GARCIA	1	2025-11-08 02:35:51.690484	2025-11-08 02:35:59.19634
81	GALVARINO 347	PATRICIO GOMEZ	1	2025-11-08 02:35:53.608554	2025-11-08 02:35:57.655621
79	BARROS ARANA 1701 D-502	ESTEBAN MARNICH	1	2025-11-08 02:35:53.530683	2025-11-08 02:35:57.886773
86	AINAVILLO 587	OMAR HORMAZABAL	1	2025-11-08 02:35:53.770207	2025-11-08 02:35:53.791596
139	AINAVILLO 465 D-404	PATRICIO ZARATE	1	2025-11-08 02:35:55.925946	2025-11-08 02:35:58.740826
89	BARROS ARANA 1699	CLAUDIA LOPEZ	1	2025-11-08 02:35:53.889949	2025-11-08 02:35:53.889949
90	GALVARINO 319-A	MARIA CECILIA FERNANDEZ	1	2025-11-08 02:35:53.917818	2025-11-08 02:35:53.917818
91	LAUTARO 424 D-32	GABRIELA HILLERNS	1	2025-11-08 02:35:53.947359	2025-11-08 02:35:53.947359
92	FREIRE 1414	JUAN LUIS ARELLANO	1	2025-11-08 02:35:53.975951	2025-11-08 02:35:53.975951
93	LAUTARO 597	VERONICA MARTINEZ	1	2025-11-08 02:35:54.003869	2025-11-08 02:35:54.003869
94	FREIRE 1497	OCTAVIO ROJAS	1	2025-11-08 02:35:54.033527	2025-11-08 02:35:54.033527
97	LUIS URRUTIA MANZANO 446	MARGARITA SANHUEZA	1	2025-11-08 02:35:54.135134	2025-11-08 02:35:54.135134
98	AINAVILLO 625	JUAN COLOMA	1	2025-11-08 02:35:54.160593	2025-11-08 02:35:54.181089
99	LAUTARO 431	GLADYS LEAL	1	2025-11-08 02:35:54.208847	2025-11-08 02:35:54.231111
100	LAUTARO 435 D-303	VICTORIA ALFARO	1	2025-11-08 02:35:54.278027	2025-11-08 02:35:54.278027
102	O´HIGGINS 1672 D-961	KARINA PEÑA	1	2025-11-08 02:35:54.332131	2025-11-08 02:35:54.332131
103	BARROS ARANA 1672 D-1403	PAULA LANDEA	1	2025-11-08 02:35:54.35939	2025-11-08 02:35:54.35939
101	ROOSEVELT 1777 D-3	TANIA BASTIDAS	1	2025-11-08 02:35:54.30605	2025-11-08 02:35:54.381384
104	O´HIGGINS 1414 D-202	ROBERTO GUERRERO	1	2025-11-08 02:35:54.40951	2025-11-08 02:35:54.40951
107	LUIS URRUTIA MAZANO 438 A D-301	EDITH VENEGAS	1	2025-11-08 02:35:54.489992	2025-11-08 02:35:54.489992
109	LAUTARO 410 D-58	MIGUEL HENRIQUEZ	1	2025-11-08 02:35:54.616287	2025-11-08 02:35:54.635799
110	BARROS ARANA 1532 D-1B	NAZMY REYES	1	2025-11-08 02:35:54.660727	2025-11-08 02:35:54.660727
111	BARROS ARANA 1701 D-802	MARIA VILLEGAS	1	2025-11-08 02:35:54.691111	2025-11-08 02:35:54.691111
113	DANIEL URREJOLA 35 D-402	NICOLAS MARIN	1	2025-11-08 02:35:54.745425	2025-11-08 02:35:54.745425
114	GALVARINO 427 D-303	JORGE PARRA	1	2025-11-08 02:35:54.770973	2025-11-08 02:35:54.770973
115	LAUTARO 431 D-303	PAULO VALLEGOS	1	2025-11-08 02:35:54.796586	2025-11-08 02:35:54.796586
116	LAUTARO 410 D-32	EDUARDO CONTRERAS	1	2025-11-08 02:35:54.821249	2025-11-08 02:35:54.821249
118	BARROS ARANA 1522 D-42	BEATY MELLA	1	2025-11-08 02:35:54.919	2025-11-08 02:35:54.919
119	BARROS ARANA 1522 D-11	CARLA SAN MARTIN	1	2025-11-08 02:35:54.94427	2025-11-08 02:35:54.94427
120	MAIPU 1676 BLOCK D D-11	MARTA VALLEJOS	1	2025-11-08 02:35:54.969883	2025-11-08 02:35:54.969883
121	AINAVILLO 558 D-201	MA. JULIA ROBERTSON	1	2025-11-08 02:35:54.997647	2025-11-08 02:35:54.997647
122	MAIPU 1684 D-32	MONICA TAPIA	1	2025-11-08 02:35:55.052553	2025-11-08 02:35:55.052553
40	BARROS ARANA 1532 CASA D	GISELA MOSCIATTI	1	2025-11-08 02:35:52.170769	2025-11-08 02:35:55.121401
123	LAUTARO 645 B	CRISTINA CAMPANO	1	2025-11-08 02:35:55.174398	2025-11-08 02:35:55.174398
124	LUIS URRUTIA MANZANO 438 A D-302	IRMA TAPIA	1	2025-11-08 02:35:55.199405	2025-11-08 02:35:55.199405
125	GALVARINO 365 D-801	ROSA MEZA	1	2025-11-08 02:35:55.272646	2025-11-08 02:35:55.272646
126	FREIRE 1627 D-306	BRIAN CHARLES	1	2025-11-08 02:35:55.303076	2025-11-08 02:35:55.303076
128	LAUTARO 424 D-22	SUSANA PERUGI	1	2025-11-08 02:35:55.396398	2025-11-08 02:35:55.396398
129	ROOSEVELT 1703 D-30	RICARDO ARAVENA	1	2025-11-08 02:35:55.421227	2025-11-08 02:35:55.440305
130	GALVARINO 374 D-1401	ALFONSO VEGA	1	2025-11-08 02:35:55.469927	2025-11-08 02:35:55.469927
131	GALVARINO 427 D-403	PAULA LAGOS	1	2025-11-08 02:35:55.573982	2025-11-08 02:35:55.573982
132	FREIRE 1718	MONICA GUAJARDO	1	2025-11-08 02:35:55.624326	2025-11-08 02:35:55.624326
134	ROOSEVELT 1703 D-31	FELIPE GARDA	1	2025-11-08 02:35:55.682075	2025-11-08 02:35:55.682075
117	O´HIGGINS 1672 D-703	NATALIA GARDA	1	2025-11-08 02:35:54.891835	2025-11-08 02:35:55.706058
135	GALVARINO 347 D-305	LUCIA CASTILLO	1	2025-11-08 02:35:55.733879	2025-11-08 02:35:55.733879
136	FREIRE 1760 D-1	ANA VILLAGRAN	1	2025-11-08 02:35:55.784821	2025-11-08 02:35:55.784821
137	FREIRE 1760 D-2	CAMILA SEPULVEDA	1	2025-11-08 02:35:55.809167	2025-11-08 02:35:55.809167
138	O´HIGGINS 1672 D-802	LUIS ARTURO RAMIREZ	1	2025-11-08 02:35:55.833968	2025-11-08 02:35:55.833968
140	BARROS ARANA 1672 D-1713	DHAYA ALBORNOZ	1	2025-11-08 02:35:55.953107	2025-11-08 02:35:55.953107
141	BARROS ARANA 1795	RALF MEINAS	1	2025-11-08 02:35:56.006428	2025-11-08 02:35:56.006428
142	JUAN BOSCO 1896 D-41	DIANA MARTINEZ	1	2025-11-08 02:35:56.034467	2025-11-08 02:35:56.034467
144	AINAVILLO 426 D-306	ANTONELLA BENAVENTI	1	2025-11-08 02:35:56.138451	2025-11-08 02:35:56.138451
145	BARROS ARANA 1532 D-5B	MARIA DIGNA HUNTER	1	2025-11-08 02:35:56.187783	2025-11-08 02:35:56.187783
147	JANEQUEO 564 D-302	MARCELA BAO	1	2025-11-08 02:35:56.239486	2025-11-08 02:35:56.239486
148	ROOSEVELT 1703 D-72	MARISOL VIDAL	1	2025-11-08 02:35:56.313088	2025-11-08 02:35:56.313088
150	JANEQUEO 564 D-907	IGNACIO ACEVEDO	1	2025-11-08 02:35:56.428412	2025-11-08 02:35:56.428412
151	AINAVILLO 678	LUISA DIAZ	1	2025-11-08 02:35:56.453372	2025-11-08 02:35:56.453372
152	AINAVILLO 615	TOMAS RAMOS	1	2025-11-08 02:35:56.478658	2025-11-08 02:35:56.478658
153	BARROS ARANA 1795 D-10	HELIA EULUFI	1	2025-11-08 02:35:56.507956	2025-11-08 02:35:56.507956
154	O´HIGGINS 1444 D-1002	CECILIA GOMEZ	1	2025-11-08 02:35:56.537056	2025-11-08 02:35:56.537056
155	DANIEL URREJOLA 35 D-XXX	PATRICIA SUAZO	1	2025-11-08 02:35:56.563581	2025-11-08 02:35:56.563581
156	DANIEL URREJOLA 35 D-302	ABIGAIL SUAZO	1	2025-11-08 02:35:56.588558	2025-11-08 02:35:56.588558
157	BARROS ARANA 1672 D-1307	FRANCISCO BADILLA	1	2025-11-08 02:35:56.618968	2025-11-08 02:35:56.640807
87	BARROS ARANA 1584 D-302	IGNACIO BASUALTO	1	2025-11-08 02:35:53.818848	2025-11-08 02:35:56.663238
158	O´HIGGINS 1695 D-201	CLAUDIA VENEGAS	1	2025-11-08 02:35:56.690739	2025-11-08 02:35:56.690739
159	FREIRE 1839 A	RODRIGO CRUZ	1	2025-11-08 02:35:56.717039	2025-11-08 02:35:56.738742
160	LUIS URRUTIA MANZANO 436 B D-204	MARCELO MORENO	1	2025-11-08 02:35:56.765488	2025-11-08 02:35:56.765488
161	AINAVILLO 485 D-102	CAROLINA MONTECINO	1	2025-11-08 02:35:56.789231	2025-11-08 02:35:56.789231
162	MAIPU 1458 D-4	CORA RAVANAL	1	2025-11-08 02:35:56.814011	2025-11-08 02:35:56.814011
163	DANIEL URREJOLA 35 D-101	AZAAM LY	1	2025-11-08 02:35:56.855937	2025-11-08 02:35:56.855937
95	JUAN BOSCO 1838 B D-303	CAMILA AGUIRRE	1	2025-11-08 02:35:54.058853	2025-11-08 02:35:56.878316
164	LAUTARO 630 INT	RUTH FUENTES	1	2025-11-08 02:35:56.909685	2025-11-08 02:35:56.909685
165	GALVARINO 319 A	PEDRO ESPARZA	1	2025-11-08 02:35:56.936813	2025-11-08 02:35:56.936813
146	FREIRE 1755 D-602	MIGUEL ZAPATA	1	2025-11-08 02:35:56.212384	2025-11-08 02:35:57.213469
143	FREIRE 1656 CASA G	ERWIN SCHOLTZ	1	2025-11-08 02:35:56.090568	2025-11-08 02:35:57.254538
133	AINAVILLO 625 - 3	CECILIA MUÑOZ	1	2025-11-08 02:35:55.64974	2025-11-08 02:35:57.330617
108	BARROS ARANA 1760 D-301	LINA CORRAL	1	2025-11-08 02:35:54.586648	2025-11-08 02:35:57.411678
85	DANIEL URREJOLA 35 D-301	VICTOR PINTO	1	2025-11-08 02:35:53.743752	2025-11-08 02:35:57.747669
127	FREIRE 1755 D-203	FLORENTINA VEGA	1	2025-11-08 02:35:55.338838	2025-11-08 02:35:57.78993
96	AINAVILLO 636	TAZNA LEPE	1	2025-11-08 02:35:54.107078	2025-11-08 02:35:57.989679
88	FREIRE 1755 D-501	DIEGO MONTECINOS	1	2025-11-08 02:35:53.845569	2025-11-08 02:35:58.551321
112	FREIRE 1755	ELIZABETH MELLAFE	1	2025-11-08 02:35:54.719196	2025-11-08 02:35:58.923087
105	LAUTARO 635	ANA LAMAS	1	2025-11-08 02:35:54.43596	2025-11-08 02:57:00.545419
149	FREIRE 1627	FERNANDA ADÁN	1	2025-11-08 02:35:56.384136	2025-11-08 02:35:59.26044
166	LUIS URRUTIA MANZANO 446 D-42	LUIS CUEVAS	1	2025-11-08 02:35:56.959527	2025-11-08 02:35:56.959527
168	LUIS URRUTIA MANZANO 483 B D-404	MARIA ELENA RODRIGUEZ	1	2025-11-08 02:35:57.007024	2025-11-08 02:35:57.02724
170	AINAVILLO 625 - 2	LORETO SALAZAR	1	2025-11-08 02:35:57.076623	2025-11-08 02:35:57.076623
167	AINAVILLO 671 D-12	MARIANNE RIQUELME	1	2025-11-08 02:35:56.98139	2025-11-08 02:35:57.094102
106	FREIRE 1611 D-202	CARLOS BARRIGA	1	2025-11-08 02:35:54.461558	2025-11-08 02:35:57.110983
171	BARROS ARANA 1532 D-4B	JEANNETTE SAN MARTIN	1	2025-11-08 02:35:57.151186	2025-11-08 02:35:57.151186
172	O´HIGGINS 1544 D-502	BARBARA BAÑADOS	1	2025-11-08 02:35:57.173252	2025-11-08 02:35:57.173252
173	JANEQUEO 454 D-502	NICOLAS GARDA	1	2025-11-08 02:35:57.195709	2025-11-08 02:35:57.195709
175	LAUTARO 685	PAULA VILLARROEL	1	2025-11-08 02:35:57.291774	2025-11-08 02:35:57.291774
176	MAIPU 1676 BLOCK A D-11	EUGENIA VALLEJOS	1	2025-11-08 02:35:57.312953	2025-11-08 02:35:57.312953
177	VILUMILLA 631 D-2	CHISTIAN LEYTON	1	2025-11-08 02:35:57.353538	2025-11-08 02:35:57.353538
178	BARROS ARANA 1579 D-31	MARY JAEN	1	2025-11-08 02:35:57.374598	2025-11-08 02:35:57.374598
179	FREIRE 1480 D-803 B	DAYANA ARREPOL	1	2025-11-08 02:35:57.394552	2025-11-08 02:35:57.394552
180	FREIRE 1908	PEDRO JARA	1	2025-11-08 02:35:57.436426	2025-11-08 02:35:57.436426
181	FREIRE 1627 D-402	JOSE VILDOSOLA	1	2025-11-08 02:35:57.458182	2025-11-08 02:35:57.458182
182	BARROS ARANA 1522 D-12	ALMA CIORBA	1	2025-11-08 02:35:57.479163	2025-11-08 02:35:57.495082
183	MAIPU 1458 D-2	PAULINA ASTETE	1	2025-11-08 02:35:57.518482	2025-11-08 02:35:57.518482
184	BARROS ARANA 1532 CASA C	RAFAEL VILLALOBOS	1	2025-11-08 02:35:57.537545	2025-11-08 02:35:57.537545
185	AINAVILLO 426 D-505	FABIOLA RAMOS	1	2025-11-08 02:35:57.557539	2025-11-08 02:35:57.557539
186	ROOSEVELT 1703 D-52	CECILIA MUÑOZ	1	2025-11-08 02:35:57.576407	2025-11-08 02:35:57.576407
187	FREIRE 1914	JOSE LUIS ARAVENA	1	2025-11-08 02:35:57.619853	2025-11-08 02:35:57.637251
188	O´HIGGINS 1659	LEONARDO VERGARA	1	2025-11-08 02:35:57.677323	2025-11-08 02:35:57.693356
189	PELANTARO 761 B D-402	AURORA CARTES	1	2025-11-08 02:35:57.715682	2025-11-08 02:35:57.731485
190	GALVARINO 468	FRANCISCA ARTEAGA	1	2025-11-08 02:35:57.771922	2025-11-08 02:35:57.771922
191	BARROS ARANA 1665	PEDRO MALDONADO	1	2025-11-08 02:35:57.812195	2025-11-08 02:35:57.812195
193	BARROS ARANA 1760 D-201	PROSPERINA REUSS	1	2025-11-08 02:35:57.87002	2025-11-08 02:35:57.87002
194	BARROS ARANA 1592	LUZ MATTHEI	1	2025-11-08 02:35:57.910008	2025-11-08 02:35:57.910008
195	BARROS ARANA 1701 D-303	MARINA OPAZO	1	2025-11-08 02:35:57.932975	2025-11-08 02:35:57.932975
196	BARROS ARANA 1701 D-604	CLAUDIO GROSSMANN	1	2025-11-08 02:35:57.955801	2025-11-08 02:35:57.972404
197	MAIPU 1980 D	ALEX ERIZ	1	2025-11-08 02:35:58.010489	2025-11-08 02:35:58.010489
198	MAIPU 1980 A	MIRIAM PEREZ	1	2025-11-08 02:35:58.029814	2025-11-08 02:35:58.029814
199	MAIPU 1980 E	GERMAN CONTANZO	1	2025-11-08 02:35:58.04887	2025-11-08 02:35:58.04887
200	MAIPU 1980 F	EMILIA CARRASCO	1	2025-11-08 02:35:58.07241	2025-11-08 02:35:58.07241
201	GALVARINO 481	MICHAEL GROCASSAN	1	2025-11-08 02:35:58.092541	2025-11-08 02:35:58.092541
202	LAUTARO 556 D-21	ELIANA MUTIS	1	2025-11-08 02:35:58.113402	2025-11-08 02:35:58.113402
222	PELANTARO 687	SEBASTIAN GARCIA	1	2025-11-08 02:35:58.863819	2025-11-08 02:35:58.863819
204	LIENTUR 664	DANIELA CASTILLO	1	2025-11-08 02:35:58.154522	2025-11-08 02:35:58.184652
203	LIENTUR 675	BERNARDO ARAYA	1	2025-11-08 02:35:58.133115	2025-11-08 02:35:58.202909
169	MAIPU 1472 D-54	M.TERESA PINO	1	2025-11-08 02:35:57.053289	2025-11-08 02:35:58.220546
205	FREIRE 1627 D-1201	CAROLA ERIZ	1	2025-11-08 02:35:58.243175	2025-11-08 02:35:58.243175
223	LAUTARO 484 D-301	SERGIO VIVEROS	1	2025-11-08 02:35:58.884785	2025-11-08 02:35:58.884785
206	GALVARINO 427 D-406	LUCIANO MUÑOZ	1	2025-11-08 02:35:58.263706	2025-11-08 02:35:58.296977
207	FREIRE 1480 D-703	NORMA FLORES	1	2025-11-08 02:35:58.320265	2025-11-08 02:35:58.320265
224	O'HIGGINS 1650	MONICA PAZ	1	2025-11-08 02:35:58.90614	2025-11-08 02:35:58.90614
225	ROOSELVELT 1703	NELSON CASTILLO	1	2025-11-08 02:35:58.943811	2025-11-08 02:35:58.943811
208	JANEQUEO 454 D-202	LORENA GUERRERO	1	2025-11-08 02:35:58.342358	2025-11-08 02:35:58.436035
209	JANEQUEO 642	JOHANNA DAVILA	1	2025-11-08 02:35:58.392643	2025-11-08 02:35:58.455287
210	LAUTARO 581	BRUNO POLITO	1	2025-11-08 02:35:58.477721	2025-11-08 02:35:58.477721
211	LA VIRGEN 184	CARLA CRUZ	1	2025-11-08 02:35:58.497134	2025-11-08 02:35:58.497134
212	AINAVILLO 591	MARIA MOLINA	1	2025-11-08 02:35:58.533179	2025-11-08 02:35:58.533179
213	JANEQUEO 564 D-506	RICARDO SAAVEDRA	1	2025-11-08 02:35:58.574573	2025-11-08 02:35:58.574573
214	FREIRE 1530 CASA 3	RAYEN RIVERA	1	2025-11-08 02:35:58.596749	2025-11-08 02:35:58.596749
215	LAUTARO 410 D-21	CLAUDIO CARDENAS	1	2025-11-08 02:35:58.62066	2025-11-08 02:35:58.62066
217	FREIRE 1595 D-602	IVAN FERRADA	1	2025-11-08 02:35:58.66148	2025-11-08 02:35:58.679361
218	GALVARINO 427-505	FABIOLA VELASQUEZ	1	2025-11-08 02:35:58.762982	2025-11-08 02:35:58.762982
219	O'HIGGINS 1530 B	MARTA MORENO	1	2025-11-08 02:35:58.785332	2025-11-08 02:35:58.785332
220	BARROS ARANA 1672 D-907	SONIA GUERRA	1	2025-11-08 02:35:58.804777	2025-11-08 02:35:58.804777
221	LAUTARO 563 D-504	PATRICIA CHAVARRIA	1	2025-11-08 02:35:58.823118	2025-11-08 02:35:58.840677
226	MAC-IVER 1690	JUAN JOSÉ CALDERON	1	2025-11-08 02:35:58.962352	2025-11-08 02:35:58.962352
227	LAUTARO 323 D-301	JANNETTE AÑI	1	2025-11-08 02:35:58.982717	2025-11-08 02:35:58.982717
228	AINAVILLO 519	ALEJANDRA DE BORGUIE	1	2025-11-08 02:35:59.005277	2025-11-08 02:35:59.005277
229	BARROS ARANA 1532 D-3A	GONZALO GRANDON	1	2025-11-08 02:35:59.02713	2025-11-08 02:35:59.02713
230	MAIPU 1676 BLOCK B D-32	RODRIGO ALTAMIRANO	1	2025-11-08 02:35:59.046894	2025-11-08 02:35:59.046894
231	AINAVILLO 513	MARTA CABRERA	1	2025-11-08 02:35:59.084238	2025-11-08 02:35:59.084238
232	FREIRE 1901	ISRAEL SEPULVEDA	1	2025-11-08 02:35:59.103279	2025-11-08 02:35:59.118589
174	MAIPU 1684	JAIME VASQUEZ	1	2025-11-08 02:35:57.236591	2025-11-08 02:35:59.137738
233	MAIPU 1540 D-712	MARIA LUISAS BURGOS	1	2025-11-08 02:35:59.159796	2025-11-08 02:35:59.159796
234	AINAVILLO 485 D-201	GINDRA ESCOBAR	1	2025-11-08 02:35:59.179583	2025-11-08 02:35:59.179583
235	LIENTUR 631	MARGARITA LOPEZ	1	2025-11-08 02:35:59.218357	2025-11-08 02:35:59.218357
236	LIENTUR 699	MAGALI AGUILERA	1	2025-11-08 02:35:59.236984	2025-11-08 02:35:59.236984
239	O'HIGGINS 1655 DEPTO 201	MARIA JOSE VASQUEZ	1	2025-11-08 02:35:59.380819	2025-11-08 02:35:59.380819
237	GALVARINO 660	PATRICIO MIRANDA	1	2025-11-08 02:35:59.291533	2025-11-08 02:35:59.325989
238	BARROS ARANA 1659 DEPTO A-3	JIMENEZ SORI	1	2025-11-08 02:35:59.347787	2025-11-08 02:35:59.347787
240	BARROS ARANA 1159	PATRICIO JIMENEZ	1	2025-11-08 02:35:59.399789	2025-11-08 02:35:59.399789
241	BARROS ARANA 1661 D-23	JOAQUIN SANZANA	1	2025-11-08 02:35:59.418841	2025-11-08 02:35:59.418841
242	BARROS ARANA 1661 D-43	GABRIELA SANZANA	1	2025-11-08 02:35:59.440111	2025-11-08 02:35:59.440111
243	VILUMILLA 663	MARIA VICTORIA VIVEROS	1	2025-11-08 02:44:46.73506	2025-11-08 02:44:46.73506
192	BARROS ARANA 1701 D-601	PATRICIA BAUER	1	2025-11-08 02:35:57.834608	2025-11-08 22:13:55.218549
\.


--
-- Data for Name: apartments; Type: TABLE DATA; Schema: public; Owner: csantana
--

COPY public.apartments (id, number, description, start_date, user_id, created_at, updated_at, address_id, ap_paterno, ap_materno, nombre, edad, estado_civil, profesion, domicilio, rut, dv, telefono, estado) FROM stdin;
1	1	HENRIQUEZ CID NORA DEL C. 	2022-06-04	1	2025-07-06 16:34:39.110396	2025-11-08 02:35:51.008166	7	HENRIQUEZ	CID	NORA DEL C.	71	VIUDA	JUBILADA	BARROS ARANA 1532 CASA G	5612424	1	994729721	A
4	4	HERMOSILLA HERMOSILLA SONIA 	2022-06-04	1	2025-07-06 16:34:39.131817	2025-11-08 02:35:51.097219	9	HERMOSILLA	HERMOSILLA	SONIA	66	CASADA	D.DE C.	LAUTARO 630	6531946	9		A
5	5	CORNEJO BARRA RICARDO 	2022-06-04	1	2025-07-06 16:34:39.13911	2025-11-08 02:35:51.130597	10	CORNEJO	BARRA	RICARDO	60	CASADO	TRANPORTISTA	MAIPU 1458 CASA 1	9295202	9	979530260	A
7	7	ORELLANA LOPEZ CLAUDIO 	2022-06-04	1	2025-07-06 16:34:39.15089	2025-11-08 02:35:51.213401	12	ORELLANA	LOPEZ	CLAUDIO	84	CASADO	PENSIONADO	GALVARINO 321	4083801	5		A
9	9	VARELA HORMAZABAL HILDA 	2022-06-04	1	2025-07-06 16:34:39.163861	2025-11-08 02:35:51.279958	14	VARELA	HORMAZABAL	HILDA	75	SEPARADA	TECNICO	BARROS ARANA 1532 CASA B	5727306	2	999422176	A
11	11	SANCHEZ SANCHEZ EDGARDO 	2022-06-04	1	2025-07-06 16:34:39.183901	2025-11-08 02:35:51.339115	15	SANCHEZ	SANCHEZ	EDGARDO	63	SOLTERO	MUSICO	BARROS ARANA 1522 DEPTO 101	7873780	8		A
13	13	SENN MORAN EMILIO 	2022-06-04	1	2025-07-06 16:34:39.198676	2025-11-08 02:35:51.391219	17	SENN	MORAN	EMILIO	22	SOLTERO	ESTUDIANTE	JUAN BOSCO 1828 D-21	20161731	6	962666149	A
14	14	MELLA RAVANAL BEATRIZ 	2022-06-04	1	2025-07-06 16:34:39.205657	2025-11-08 02:35:51.431763	18	MELLA	RAVANAL	BEATRIZ	60	SOLTERA	ADMINISTRADOR	BARROS ARANA 1522 DEPTO 42	9208131	1	975406008	A
16	16	CHAMBLAS NAVARRETE OCTAVIO 	2022-06-04	1	2025-07-06 16:34:39.219777	2025-11-08 02:35:51.485478	20	CHAMBLAS	NAVARRETE	OCTAVIO	30	SOLTERO	PROFESOR	LAUTARO 431 D-304	17548509	0		A
20	20	CAVIERES PARADA GRISEL 	2022-06-04	1	2025-07-06 16:34:39.250346	2025-11-08 02:35:51.586314	23	CAVIERES	PARADA	GRISEL	42	SOLTERA	BIOLOGO	O'HIGGINS 1634 D-402	13770437	4	999051571	A
21	21	AGUILERA OLIVARES DANIEL 	2022-06-04	1	2025-07-06 16:34:39.257648	2025-11-08 02:35:51.625437	24	AGUILERA	OLIVARES	DANIEL	40	SOLTERO	BIOLOGO	JANEQUEO 564 D-601	15062996	9	994658495	A
23	23	VARELA HORMAZABAL TOMAS 	2022-06-04	1	2025-07-06 16:34:39.271832	2025-11-08 02:35:51.676858	25	VARELA	HORMAZABAL	TOMAS	73	CASADO	ASIST.SOCIAL	GALVARINO 365 D-601	6142452	0	995481725	A
25	25	GARCIA ARANEDA CARLOS 	2022-06-04	1	2025-07-06 16:34:39.285119	2025-11-08 02:35:51.722599	26	GARCIA	ARANEDA	CARLOS	76	CASADO	PROFESOR	MAIPU 1458 CASA 6	5592630	1	987844703	A
29	29	MEZA GALLARDO MACARENA 	2022-06-04	1	2025-07-06 16:34:39.310744	2025-11-08 02:35:51.824065	29	MEZA	GALLARDO	MACARENA	28	SOLTERA	NUTRICIONISTA	BARROS ARANA 1584 D-101	18552064	1	983952686	A
31	31	LASAGNA LABBE SILVANA 	2022-06-04	1	2025-07-06 16:34:39.328467	2025-11-08 02:35:51.881629	31	LASAGNA	LABBE	SILVANA	67	SOLTERA	QUIMICO A,	MAIPU 1676 BLOCK A D-21	7271792	9	987685877	A
33	33	FUENTES VILLALOBOS FRANCISCO 	2022-06-04	1	2025-07-06 16:34:39.343905	2025-11-08 02:35:51.933576	33	FUENTES	VILLALOBOS	FRANCISCO	33	CONVIVIENTE	INGENIERO	JUAN BOSCO 1863 D-1209	17154914	0	985172711	A
34	34	VERA VERA ALEJANDRO 	2022-06-04	1	2025-07-06 16:34:39.350297	2025-11-08 02:35:51.954187	33	VERA	VERA	ALEJANDRO	37	CONVIVIENTE	ABOGADO	JUAN BOSCO 1863 D-1209	16040097	4	975782323	A
36	36	VERGARA BASTIAS LORENA 	2022-06-04	1	2025-07-06 16:34:39.364767	2025-11-08 02:35:52.003371	34	VERGARA	BASTIAS	LORENA	52	CASADA	DENTISTA	ROOSEVELT 1703 D-70	10725735	7	979233121	A
38	38	FRINDT GARRETON M. VALERIA 	2022-06-04	1	2025-07-06 16:34:39.377508	2025-11-08 02:35:52.057944	36	FRINDT	GARRETON	M. VALERIA	51	SOLTERA	PROFESORA	AINAVILLO 465 D-203	11678107	7	998472351	A
40	40	OLAVARRIA BENNETT SONIA 	2022-06-04	1	2025-07-06 16:34:39.392329	2025-11-08 02:35:52.108223	37	OLAVARRIA	BENNETT	SONIA	74	SOLTERA	MATRONA	AINAVILLO 620	5990088	K	997846248	A
42	42	GUTIERREZ ZAMORANO LUIS 	2022-06-04	1	2025-07-06 16:34:39.406423	2025-11-08 02:35:52.15835	39	GUTIERREZ	ZAMORANO	LUIS	58	CASADO	CONTADOR	BARROS ARANA 1584 D-102	9746684	K	991272412	A
43	43	POPP MELENDEZ ALEX 	2022-06-04	1	2025-07-06 16:34:39.414129	2025-11-08 02:35:52.186188	40	POPP	MELENDEZ	ALEX	73	CASADO	JUBILADO	BARROS ARANA 1532 CASA D	5164177	9	998834888	A
47	47	MORA TAPIA NATALIA 	2022-06-04	1	2025-07-06 16:34:39.440749	2025-11-08 02:35:52.292223	43	MORA	TAPIA	NATALIA	51	CASADA	ASIST.SOCIAL	LA VIRGEN 12	10663914	0	989980065	A
49	49	VERA MAYORGA HERNAN 	2022-06-04	1	2025-07-06 16:34:39.453976	2025-11-08 02:35:52.339777	44	VERA	MAYORGA	HERNAN	78	CASADO	INGENIERO	GALVARINO 365	4941976	0	998278473	A
51	51	DELGADO RAMOS ANTONIA 	2022-06-04	1	2025-07-06 16:34:39.471911	2025-11-08 02:35:52.39439	46	DELGADO	RAMOS	ANTONIA	20	SOLTERA	ESTUDIANTE	BARROS ARANA 1532 D-4A	20987646	9	974223684	A
53	53	LEZCANO CASTRO VICTOR 	2022-06-04	1	2025-07-06 16:34:39.487369	2025-11-08 02:35:52.44464	47	LEZCANO	CASTRO	VICTOR	76	CASADO	JUBILADO	VILUMILLA 654	4537272	3	977167293	A
55	55	AGUAYO CATALAN DANIEL 	2022-06-04	1	2025-07-06 16:34:39.501926	2025-11-08 02:35:52.501048	49	AGUAYO	CATALAN	DANIEL	37	SOLTERO	IG,INFORM	JANEQUEO 454 D-402	16602956	9	994729288	A
56	56	YAGI VALENZUELA JAVIERA 	2022-06-04	1	2025-07-06 16:34:39.50916	2025-11-08 02:35:52.526366	50	YAGI	VALENZUELA	JAVIERA	24	SOLTERA	GEOGRAFA	GALVARINO 347 D-1401	19757644	8	978291603	A
58	58	YAGI MUÑOZ NELSON 	2022-06-04	1	2025-07-06 16:34:39.521678	2025-11-08 02:35:52.57528	51	YAGI	MUÑOZ	NELSON	56	CASADO	ING,CIVIL	BARROS ARANA 1572 D-302	10085725	1	986691133	A
60	60	FLORES VENEGAS RODRIGO 	2022-06-04	1	2025-07-06 16:34:39.53742	2025-11-08 02:35:52.631511	53	FLORES	VENEGAS	RODRIGO	27	SOLTERO	ING,CIVIL	GALVARINO 427	18355832	1	931823682	A
64	64	INOSTROZA CASTILLO JAVIER 	2022-06-04	1	2025-07-06 16:34:39.567334	2025-11-08 02:35:52.732455	57	INOSTROZA	CASTILLO	JAVIER	29	SOLTERO	ABOGADO	GALVARINO 347 D-1007	18168838	6	962096741	A
66	66	INOSTROZA ANABALON VALENTINA 	2022-06-04	1	2025-07-06 16:34:39.580598	2025-11-08 02:35:52.779437	2	INOSTROZA	ANABALON	VALENTINA	36	SOLTERA	FORJA	JANEQUEO 670	16140383	0	951005477	A
67	67	ANABALON QUIROZ VIVIANA 	2022-06-04	1	2025-07-06 16:34:39.587093	2025-11-08 02:35:52.803545	2	ANABALON	QUIROZ	VIVIANA	68	SOLTERA	ABAGADO	JANEQUEO 670	6959719	K	994991128	A
69	69	VARGAS VILLAGRA HEGIA 	2022-06-04	1	2025-07-06 16:34:39.601346	2025-11-08 02:35:52.85485	59	VARGAS	VILLAGRA	HEGIA	47	CASADA	ASIS SOCIAL	FREIRE 1460 CASA 2	12918128	1	957491076	A
71	71	OCAMPO DELGADO NATASHA 	2022-06-04	1	2025-07-06 16:34:39.614955	2025-11-08 02:35:52.901226	60	OCAMPO	DELGADO	NATACHA	30	SOLTERA	TRADUCTOR	FREIRE 1746	17617623	7	982861486	A
77	77	AREVALO DAVILA ROSA 	2022-06-04	1	2025-07-06 16:34:39.655729	2025-11-08 02:35:52.946794	61	AREVALO	DAVILA	ROSA	67	CASADA	MEDICO	ROOSEVELT 1697 D-1	6135276	7	984293573	A
80	80	LABARCA LAGOS MONICA 	2022-06-04	1	2025-07-06 16:34:39.677994	2025-11-08 02:35:53.029268	63	LABARCA	LAGOS	MONICA	52	SOLTERA	D DE C	MAIPU 1576	10544090	1	988898688	A
82	82	ITURRIA CAMPANO SERGIO 	2022-06-04	1	2025-07-06 16:34:39.691505	2025-11-08 02:35:53.078576	41	ITURRIA	CAMPANO	SERGIO	38	SOLTERO	INGENIERO	LAUTARO 645 A	15614754	0	956184994	A
84	84	SAN JUAN RAMOS VICTOR 	2022-06-04	1	2025-07-06 16:34:39.706137	2025-11-08 02:35:53.140286	66	SAN JUAN	RAMOS	VICTOR	76	CASADO	ING,CIVIL	BARROS ARANA 1751 INT	4275285	1	990848460	A
74	74	Sin socio	2022-06-01	1	2025-07-06 16:34:39.635744	2025-10-17 20:46:46.222479	\N	\N	\N	\N	\N	\N	\N	\N	\N	\N	\N	\N
72	72	Sin socio	2022-06-01	1	2025-07-06 16:34:39.622202	2025-10-17 20:47:10.202363	\N	\N	\N	\N	\N	\N	\N	\N	\N	\N	\N	\N
75	75	Sin socio	2022-06-01	1	2025-07-06 16:34:39.64297	2025-10-17 20:47:16.733761	\N	\N	\N	\N	\N	\N	\N	\N	\N	\N	\N	\N
100	100	LAMAS ZENTENO ANA 	2022-06-04	1	2025-07-06 16:34:39.820277	2025-11-08 02:56:12.069527	105	LAMAS	ZENTENO	ANA	73	VIUDA	ED.PARVULOS	LAUTARO 635 A	5454647	2	982482599	A
27	27	SEPULVEDA CABRERA CARLOS 	2022-06-04	1	2025-07-06 16:34:39.298626	2025-11-08 02:35:51.76807	27	SEPULVEDA	CABRERA	CARLOS	37	SOLTERO	ABOGADO	BARROS ARANA 1532 CASA F	16065368	K	998957013	A
45	45	ITURRIA CAMPANO VERONICA 	2022-06-04	1	2025-07-06 16:34:39.427469	2025-11-08 02:35:52.243995	42	ITURRIA	CAMPANO	VERONICA	43	SOLTERA	TEC.ANALISTA	LAUTARO 645 C	13622557	K	957315042	A
95	95	YEVENES ELGUETA ROSA 	2022-06-04	1	2025-07-06 16:34:39.784213	2025-11-08 02:35:53.384802	74	YEVENES	ELGUETA	ROSA	88	CASADA	D. DE C.	ROOSEVELT 1703 D-50	4714404	3		A
97	97	URIBE MATURANA DANIELA 	2022-06-04	1	2025-07-06 16:34:39.799332	2025-11-08 02:35:53.43852	76	URIBE	MATURANA	DANIELA	35	SOLTERA	ABOGADO	GALVARINO 470	16283958	6	991345462	A
99	99	PARES LAMAS SARA 	2022-06-04	1	2025-07-06 16:34:39.813034	2025-11-08 02:35:53.491346	78	PARES	LAMAS	SARA	55	SOLTERA	D. DE C.	LAUTARO 635 A	8685455	4	977598411	A
102	102	LAMAS ZENTENO MARIA ROSA 	2022-06-04	1	2025-07-06 16:34:39.833152	2025-11-08 02:35:53.570398	80	LAMAS	ZENTENO	MARIA ROSA	78	CASADA	D. DE C.	LAUTARO 635 INT	5309452	K	979770148	A
104	104	BROCEWERS LEFORT PAULINA 	2022-06-04	1	2025-07-06 16:34:39.84622	2025-11-08 02:35:53.623065	81	BROCEWERS	LEFORT	PAULINA	50	SOLTERA		GALVARINO 347	11897366	6	991517887	A
106	106	BECERRA FERNANDEZ JORGE 	2022-06-04	1	2025-07-06 16:34:39.861296	2025-11-08 02:35:53.678272	82	BECERRA	FERNANDEZ	JORGE	40	CASADO	AD.EMPRESA	JANEQUEO 285 D-703	12114924	9	994162200	A
108	108	SALAZAR GARRETON CAMILO 	2022-06-04	1	2025-07-06 16:34:39.874903	2025-11-08 02:35:53.730806	84	SALAZAR	GARRETON	CAMILO	38	SOLTERO	VETERINARIO	JUAN BOSCO 1856 A D-101	15592693	7	987203028	A
110	110	SANTIBANEZ BADLLA ELIZABETH 	2022-06-04	1	2025-07-06 16:34:39.889147	2025-11-08 02:35:53.784877	86	SANTIBANEZ	BADLLA	ELIZABETH	75	CASADA	JUBILADA	AINAVILLO 587	6294830	2	995715437	A
111	111	HORMAZABAL ROZAS OMAR 	2022-06-04	1	2025-07-06 16:34:39.895333	2025-11-08 02:35:53.805939	86	HORMAZABAL	ROZAS	OMAR	76	CASADO	JUBILADO	AINAVILLO 587	5264009	1	982058992	A
113	113	MONTECINOS LOYOLA PABLO 	2022-06-04	1	2025-07-06 16:34:39.908293	2025-11-08 02:35:53.858414	88	MONTECINOS	LOYOLA	PABLO	53	SOLTERO	ARQUITECTO	FREIRE 1755 D-501	10675878	6	976991976	A
115	115	LOPEZ DIAZ CLAUDIA 	2022-06-04	1	2025-07-06 16:34:39.922464	2025-11-08 02:35:53.904838	89	LOPEZ	DIAZ	CLAUDIA	52	SOLTERA	DENTISTA	BARROS ARANA 1699	10021222	6	998759378	A
118	118	ARELLANO ESCOBAR JUAN LUIS 	2022-06-04	1	2025-07-06 16:34:39.943903	2025-11-08 02:35:53.989635	92	ARELLANO	ESCOBAR	JUAN LUIS	28	SOLTERO	ESTUDIANTE	FREIRE 1414	18808308	0	956284385	A
120	120	ROJAS ENCINA OCTAVIO 	2022-06-04	1	2025-07-06 16:34:39.957862	2025-11-08 02:35:54.046135	94	ROJAS	ENCINA	OCTAVIO	69	CASADO	PROFESOR	FREIRE 1497	6488318	6	961913854	A
122	122	POPP MOSCIATTI VITTORIO 	2022-06-04	1	2025-07-06 16:34:39.970841	2025-11-08 02:35:54.091981	40	POPP	MOSCIATTI	VITTORIO	28	SOLTERO	ESTUDIANTE	BARROS ARANA 1532 CASA D	18807782	K	956790269	A
124	124	SANHUEZA REYES MARGARITA 	2022-06-04	1	2025-07-06 16:34:39.985129	2025-11-08 02:35:54.147005	97	SANHUEZA	REYES	MARGARITA	79	CASADA	JUBILADA	LUIS URRUTIA MANZANO 446	5380068	8	984132016	A
126	126	COLOMA ARANEDA JUAN 	2022-06-04	1	2025-07-06 16:34:39.998533	2025-11-08 02:35:54.1954	98	COLOMA	ARANEDA	JUAN	37	SOLTERO	INGENIERO	AINAVILLO 625	16009708	6	961958492	A
127	127	VALDES DIAZ STEFFAN 	2022-06-04	1	2025-07-06 16:34:40.005698	2025-11-08 02:35:54.223594	99	VALDES	DIAZ	STEFFAN	29	SOLTERO	BIOLOGO	LAUTARO 431	18226744	9	978903408	A
129	129	VILLARROEL HENRIQUEZ PAULINA 	2022-06-04	1	2025-07-06 16:34:40.018834	2025-11-08 02:35:54.265594	7	VILLARROEL	HENRIQUEZ	PAULINA	45	SOLTERA	ED.PARVULOS	BARROS ARANA 1532 CASA G	13305988	1	956794323	A
131	131	ESPINOZA REYES ANITA 	2022-06-04	1	2025-07-06 16:34:40.032607	2025-11-08 02:35:54.318381	101	ESPINOZA	REYES	ANITA	60	SOLTERA	SEC.ADM	ROOSEVELT 1777 D-3	8760038	6	989678809	A
133	133	LANDEA BOLIVAR PAULA 	2022-06-04	1	2025-07-06 16:34:40.047624	2025-11-08 02:35:54.374104	103	LANDEA	BOLIVAR	PAULA	35	CASADA	PROFESOR	BARROS ARANA 1672 D-1403	16657662	K	972456948	A
137	137	ESPINOZA MORALES NORMA 	2022-06-04	1	2025-07-06 16:34:40.075585	2025-11-08 02:35:54.476398	106	ESPINOZA	MORALES	NORMA	79	CASADA	DENTISTA	FREIRE 1611 D-202	4988015	4		A
140	140	GATICA CEA JAVIERA 	2022-06-04	1	2025-07-06 16:34:40.094897	2025-11-08 02:35:54.551643	81	GATICA	CEA	JAVIERA	29	CONVIVIENTE	TRADUCTOR	GALVARINO 347	18145578	1	977573675	A
142	142	MOSSO HASBUN MARCO 	2022-06-04	1	2025-07-06 16:34:40.109437	2025-11-08 02:35:54.599948	108	MOSSO	HASBUN	MARCO	72	CASADO	ABOGADO	BARROS ARANA 1760 D-301	5014400	8	998216648	A
144	144	HENRIQUEZ ESPINOZA MIGUEL 	2022-06-04	1	2025-07-06 16:34:40.123289	2025-11-08 02:35:54.649009	109	HENRIQUEZ	ESPINOZA	MIGUEL	34	SOLTERA	INGENIERO	LAUTARO 410 D-58	16960008	2	998753968	A
146	146	VILLEGAS ROJAS MARIA 	2022-06-04	1	2025-07-06 16:34:40.137298	2025-11-08 02:35:54.70479	111	VILLEGAS	ROJAS	MARIA	35	SOLTERA	T.OCUPACIONAL	BARROS ARANA 1701 D-802	16353414	2	991583323	A
148	148	MARIN PARRA NICOLAS 	2022-06-04	1	2025-07-06 16:34:40.150173	2025-11-08 02:35:54.757931	113	MARIN	PARRA	NICOLAS	26	SOLTERO	INGENIERO	DANIEL URREJOLA 35 D-402	19001328	6	957392978	A
149	149	PARRA CHICAGO JORGE 	2022-06-04	1	2025-07-06 16:34:40.156618	2025-11-08 02:35:54.783074	114	PARRA	CHICAGO	JORGE	64	CASADO	PROFESOR	GALVARINO 427 D-303	6883128	8	412980280	A
151	151	CONTRERAS OJEDA EDUARDO 	2022-06-04	1	2025-07-06 16:34:40.171237	2025-11-08 02:35:54.832829	116	CONTRERAS	OJEDA	EDUARDO	32	SOLTERO		LAUTARO 410 D-32	17393670	2	986278359	A
153	153	PARRA PAZ JULIO 	2022-06-04	1	2025-07-06 16:34:40.186101	2025-11-08 02:35:54.877642	55	PARRA	PAZ	JULIO	40	SOLTERO	PROFESOR	AINAVILLO 625 D-3	15221181	3	995637651	A
155	155	MELLA ROSAMEL BEATY 	2022-06-04	1	2025-07-06 16:34:40.199269	2025-11-08 02:35:54.932019	118	MELLA	ROSAMEL	BEATY	60	SOLTERA	ADM	BARROS ARANA 1522 D-42	9608131	1	975406008	A
158	158	ROBERTSON HERRERA MA. JULIA 	2022-06-04	1	2025-07-06 16:34:40.21891	2025-11-08 02:35:55.012451	121	ROBERTSON	HERRERA	MA. JULIA	85	VIUDA		AINAVILLO 558 D-201	3627849	8	998797046	A
160	160	TAPIA RIVERA MONICA 	2022-06-04	1	2025-07-06 16:34:40.233555	2025-11-08 02:35:55.067249	122	TAPIA	RIVERA	MONICA	85	SOLTERA		MAIPU 1684 D-32	4328840	7	989403002	A
162	162	CARRILLO CORREA MARGARITA 	2022-06-04	1	2025-07-06 16:34:40.248687	2025-11-08 02:35:55.114141	39	CARRILLO	CORREA	MARGARITA	61	CASADA		BARROS ARANA 1584 D-102	9555995	6	993256069	A
164	164	CAMPANO MUÑOZ MARITZA 	2022-06-04	1	2025-07-06 16:34:40.261777	2025-11-08 02:35:55.160064	41	CAMPANO	MUÑOZ	MARITZA	64	CASADA		LAUTARO 645 A	8609914	4	921905134	A
165	165	CAMPANO MUÑOZ CRISTINA 	2022-06-04	1	2025-07-06 16:34:40.2691	2025-11-08 02:35:55.186603	123	CAMPANO	MUÑOZ	CRISTINA	59	SOLTERA		LAUTARO 645 B	10036489	1	987535224	A
167	167	RODRIGUEZ MORA JUAN 	2022-06-04	1	2025-07-06 16:34:40.281694	2025-11-08 02:35:55.229089	43	RODRIGUEZ	MORA	JUAN	18	SOLTERO	ESTUDIANTE	LA VIRGEN 12	21573918	K	950065903	A
169	169	MEZA ALCORTA ROSA 	2022-06-04	1	2025-07-06 16:34:40.297859	2025-11-08 02:35:55.288056	125	MEZA	ALCORTA	ROSA	71	CASADA	JUBILADA	GALVARINO 365 D-801	5625928	7	998177450	A
171	171	NAVARRETE VEGA CARMEN 	2022-06-04	1	2025-07-06 16:34:40.312426	2025-11-08 02:35:55.355388	127	NAVARRETE	VEGA	CARMEN	65	SOLTERA		FREIRE 1755 D-203	7187138	K	991832794	A
88	88	Sin socio	2022-06-01	1	2025-07-06 16:34:39.734308	2025-10-17 20:47:23.929	\N	\N	\N	\N	\N	\N	\N	\N	\N	\N	\N	\N
57	57	ZURITA ZURITA PABLINA 	2022-06-04	1	2025-07-06 16:34:39.515672	2025-11-08 02:35:52.545253	10	ZURITA	ZURITA	PABLINA	62	CASADA	INGENIERO	MAIPU 1458 CASA 1	7112009	0	994936951	A
79	79	ROMERO BORQUEZ CRISTOPHER 	2022-06-04	1	2025-07-06 16:34:39.670061	2025-11-08 02:35:53.002022	62	ROMERO	BORQUEZ	CRISTOPHER	30	SOLTERO	INGENIERO	BARROS ARANA 1672 D-1408	17617059	K	998764842	A
176	176	VEGA ALISTE ALFONSO 	2022-06-04	1	2025-07-06 16:34:40.346373	2025-11-08 02:35:55.485385	130	VEGA	ALISTE	ALFONSO	30	SOLTERO	GEOGRAFO	GALVARINO 374 D-1401	17560987	3	982042620	A
178	178	YAGI VALENZUELA IÑIGO 	2022-06-04	1	2025-07-06 16:34:40.365245	2025-11-08 02:35:55.539733	51	YAGI	VALENZUELA	IÑIGO	19	SOLTERO	ESTUDIANTE	BARROS ARANA 1572 D-302	21175503	2	990676923	A
180	180	LAGOS CONTRERAS PAULA 	2022-06-04	1	2025-07-06 16:34:40.381829	2025-11-08 02:35:55.587971	131	LAGOS	CONTRERAS	PAULA	35	SOLTERA	AD.PUBLICO	GALVARINO 427 D-403	16757006	2	944043888	A
182	182	GUAJARDO YAÑEZ MONICA 	2022-06-04	1	2025-07-06 16:34:40.398401	2025-11-08 02:35:55.637264	132	GUAJARDO	YAÑEZ	MONICA	75	VIUDA	ABOGADA	FREIRE 1718	4772275	6	950907494	A
184	184	GARDA PINTO FELIPE ANDRES	2022-06-04	1	2025-07-06 16:34:40.413482	2025-11-08 02:35:55.696104	134	GARDA	PINTO	FELIPE	32	SOLTERO	INGENIERO	ROOSEVELT 1703 D-31	17346108	3	944461823	A
185	185	GARDA PINTO NATALIA 	2022-06-04	1	2025-07-06 16:34:40.423847	2025-11-08 02:35:55.719434	117	GARDA	PINTO	NATALIA	28	SOLTERA		O´HIGGINS 1672 D-703	18808313	7	962396189	A
189	189	SEPULVEDA VARGAS CAMILA 	2022-06-04	1	2025-07-06 16:34:40.46134	2025-11-08 02:35:55.821657	137	SEPULVEDA	VARGAS	CAMILA	26	SOLTERA		FREIRE 1760 D-2	19091016	4	975679920	A
191	191	OCAMPO DELGADO DAVID 	2022-06-04	1	2025-07-06 16:34:40.4783	2025-11-08 02:35:55.87027	60	OCAMPO	DELGADO	DAVID	27	SOLTERO		FREIRE 1746	19087709	4	981521143	A
192	192	OCAMPO DIAZ OSCAR 	2022-06-04	1	2025-07-06 16:34:40.485941	2025-11-08 02:35:55.891674	60	OCAMPO	DIAZ	OSCAR	72	CASADO		FREIRE 1746	6410825	5	981959391	A
194	194	TOLEDO ARANDA FELIPE 	2022-06-04	1	2025-07-06 16:34:40.504287	2025-11-08 02:35:55.939268	139	TOLEDO	ARANDA	FELIPE	22	SOLTERO	ESTUDIANTE	AINAVILLO 465 D-404	20156069	1	973855729	A
196	196	ORTEGA ORREGO PABLO 	2022-06-04	1	2025-07-06 16:34:40.523687	2025-11-08 02:35:55.988752	63	ORTEGA	ORREGO	PABLO	68	DIVORCIADO		MAIPU 1576	7140378	5	991285382	A
198	198	MARTINEZ HERNAMDEZ DIANA 	2022-06-04	1	2025-07-06 16:34:40.541315	2025-11-08 02:35:56.050862	142	MARTINEZ	HERNAMDEZ	DIANA	82	CASADA	ODONTOLOGO	JUAN BOSCO 1896 D-41	4168641	3	998837315	A
200	200	PALMA BUSTOS ELISABETH 	2022-06-04	1	2025-07-06 16:34:40.55714	2025-11-08 02:35:56.103904	143	PALMA	BUSTOS	ELISABETH	70	CASADA	MATRONA	FREIRE 1656 CASA G	6075229	K	978061788	A
201	201	AEDO FIERRO PEDRO 	2022-06-04	1	2025-07-06 16:34:40.564441	2025-11-08 02:35:56.125282	65	AEDO	FIERRO	PEDRO	57	CASADO	PROFESOR	JUAN BOSCO 1806 D-12	9692323	6	997791972	A
205	205	GRARIA LOPEZ ROCIO 	2022-06-04	1	2025-07-06 16:34:40.59703	2025-11-08 02:35:56.224758	146	GRARIA	LOPEZ	ROCIO	38	CASADA	FONOAUDIO	FREIRE 1755 D-602	15591039	9	998013083	A
206	206	BAO MARCELA 	2022-06-04	1	2025-07-06 16:34:40.604623	2025-11-08 02:35:56.252717	147	BAO	MORA	MARCELA	24	SOLTERA		JANEQUEO 564 D-302	19796825	7	969003931	A
208	208	ENRIQUEZ RUBIO GASTON 	2022-06-04	1	2025-07-06 16:34:40.619468	2025-11-08 02:35:56.300813	74	ENRIQUEZ	RUBIO	GASTON	91	CASADO		ROOSEVELT 1703 D-50	2827840	3		A
210	210	CARRASCO JARA ERIK 	2022-06-04	1	2025-07-06 16:34:40.635353	2025-11-08 02:35:56.348952	76	CARRASCO	JARA	ERIK	41	SOLTERO	ABOGADO	GALVARINO 470	14063215	5	988470577	A
212	212	SANCHEZ NIRVANA 	2022-06-04	1	2025-07-06 16:34:40.650877	2025-11-08 02:35:56.39528	149	SANCHEZ	SALGADO	NIRVANA	30	SOLTERA		FREIRE 1627	17967886	1	954894617	A
214	214	ACEVEDO TORRES IGNACIO 	2022-06-04	1	2025-07-06 16:34:40.666271	2025-11-08 02:35:56.440143	150	ACEVEDO	TORRES	IGNACIO	26	SOLTERO		JANEQUEO 564 D-907	19089102	K	961695577	A
215	215	DIAZ PERALTA LUISA 	2022-06-04	1	2025-07-06 16:34:40.674086	2025-11-08 02:35:56.466506	151	DIAZ	PERALTA	LUISA	72	VIUDA	D.DE C.	AINAVILLO 678	7296126	9	976093345	A
217	217	EULUFI CERDA HELIA 	2022-06-04	1	2025-07-06 16:34:40.688107	2025-11-08 02:35:56.522825	153	EULUFI	CERDA	HELIA	70	VIUDA		BARROS ARANA 1795 D-10	6781128	3	962391028	A
219	219	SUAZO HENRIQUEZ PATRICIA 	2022-06-04	1	2025-07-06 16:34:40.706251	2025-11-08 02:35:56.575267	155	SUAZO	HENRIQUEZ	PATRICIA	60	VIUDA		DANIEL URREJOLA 35 D-XXX	9523027	K	959152054	A
222	222	BADILLA ARROYO FRANCISCO 	2022-06-04	1	2025-07-06 16:34:40.730464	2025-11-08 02:35:56.655862	157	BADILLA	ARROYO	FRANCISCO	33	CASADO		BARROS ARANA 1672 D-1307	17061053	K	996378040	A
224	224	VENEGAS JOFRE CLAUDIA 	2022-06-04	1	2025-07-06 16:34:40.745326	2025-11-08 02:35:56.704435	158	VENEGAS	JOFRE	CLAUDIA	59	VIUDA		O´HIGGINS 1695 D-201	8368595	6	933943829	A
226	226	CRUZ ANSELMI RODRIGO 	2022-06-04	1	2025-07-06 16:34:40.761885	2025-11-08 02:35:56.752601	159	CRUZ	ANSELMI	RODRIGO	63	CASADO		FREIRE 1839 A	7653415	2	998187068	A
228	228	MONTECINO CAROLINA 	2022-06-04	1	2025-07-06 16:34:40.778294	2025-11-08 02:35:56.802442	161	MONTECINO	MUÑOZ	CAROLINA	40	CASADA		AINAVILLO 485 D-102	15161901	0	986961499	A
229	229	RAVANAL CORA 	2022-06-04	1	2025-07-06 16:34:40.786677	2025-11-08 02:35:56.827098	162	RAVANAL	AMBROSI	CORA	53	SOLTERA		MAIPU 1458 D-4	10538809	8	990215787	A
233	233	FUENTES RUTH 	2022-06-04	1	2025-07-06 16:34:40.816212	2025-11-08 02:35:56.923826	164	FUENTES	HERMOSILLA	RUTH	29	SOLTERA		LAUTARO 630 INT	18273394	6	984802392	A
234	234	ESPARZA PEZO PEDRO 	2022-06-04	1	2025-07-06 16:34:40.825574	2025-11-08 02:35:56.948672	165	ESPARZA	PEZO	PEDRO	49	CASADO	TEC.ELECTRI	GALVARINO 319 A	12376724	1	974972056	A
236	236	SCHLEGEL TORO SARA 	2022-06-04	1	2025-07-06 16:34:40.841914	2025-11-08 02:35:56.993277	167	SCHLEGEL	TORO	SARA	65	SOLTERA		AINAVILLO 671 D-12	7768021	7	961522381	A
240	240	SALAZAR LORETO 	2022-06-04	1	2025-07-06 16:34:40.873561	2025-11-08 02:35:57.087065	170	SALAZAR	CARVALLO	LORETO	29	SOLTERA		AINAVILLO 625 - 2	18146905	6	957438483	A
242	242	BARRIGA CARLOS 	2022-06-04	1	2025-07-06 16:34:40.889942	2025-11-08 02:35:57.122025	106	BARRIGA	TRONCOSO	CARLOS	78	CASADO		FREIRE 1611 D-202	5300827	5	979777583	A
243	243	VELASQUEZ MENDEZ CAMILA 	2022-06-04	1	2025-07-06 16:34:40.897136	2025-11-08 02:35:57.139166	81	VELASQUEZ	MENDEZ	CAMILA	27	SOLTERA	PSICOLOGA	GALVARINO 347	18870565	0	965366088	A
245	245	BAÑADOS PLACENCIA BARBARA 	2022-06-04	1	2025-07-06 16:34:40.914576	2025-11-08 02:35:57.185589	172	BAÑADOS	PLACENCIA	BARBARA	42	CASADA	PROFESORA	O´HIGGINS 1544 D-502	13724889	1	992490730	A
248	248	RETAMAL RIVAS DANITZA 	2022-06-25	1	2025-07-06 16:34:40.937532	2025-11-08 02:35:57.247809	174	RETAMAL	RIVAS	DANITZA	32	SOLTERA		MAIPU 1684	17396855	8	990979956	A
249	249	SCHOLTZ SANHUEZA ERWIN 	2022-07-16	1	2025-07-06 16:34:40.94472	2025-11-08 02:35:57.264772	143	SCHOLTZ	SANHUEZA	ERWIN	73	CASADO	ING.COMERC.	FREIRE 1656 CASA G	5187214	6	98744456	A
251	251	VILLARROEL PINO PAULA 	2022-06-25	1	2025-07-06 16:34:40.961599	2025-11-08 02:35:57.303492	175	VILLARROEL	PINO	PAULA	42	SOLTERA	PSICOLOGA	LAUTARO 685	12085631	6	977490957	A
253	253	MUÑOZ GUZMAN CECILIA 	2022-06-25	1	2025-07-06 16:34:40.978385	2025-11-08 02:35:57.342162	133	MUÑOZ	GUZMAN	CECILIA	68	VIUDA		AINAVILLO 625 - 3	7392590	8	967682643	A
255	255	JAEN HARISMENDY MARY 	2022-06-25	1	2025-07-06 16:34:40.994089	2025-11-08 02:35:57.385262	178	JAEN	HARISMENDY	MARY	72	CASADO	TEC MEDICO	BARROS ARANA 1579 D-31	6313519	4	982178718	A
257	257	CORRAL LLULL LINA 	2022-06-25	1	2025-07-06 16:34:41.008381	2025-11-08 02:35:57.425362	108	CORRAL	LLULL	LINA	71	CASADO		BARROS ARANA 1760 D-301	8484872	7	978799977	A
2	2	BRICEÑO VALENCIA LESLEY 	2022-06-04	1	2025-07-06 16:34:39.117873	2025-11-08 02:35:51.038677	8	BRICEÑO	VALENCIA	LESLEY	46	SOLTERA	DOCENTE	BARROS ARANA 1780 D-604	10384084	8	982964639	A
312	312	VIVEROS FLORES VICTORIA 	2022-08-18	1	2025-07-06 16:34:41.409383	2025-11-08 02:45:18.558174	243	VIVEROS	FLORES	MARIA VICTORIA	77	SOLTERA	PROFESORA		5096754	9	983892699	F
283	283	OPAZO RIVEROS MARINA	2022-07-09	1	2025-07-06 16:34:41.202222	2025-11-09 01:26:03.729501	195	OPAZO	RIVEROS	MARINA	62	SOLTERA	MEDICO	BARROS ARANA 1701 D-303	7702289	9	992659958	A
83	83	VILLALOBOS SALAZAR MARCELA 	2022-06-04	1	2025-07-06 16:34:39.699097	2025-11-08 02:35:53.109419	65	VILLALOBOS	SALAZAR	MARCELA	60	CASADA	PROFESORA	JUAN BOSCO 1806 D-12	7870958	8	962076730	A
91	91	GARCIA PARRA RUTH 	2022-06-04	1	2025-07-06 16:34:39.757363	2025-11-08 02:35:53.276472	70	GARCIA	PARRA	RUTH	69	SOLTERA	SECRETARIA	BARROS ARANA 1532 D-3B	5820665	2	979876099	A
93	93	CARRASCO MIGUELES MARITZA 	2022-06-04	1	2025-07-06 16:34:39.771437	2025-11-08 02:35:53.328431	72	CARRASCO	MIGUELES	MARITZA	57	CASADA	TRADUCTOR	PADRE KORDA 2278 D-401	9100312	0	981820793	A
264	264	RAMOS MORA FABIOLA 	2022-06-28	1	2025-07-06 16:34:41.065927	2025-11-08 02:35:57.56729	185	RAMOS	MORA	FABIOLA	61	SOLTERA	EMPRESARIA	AINAVILLO 426 D-505	8161288	9	982487055	A
266	266	LABBE FIGUEROA JOSE 	2022-06-29	1	2025-07-06 16:34:41.080922	2025-11-08 02:35:57.608595	34	LABBE	FIGUEROA	JOSE	62	CASADO	INGENIERO	ROOSEVELT 1703 D-70	7645795	6	998649063	A
270	270	RIFFO SAAVEDRA VERONICA 	2022-07-02	1	2025-07-06 16:34:41.110024	2025-11-08 02:35:57.688098	188	RIFFO	SAAVEDRA	VERONICA	48	CASADA	D.DE C.	O´HIGGINS 1659	14507455	K	958582330	A
272	272	ALDEA SALDIAS JULIA 	2022-07-02	1	2025-07-06 16:34:41.12264	2025-11-08 02:35:57.725407	189	ALDEA	SALDIAS	JULIA	43	DIVOR	ARQUITECTO	PELANTARO 761 B D-402	14392437	8	966294768	A
274	274	PINTO SUAZO VICTOR 	2022-07-04	1	2025-07-06 16:34:41.13852	2025-11-08 02:35:57.76096	85	PINTO	SUAZO	VICTOR	36	SOLTERO	SOCIOLOGO	DANIEL URREJOLA 35 D-301	16229826	7	965966913	A
275	275	ARTEAGA ROMERO FRANCISCA 	2022-07-05	1	2025-07-06 16:34:41.144953	2025-11-08 02:35:57.782958	190	ARTEAGA	ROMERO	FRANCISCA	36	SOLTERA	VETERINARIA	GALVARINO 468	16152190	6	966937917	A
277	277	MALDONADO ROA PEDRO 	2022-07-09	1	2025-07-06 16:34:41.159822	2025-11-08 02:35:57.824163	191	MALDONADO	ROA	PEDRO	62	VIUDO	COMERCIANTE	BARROS ARANA 1665	7881827	1	959058709	A
279	279	ROA PEÑA Y LILLO MARCIA 	2022-07-09	1	2025-07-06 16:34:41.173042	2025-11-08 02:35:57.860425	71	ROA	PEÑA  Y LILLO	MARCIA	71	CASADA	D.DE C.	FREIRE 1487	6526495	8	977650571	A
284	284	VASQUEZ SANCHEZ SONIA 	2022-07-09	1	2025-07-06 16:34:41.209124	2025-11-08 02:35:57.965644	196	VASQUEZ	SANCHEZ	SONIA	77	CASADA	TEC.ADM.	BARROS ARANA 1701 D-604	5554315	1	995459646	A
286	286	LEPE ORTIZ TAZNA 	2022-07-09	1	2025-07-06 16:34:41.223248	2025-11-08 02:35:58.001168	96	LEPE	ORTIZ	TAZNA	41	CASADA	MATRONA	AINAVILLO 636	13844507	0	975879135	A
288	288	PEREZ HENRIQUEZ MIRIAM 	2022-07-18	1	2025-07-06 16:34:41.237766	2025-11-08 02:35:58.039801	198	PEREZ	HENRIQUEZ	MIRIAM	68	SOLTERA	MEDICO	MAIPU 1980 A	6317100	K	979681043	A
290	290	CARRASCO AZOCAR EMILIA 	2022-07-18	1	2025-07-06 16:34:41.251906	2025-11-08 02:35:58.083174	200	CARRASCO	AZOCAR	EMILIA	58	DIVORCIA	DENTISTA	MAIPU 1980 F	9695356	9	963649776	A
292	292	MUTIS ENRIQUEZ ELIANA 	2022-07-18	1	2025-07-06 16:34:41.266217	2025-11-08 02:35:58.12273	202	MUTIS	ENRIQUEZ	ELIANA	53	SOLTERA	SECRETARIA	LAUTARO 556 D-21	10441064	2	985311739	A
294	294	CASTILLO COLE CARLOS 	2022-07-18	1	2025-07-06 16:34:41.2799	2025-11-08 02:35:58.163246	204	CASTILLO	COLE	CARLOS	65	CASADO	ADMINISTRA	LIENTUR 664	7260989	2	994447089	A
296	296	CASTILLO POBLETE DANIELA 	2022-07-18	1	2025-07-06 16:34:41.294709	2025-11-08 02:35:58.196265	204	CASTILLO	POBLETE	DANIELA	27	SOLTERA	DENTISTA	LIENTUR 664	18809453	8	953689414	A
297	297	ARAYA LIZAMA BERNARDO 	2022-07-18	1	2025-07-06 16:34:41.302335	2025-11-08 02:35:58.213968	203	ARAYA	LIZAMA	BERNARDO	81	CASADO	JUBILADO	LIENTUR 675	4760251	3	976486158	A
299	299	ERIZ GOMEZ CAROLA 	2022-07-18	1	2025-07-06 16:34:41.31558	2025-11-08 02:35:58.254278	205	ERIZ	GOMEZ	CAROLA	44	SOLTERA	ARQUITECTO	FREIRE 1627 D-1201	13135684	6	999174911	A
302	302	MUÑOZ DIAZ LUCIANO 	2022-07-19	1	2025-07-06 16:34:41.335312	2025-11-08 02:35:58.308948	206	MUÑOZ	DIAZ	LUCIANO	30	SOLTERO	DENTISTA	GALVARINO 427 D-406	18143276	4	984338289	A
304	304	SANCHEZ BOBADILLA ROSA 	2022-07-23	1	2025-07-06 16:34:41.351644	2025-11-08 02:35:58.35944	208	SANCHEZ	BOBADILLA	ROSA	65	CASADA	JUBILADA	JANEQUEO 454 D-202	6709191	4	934226784	A
306	306	DAVILA VALLEJOS RICARDO 	2022-07-23	1	2025-07-06 16:34:41.36559	2025-11-08 02:35:58.404284	209	DAVILA	VALLEJOS	RICARDO	58	CASADO	PARAMEDICO	JANEQUEO 642	9538698	9	993698654	A
308	308	GUERRERO SANCHEZ LORENA 	2022-07-23	1	2025-07-06 16:34:41.379107	2025-11-08 02:35:58.448341	208	GUERRERO	SANCHEZ	LORENA	37	SOLTERA	ING.COMERC.	JANEQUEO 454 D-202	16010254	3	995032089	A
310	310	POLITO GONZALEZ BRUNO 	2022-07-23	1	2025-07-06 16:34:41.394346	2025-11-08 02:35:58.487713	210	POLITO	GONZALEZ	BRUNO	45	CASADO	MASAJISTA	LAUTARO 581	13067752	5	989915332	A
314	314	MONTECINOS MARTINEZ DIEGO 	2022-08-22	1	2025-07-06 16:34:41.424265	2025-11-08 02:35:58.562489	88	MONTECINOS	MARTINEZ	DIEGO	28	SOLTERO	INGENIERO	FREIRE 1755 D-501	18685609	0	86456148	A
316	316	RIVERA VIDAL RAYEN 	2022-09-07	1	2025-07-06 16:34:41.438374	2025-11-08 02:35:58.607862	214	RIVERA	VIDAL	RAYEN	35	SOLTERA	GEOLOGA	FREIRE 1530 CASA 3	16284620	5		A
317	317	CARDENAS HERNANDEZ CLAUDIO 	2022-09-13	1	2025-07-06 16:34:41.446518	2025-11-08 02:35:58.630501	215	CARDENAS	HERNANDEZ	CLAUDIO	34	SOLTERO	PSICOLOGO	LAUTARO 410 D-21	19946417	5		A
325	325	MORENO CASTILLO MARTA	2023-11-01	1	2025-07-06 16:34:41.506727	2025-11-08 02:35:58.794403	219	MORENO	CASTILLO	MARTA	72	SOLETERA	PROFESORA	O'HIGGINS 1530 B	5590517	7	948877698	A
327	327	ANGULO TRIBIÑO ROXANA	2024-03-19	1	2025-07-06 16:34:41.522756	2025-11-08 02:35:58.835562	221	ANGULO	TRIBIÑO	ROXANA	43	SOLTERA	PROFESORA	LAUTARO 563 D-504	13822888	6	982779621	A
329	329	GARCIA  CASTILLO SEBASTIAN	2024-05-25	1	2025-07-06 16:34:41.537371	2025-11-08 02:35:58.873404	222	GARCIA	CASTILLO	SEBASTIAN	25	SOLTERO	ESTUDIANTE	PELANTARO 687	19816284	1	973553309	A
331	331	PAZ RODRIGUEZ MONICA	2024-06-15	1	2025-07-06 16:34:41.550947	2025-11-08 02:35:58.91672	224	PAZ	RODRIGUEZ	MONICA	65	SOLTERA	ADMINISTRATIVA	O'HIGGINS 1650	7498243	3	999291635	A
333	333	CASTILLO BARRA NELSON	2024-06-15	1	2025-07-06 16:34:41.568145	2025-11-08 02:35:58.953427	225	CASTILLO	BARRA	NELSON	75	CASADO	ABOGADO	ROOSELVELT 1703	5139680	4		A
335	335	AÑI LEIVA JANNETTE	2025-02-06	1	2025-07-06 16:34:41.582358	2025-11-08 02:35:58.994417	227	AÑI	LEIVA	JANNETTE	32	SOLTERA	COMERCIANTE	LAUTARO 323 D-301	26932390	1	989439154	A
337	337	GRANDON ROJAS GONZALO	2025-04-01	1	2025-07-06 16:34:41.59618	2025-11-08 02:35:59.038338	229	GRANDON	ROJAS	GONZALO	37	SOLTERO	INGENIERO	BARROS ARANA 1532 D-3A	16886144	3		A
339	339	JARA GUAJARDO SCARLETT	2025-04-16	1	2025-07-06 16:34:41.611324	2025-11-08 02:35:59.074198	149	JARA	GUAJARDO	SCARLETT	31	SOLTERA	AUDIOLOGA	FREIRE 1627	18452377	9		A
341	341	SEPULVEDA MONJE DELIA	2025-05-10	1	2025-07-06 16:34:41.62619	2025-11-08 02:35:59.111937	232	SEPULVEDA	MONJE	DELIA	42	SOLTERA	KINESIOLOGA	FREIRE 1901	15219162	6		A
345	345	ESCOBAR DIAZ GINDRA	2025-05-23	1	2025-07-06 16:34:41.654428	2025-11-08 02:35:59.19097	234	ESCOBAR	DIAZ	GINDRA	66	CASADA	DUEÑA DE CASA	AINAVILLO 485 D-201	8503419	7		A
17	17	MANRIQUEZ FORNO M. VERONICA 	2022-06-04	1	2025-07-06 16:34:39.227141	2025-11-08 12:58:25.348761	21	MANRIQUEZ	FORNO	M.VERONICA	75	CASADA	FARMACEUTICA	FREIRE 1707	5491869	0	994509978	A
371	368	OPAZO RIVEROS MARINA	2025-09-11	1	2025-10-15 14:15:07.954615	2025-11-09 01:25:41.866306	195	\N	\N	\N	\N	\N	\N	\N	\N	\N	\N	\N
359	1001	CUOTAS SOCIALES	2022-06-01	1	2025-07-06 16:34:41.754597	2025-07-06 16:34:41.754597	\N	\N	\N	\N	\N	\N	\N	\N	\N	\N	\N	\N
360	1002	CERTIFICADOS RESIDENCIA	2022-06-01	1	2025-07-06 16:34:41.761491	2025-07-06 16:34:41.761491	\N	\N	\N	\N	\N	\N	\N	\N	\N	\N	\N	\N
361	1003	OTROS INGRESOS Y FONDOS CONCURSABLES	2022-06-01	1	2025-07-06 16:34:41.768825	2025-07-06 16:34:41.768825	\N	\N	\N	\N	\N	\N	\N	\N	\N	\N	\N	\N
3	3	FUENTES FUENTES SIGISFREDO 	2022-06-04	1	2025-07-06 16:34:39.125168	2025-11-08 02:35:51.069045	9	FUENTES	FUENTES	SIGISFREDO	64	CASADO	CONDUCTOR	LAUTARO 630	7522871	6		A
363	360	ROMERO FERNANDEZ PABLO	2025-07-16	1	2025-07-16 23:54:09.580694	2025-07-16 23:54:09.580694	\N	\N	\N	\N	\N	\N	\N	\N	\N	\N	\N	\N
364	361	MORENO NAIL GERARDO ANDRES	2025-07-16	1	2025-07-16 23:54:34.928403	2025-07-16 23:54:34.928403	\N	\N	\N	\N	\N	\N	\N	\N	\N	\N	\N	\N
380	377	SAN MARTÍN BACHMANN RODRIGO	2025-09-11	1	2025-10-15 14:15:08.031051	2025-10-22 11:14:25.362326	\N	\N	\N	\N	\N	\N	\N	\N	\N	\N	\N	\N
6	6	SEGOVIA CORTES RICARDO 	2022-06-04	1	2025-07-06 16:34:39.145084	2025-11-08 02:35:51.183649	11	SEGOVIA	CORTES	RICARDO	39	CASADO	BIOLOGO	BARROS ARANA 1522 DEPTO 102	15446655	K		A
8	8	ORELLANA FERNANDEZ GERARDO 	2022-06-04	1	2025-07-06 16:34:39.157347	2025-11-08 02:35:51.250702	13	ORELLANA	FERNANDEZ	GERARDO	55	SOLTERO	MEDICO	GALVARINO 365 D-602	10413596	6		A
365	362	TORRES SOTO MARCELA	2025-07-16	1	2025-10-15 14:15:07.89819	2025-10-22 11:14:25.265713	\N	\N	\N	\N	\N	\N	\N	\N	\N	\N	\N	\N
392	389	Sin Socio 	2025-07-01	1	2025-10-15 14:15:08.123396	2025-10-15 14:15:08.123396	\N	\N	\N	\N	\N	\N	\N	\N	\N	\N	\N	\N
394	391	Sin Socio 	2025-07-01	1	2025-10-15 14:15:08.135698	2025-10-15 14:15:08.135698	\N	\N	\N	\N	\N	\N	\N	\N	\N	\N	\N	\N
396	393	Sin Socio 	2025-07-01	1	2025-10-15 14:15:08.148299	2025-10-15 14:15:08.148299	\N	\N	\N	\N	\N	\N	\N	\N	\N	\N	\N	\N
397	394	Sin Socio 	2025-07-01	1	2025-10-15 14:15:08.160663	2025-10-15 14:15:08.160663	\N	\N	\N	\N	\N	\N	\N	\N	\N	\N	\N	\N
398	395	Sin Socio 	2025-07-01	1	2025-10-15 14:15:08.168253	2025-10-15 14:15:08.168253	\N	\N	\N	\N	\N	\N	\N	\N	\N	\N	\N	\N
399	396	Sin Socio 	2025-07-01	1	2025-10-15 14:15:08.175357	2025-10-15 14:15:08.175357	\N	\N	\N	\N	\N	\N	\N	\N	\N	\N	\N	\N
400	397	Sin Socio 	2025-07-01	1	2025-10-15 14:15:08.182865	2025-10-15 14:15:08.182865	\N	\N	\N	\N	\N	\N	\N	\N	\N	\N	\N	\N
401	398	Sin Socio 	2025-07-01	1	2025-10-15 14:15:08.190531	2025-10-15 14:15:08.190531	\N	\N	\N	\N	\N	\N	\N	\N	\N	\N	\N	\N
402	399	Sin Socio 	2025-07-01	1	2025-10-15 14:15:08.197067	2025-10-15 14:15:08.197067	\N	\N	\N	\N	\N	\N	\N	\N	\N	\N	\N	\N
403	400	Sin Socio 	2025-07-01	1	2025-10-15 14:15:08.203536	2025-10-15 14:15:08.203536	\N	\N	\N	\N	\N	\N	\N	\N	\N	\N	\N	\N
366	363	GALLEGOS MUÑOZ SILVIA	2025-08-06	1	2025-10-15 14:15:07.914283	2025-10-22 11:14:25.271818	\N	\N	\N	\N	\N	\N	\N	\N	\N	\N	\N	\N
390	387	ARAYA MARTINEZ OLIVIA	2025-10-13	1	2025-10-15 14:15:08.109964	2025-10-15 14:17:28.056755	\N	\N	\N	\N	\N	\N	\N	\N	\N	\N	\N	\N
73	73	Sin socio	2022-06-01	1	2025-07-06 16:34:39.629277	2025-10-17 20:46:56.433706	\N	\N	\N	\N	\N	\N	\N	\N	\N	\N	\N	\N
87	87	Sin socio	2022-06-01	1	2025-07-06 16:34:39.72555	2025-10-17 20:47:04.411595	\N	\N	\N	\N	\N	\N	\N	\N	\N	\N	\N	\N
12	12	BORDEU URREJOLA GABRIELA 	2022-06-04	1	2025-07-06 16:34:39.191765	2025-11-08 02:35:51.364855	16	BORDEU	URREJOLA	GABRIELA	60	SOLTERA	VENDEDORA	O'HIGGINS 1452	9345210	0	998475288	A
15	15	YEVENES CRISOSTOMO GONZALO 	2022-06-04	1	2025-07-06 16:34:39.212689	2025-11-08 02:35:51.457959	19	YEVENES	CRISOSTOMO	GONZALO	44	CASADO	BIOQUIMICO	AINAVILLO 672	19133590	3	990218112	A
19	19	JARPA MATELUNA JOAQUIN 	2022-06-04	1	2025-07-06 16:34:39.239635	2025-11-08 02:35:51.557749	22	JARPA	MATELUNA	JOAQUIN	41	SOLTERO	PSICOPEDAG	LAUTARO 431 D-204	13900532	6	995055047	A
22	22	FUENTES ESPINOZA ANA MARIA 	2022-06-04	1	2025-07-06 16:34:39.265059	2025-11-08 02:35:51.654688	25	FUENTES	ESPINOZA	ANA MARIA	72	CASADA	OR.FAMILIAR	GALVARINO 365 D-601	6852749	K		A
24	24	BUSTOS MELIN NADIA 	2022-06-04	1	2025-07-06 16:34:39.278168	2025-11-08 02:35:51.702363	26	BUSTOS	MELIN	NADIA	77	CASADA	ENFERMERA	MAIPU 1458 CASA 6	5186962	1	993315345	A
112	112	VASQUEZ VENEGAS MANUELA 	2022-06-04	1	2025-07-06 16:34:39.901959	2025-11-08 02:35:53.831362	87	VASQUEZ	VENEGAS	MANUELA	28	SOLTERA	PERIODISTA	BARROS ARANA 1584 D-302	18412500	5	997313050	A
323	323	ZARATE PEREZ PATRICIO	2023-03-21	1	2025-07-06 16:34:41.490425	2025-11-08 02:35:58.753189	139	ZARATE	PEREZ	PATRICIO	49	CASADO	PROFESOR	AINAVILLO 465 D-404	10674420	5	98303950	A
347	347	LOPEZ MORALES MARGARITA	2025-05-26	1	2025-07-06 16:34:41.669142	2025-11-08 02:35:59.227183	235	LOPEZ	MORALES	MARGARITA	66	CASADA	PROFESORA	LIENTUR 631	7455775	9		A
349	349	ADÁN  ARIAS FERNANDA	2025-06-12	1	2025-07-06 16:34:41.683061	2025-11-08 02:35:59.276061	149	ADÁN	ARIAS	FERNANDA	31	SOLTERA	PSICOLOGA	FREIRE 1627	18413863	8		A
367	364	FERNANDEZ ZAVALA LAURA	2025-08-10	1	2025-10-15 14:15:07.921893	2025-10-22 11:14:25.27725	\N	\N	\N	\N	\N	\N	\N	\N	\N	\N	\N	\N
368	365	CAMPOS BERNALES ANETTE	2025-08-12	1	2025-10-15 14:15:07.929685	2025-10-22 11:14:25.283463	\N	\N	\N	\N	\N	\N	\N	\N	\N	\N	\N	\N
369	366	LOYOLA ARIAS VERONA	2025-08-18	1	2025-10-15 14:15:07.937908	2025-10-22 11:14:25.289395	\N	\N	\N	\N	\N	\N	\N	\N	\N	\N	\N	\N
370	367	SEPULVEDA PAREDES MILENA	2025-09-21	1	2025-10-15 14:15:07.94659	2025-10-22 11:14:25.298482	\N	\N	\N	\N	\N	\N	\N	\N	\N	\N	\N	\N
372	369	MARTICORENA GARRI ALICIA	2025-09-11	1	2025-10-15 14:15:07.962343	2025-10-22 11:14:25.310534	\N	\N	\N	\N	\N	\N	\N	\N	\N	\N	\N	\N
373	370	RODRIGUEZ ALONSO RODOLFO	2025-09-11	1	2025-10-15 14:15:07.980345	2025-10-22 11:14:25.316985	\N	\N	\N	\N	\N	\N	\N	\N	\N	\N	\N	\N
374	371	RODRIGUEZ VIDAL MAGALI	2025-09-11	1	2025-10-15 14:15:07.988482	2025-10-22 11:14:25.323249	\N	\N	\N	\N	\N	\N	\N	\N	\N	\N	\N	\N
375	372	AZHANACIEN JARA HAYDEE	2025-09-11	1	2025-10-15 14:15:07.995937	2025-10-22 11:14:25.329831	\N	\N	\N	\N	\N	\N	\N	\N	\N	\N	\N	\N
376	373	ULLOA TESSER CLAUDIA	2025-09-11	1	2025-10-15 14:15:08.00294	2025-10-22 11:14:25.335768	\N	\N	\N	\N	\N	\N	\N	\N	\N	\N	\N	\N
377	374	QUIROZ BUSTOS MARCELA	2025-09-11	1	2025-10-15 14:15:08.010226	2025-10-22 11:14:25.343111	\N	\N	\N	\N	\N	\N	\N	\N	\N	\N	\N	\N
378	375	FRANCO MORAGA YANINA	2025-09-11	1	2025-10-15 14:15:08.017154	2025-10-22 11:14:25.34972	\N	\N	\N	\N	\N	\N	\N	\N	\N	\N	\N	\N
379	376	MORI MORI ANA	2025-09-11	1	2025-10-15 14:15:08.024533	2025-10-22 11:14:25.356182	\N	\N	\N	\N	\N	\N	\N	\N	\N	\N	\N	\N
381	378	SAGURIE CHAIN XIMENA	2025-09-11	1	2025-10-15 14:15:08.037593	2025-10-22 11:14:25.368347	\N	\N	\N	\N	\N	\N	\N	\N	\N	\N	\N	\N
382	379	COMPARINI CORTEZ ROCIO	2025-09-11	1	2025-10-15 14:15:08.044885	2025-10-22 11:14:25.374615	\N	\N	\N	\N	\N	\N	\N	\N	\N	\N	\N	\N
383	380	MEDINA MATURANA RONALD	2025-09-11	1	2025-10-15 14:15:08.052023	2025-10-22 11:14:25.383274	\N	\N	\N	\N	\N	\N	\N	\N	\N	\N	\N	\N
384	381	ZAMORA SAEZ JOAQUIN	2025-09-23	1	2025-10-15 14:15:08.058488	2025-10-22 11:14:25.389628	\N	\N	\N	\N	\N	\N	\N	\N	\N	\N	\N	\N
385	382	FERRARI HERNANDEZ ISABELLA	2025-09-23	1	2025-10-15 14:15:08.07408	2025-10-22 11:14:25.396081	\N	\N	\N	\N	\N	\N	\N	\N	\N	\N	\N	\N
386	383	CORNEJO ORTIZ CONSTANZA	2025-09-26	1	2025-10-15 14:15:08.081814	2025-10-22 11:14:25.402915	\N	\N	\N	\N	\N	\N	\N	\N	\N	\N	\N	\N
387	384	CERDA SAN MARTIN RODRIGO	2025-10-06	1	2025-10-15 14:15:08.088578	2025-10-22 11:14:25.409304	\N	\N	\N	\N	\N	\N	\N	\N	\N	\N	\N	\N
388	385	BUSTOS HENRIQUEZ MONICA	2025-10-10	1	2025-10-15 14:15:08.09593	2025-10-22 11:14:25.415837	\N	\N	\N	\N	\N	\N	\N	\N	\N	\N	\N	\N
389	386	AGUILERA ARRIAGADA JUAN	2025-10-13	1	2025-10-15 14:15:08.103042	2025-10-22 11:14:25.422267	\N	\N	\N	\N	\N	\N	\N	\N	\N	\N	\N	\N
391	388	GOMEZ CIFUENTES JULIAN	2025-10-19	1	2025-10-15 14:15:08.115696	2025-10-22 11:14:25.433794	\N	\N	\N	\N	\N	\N	\N	\N	\N	\N	\N	\N
350	350	CISTERNAS C FRESIA	2025-06-13	1	2025-07-06 16:34:41.690194	2025-11-08 02:35:59.302729	237	CISTERNAS	C	FRESIA	60	CASADA	ABOGADA	GALVARINO 660	10085349	3		A
393	390	MORA BENEVENTI HUMBERTO	2025-07-01	1	2025-10-15 14:15:08.129478	2025-10-25 18:06:06.223379	\N	\N	\N	\N	\N	\N	\N	\N	\N	\N	\N	\N
352	352	MIRANDA HENRIQUEZ PATRICIO	2025-06-13	1	2025-07-06 16:34:41.704639	2025-11-08 02:35:59.337349	237	MIRANDA	HENRIQUEZ	PATRICIO	76	CASADO	COMERCIANTE	GALVARINO 660	6252731	5		A
395	392	MARTINEZ YAÑEZ LORETO	2025-07-01	1	2025-10-15 14:15:08.142129	2025-11-04 00:59:21.474182	\N	\N	\N	\N	\N	\N	\N	\N	\N	\N	\N	\N
354	354	MALDONADO ROA PEDRO	2025-06-25	1	2025-07-06 16:34:41.719087	2025-11-08 02:35:59.370138	191	MALDONADO	ROA	PEDRO	65	CASADO	TEC. EN ADMINISTRACION	BARROS ARANA 1665	7881827	1		A
355	355	VASQUEZ  VENEGAS MARIA JOSE	2025-06-26	1	2025-07-06 16:34:41.726303	2025-11-08 02:35:59.390383	239	VASQUEZ	VENEGAS	MARIA JOSE	30	SOLTERA	ABOGADA	O'HIGGINS 1655 DEPTO 201	19087894	5	992760383	A
357	357	SANZANA NAVARRO JOAQUIN	2025-06-26	1	2025-07-06 16:34:41.74011	2025-11-08 02:35:59.429898	241	SANZANA	NAVARRO	JOAQUIN	88	VIUDO	JUBILADO	BARROS ARANA 1661 D-23	3990886	8		A
362	359	CONTRERAS ESPINOZA CAROLINA	2025-06-26	1	2025-07-16 21:10:52.581945	2025-11-08 02:35:59.463411	3	CONTRERAS	ESPINOZA	CAROLINA	47	SOLTERA	ARTESANA	FREIRE 1627 D-802	13460735	1		A
30	30	CORREA CASTILLO BLANCA 	2022-06-04	1	2025-07-06 16:34:39.320913	2025-11-08 02:35:51.850937	30	CORREA	CASTILLO	BLANCA	64	CASADA	JUBILADA	FREIRE 1656 CASA D	6809957	9	981216585	A
32	32	LARRAIN FIGUEROA CARMEN L. 	2022-06-04	1	2025-07-06 16:34:39.336262	2025-11-08 02:35:51.906899	32	LARRAIN	FIGUEROA	CARMEN L.	58	DIVORCIADA	ING,COMERCIAL	AINAVILLO 465 D-204	9242212	7	962377392	A
35	35	GARCIA PEÑA RAMIRO 	2022-06-04	1	2025-07-06 16:34:39.357984	2025-11-08 02:35:51.974686	30	GARCIA	PEÑA	RAMIRO	75	CASADO	CIVIL	FREIRE 1656 CASA D	5938860	6	992803212	A
37	37	MARTINEZ BELLO M ALEJANDRA 	2022-06-04	1	2025-07-06 16:34:39.371393	2025-11-08 02:35:52.031387	35	MARTINEZ	BELLO	M ALEJANDRA	75	VIUDA	DENTISTA	AINAVILLO 558 D-302	5997192	1	999205206	A
39	39	SANDOVAL ALVEAR ISIDRO 	2022-06-04	1	2025-07-06 16:34:39.383591	2025-11-08 02:35:52.080633	36	SANDOVAL	ALVEAR	ISIDRO	56	DIVORCIADO	DISEÑADOR	AINAVILLO 465 D-203	9236129	2	994997660	A
41	41	VILLAGRAN FUENTEALBA JUAN 	2022-06-04	1	2025-07-06 16:34:39.399657	2025-11-08 02:35:52.133967	38	VILLAGRAN	FUENTEALBA	JUAN	70	CASADO	PROFESOR	MAIPU 1684 D-23	6525596	0	934534311	A
44	44	ITURRIA RECABARREN HECTOR 	2022-06-04	1	2025-07-06 16:34:39.421523	2025-11-08 02:35:52.215155	41	ITURRIA	RECABARREN	HECTOR	70	CASADO	CONTADOR	LAUTARO 645 A	5763279	8	981593281	A
46	46	IBAÑEZ ALDANA CARLOS 	2022-06-04	1	2025-07-06 16:34:39.434749	2025-11-08 02:35:52.265987	42	IBAÑEZ	ALDANA	CARLOS	55	SOLTERO	CONDUCTOR	LAUTARO 645 C	10910383	7	993164800	A
48	48	RODRIGUEZ CHAVEZ JUAN 	2022-06-04	1	2025-07-06 16:34:39.447303	2025-11-08 02:35:52.314443	43	RODRIGUEZ	CHAVEZ	JUAN	47	CASADO	TEC.SOCIAL	LA VIRGEN 12	14436368	K	994699300	A
50	50	RIQUELME CRUCES NELSON 	2022-06-04	1	2025-07-06 16:34:39.463455	2025-11-08 02:35:52.367537	45	RIQUELME	CRUCES	NELSON	69	CASADO	INGENIERO	JUAN BOSCO 1816 D-11	6687758	2	939573709	A
52	52	PEZO LAGOS MARIA 	2022-06-04	1	2025-07-06 16:34:39.480016	2025-11-08 02:35:52.420975	47	PEZO	LAGOS	MARIA	76	CASADA	JUBILADA	VILUMILLA 654	4953591	0	977167293	A
59	59	MEDINA CARRASCO MARIO 	2022-06-04	1	2025-07-06 16:34:39.530249	2025-11-08 02:35:52.60333	52	MEDINA	CARRASCO	MARIO	56	CASADO	INGENIERO	AINAVILLO 558 D-701	6714295	0	994513103	A
61	61	MIRANDA CREMASCHI ELISA 	2022-06-04	1	2025-07-06 16:34:39.545782	2025-11-08 02:35:52.657495	54	MIRANDA	CREMASCHI	ELISA	33	SOLTERA	MEDICO	FREIRE 1656 CASA F	16966010	7	953317259	A
63	63	HOTT CRISOSTO KARIN 	2022-06-04	1	2025-07-06 16:34:39.560555	2025-11-08 02:35:52.707977	56	HOTT	CRISOSTO	KARIN	34	SOLTERA	LAB.DENTAL	LIENTUR 529	16663427	K	999968977	A
65	65	ESPINA ACEVEDO GENESIS 	2022-06-04	1	2025-07-06 16:34:39.574351	2025-11-08 02:35:52.755748	57	ESPINA	ACEVEDO	GENESIS	26	SOLTERO	ESTUDIANTE	GALVARINO 347 D-1007	19276579	K	986276196	A
68	68	PEREZ SUAREZ JOSE 	2022-06-04	1	2025-07-06 16:34:39.593426	2025-11-08 02:35:52.829655	58	PEREZ	SUAREZ	JOSE	28	SOLTERO	AD.PUBLICO	FREIRE 1480 D-302 B	18462405	2	998354856	A
70	70	CARVALLO MANRIQUEZ ALONSO 	2022-06-04	1	2025-07-06 16:34:39.608927	2025-11-08 02:35:52.876475	21	CARVALLO	MANRIQUEZ	ALONSO	38	SOLTERO	TERAPEUTA	FREIRE 1707	15591253	7	998188773	A
76	76	DELGADO MUÑOZ OLIVIA 	2022-06-04	1	2025-07-06 16:34:39.64946	2025-11-08 02:35:52.921064	60	DELGADO	MUÑOZ	OLIVIA	64	CASADA	DENTISTA	FREIRE 1746	6957676	1	994141010	A
78	78	VIDAL ORIAS MARIO 	2022-06-04	1	2025-07-06 16:34:39.663354	2025-11-08 02:35:52.971412	61	VIDAL	ORIAS	MARIO	67	CASADO	INGENIERO	ROOSEVELT 1697 D-1	6048792	8	984293572	A
81	81	SANHUEZA HERRERA FELIPE 	2022-06-04	1	2025-07-06 16:34:39.68543	2025-11-08 02:35:53.057449	64	SANHUEZA	HERRERA	FELIPE	36	CASADO	T. SOCIAL	LIENTUR 574	15854306	0	991729199	A
85	85	SAGREDO ARANEDA CESAR 	2022-06-04	1	2025-07-06 16:34:39.712223	2025-11-08 02:35:53.169121	67	SAGREDO	ARANEDA	CESAR	47	SOLTERO	DISEÑADOR	BARROS ARANA 1780 D-901	12702265	8	993142635	A
86	86	CHANDIA VILLEGRA KAREN 	2022-06-04	1	2025-07-06 16:34:39.718501	2025-11-08 02:35:53.192597	67	CHANDIA	VILLEGRA	KAREN	40	SOLTERA	KINESIOLOGO	BARROS ARANA 1780 D-901	14210935	2	977060129	A
90	90	LOPEZ CORREA PABLO 	2022-06-04	1	2025-07-06 16:34:39.749415	2025-11-08 02:35:53.248945	69	LOPEZ	CORREA	PABLO	45	SOLTERO	INGENIERO	BARROS ARANA 1701 D-503	13291574	1	966586871	A
92	92	MORENO RIVEROS ANTONIO 	2022-06-04	1	2025-07-06 16:34:39.764455	2025-11-08 02:35:53.302251	71	MORENO	RIVEROS	ANTONIO	73	CASADO	EMPRESARIO	FREIRE 1487	5792328	8	977650570	A
94	94	VENEGAS PICEROS YENY 	2022-06-04	1	2025-07-06 16:34:39.778221	2025-11-08 02:35:53.355709	73	VENEGAS	PICEROS	YENY	38	SOLTERA	ABOGADO	MAIPU 1676 BLOCK A D-12	15158910	3	957987538	A
96	96	NAVARRO YUNGE PABLO 	2022-06-04	1	2025-07-06 16:34:39.790863	2025-11-08 02:35:53.412647	75	NAVARRO	YUNGE	PABLO	31	CASADO	INDEPENDIE	O´HIGGINS 1414 D-301	17574304	9	971675269	A
98	98	ARAVENA CHAPARRO MARIELLE 	2022-06-04	1	2025-07-06 16:34:39.806654	2025-11-08 02:35:53.466019	77	ARAVENA	CHAPARRO	MARIELLE	53	CASADA	CONTADOR A.	LIENTUR 652	10027775	1	998727210	A
101	101	NOVA RADIC MARIA 	2022-06-04	1	2025-07-06 16:34:39.827171	2025-11-08 02:35:53.544441	79	NOVA	RADIC	MARIA	47	SOLTERA	PSICOLOGA	BARROS ARANA 1701 D-502	10883059	K	999185669	A
103	103	PARES PEREZ JOSE 	2022-06-04	1	2025-07-06 16:34:39.839972	2025-11-08 02:35:53.594193	80	PARES	PEREZ	JOSE	83	CASADO	JUBILADO	LAUTARO 635 INT	4297209	6	999160759	A
107	107	ARANCIBIA BELTRAN JORGE 	2022-06-04	1	2025-07-06 16:34:39.868324	2025-11-08 02:35:53.703437	83	ARANCIBIA	BELTRAN	JORGE	69	CASADO	PROFESOR	MAIPU 1684 D-11	5516910	1	994507981	A
109	109	PINTO VIDAL CARLOS 	2022-06-04	1	2025-07-06 16:34:39.881935	2025-11-08 02:35:53.757766	85	PINTO	VIDAL	CARLOS	67	CASADO	INGENIERO	DANIEL URREJOLA 35 D-301	7658626	8	940283859	A
114	114	MARTINEZ PARRA VALERIA 	2022-06-04	1	2025-07-06 16:34:39.914388	2025-11-08 02:35:53.877932	88	MARTINEZ	PARRA	VALERIA	51	SOLTERA	DISEÑADORA	FREIRE 1755 D-501	11898985	6	977921992	A
116	116	FERNANDEZ AGUILERA MARIA CECILIA 	2022-06-04	1	2025-07-06 16:34:39.928868	2025-11-08 02:35:53.931329	90	FERNANDEZ	AGUILERA	MARIA CECILIA	50	CASADA	ED.PARVULOS	GALVARINO 319-A	10728853	8	989896946	A
117	117	HILLERNS ROJAS GABRIELA 	2022-06-04	1	2025-07-06 16:34:39.936624	2025-11-08 02:35:53.960734	91	HILLERNS	ROJAS	GABRIELA	79	VIUDA	JUBILADA	LAUTARO 424 D-32	4924221	2	984185026	A
121	121	ESCOBAR CONTRERAS PATRICIO 	2022-06-04	1	2025-07-06 16:34:39.964618	2025-11-08 02:35:54.071888	95	ESCOBAR	CONTRERAS	PATRICIO	39	SOLTERO	ARQUITECTO	JUAN BOSCO 1838 B D-303	15173333	6	998868504	A
123	123	RUIZ MOORE BOLIVAR 	2022-06-04	1	2025-07-06 16:34:39.97707	2025-11-08 02:35:54.121546	96	RUIZ	MOORE	BOLIVAR	47	CASADO	ING,CIVIL	AINAVILLO 636	14273562	8	975879134	A
125	125	SALGADO ARAVENA FRANCISCA 	2022-06-04	1	2025-07-06 16:34:39.991385	2025-11-08 02:35:54.173864	98	SALGADO	ARAVENA	FRANCISCA	26	SOLTERA	ESTILISTA	AINAVILLO 625	19332779	6	966192767	A
128	128	LEAL FREDES GLADYS 	2022-06-04	1	2025-07-06 16:34:40.012766	2025-11-08 02:35:54.244999	99	LEAL	FREDES	GLADYS	26	SOLTERA	BIOLOGO	LAUTARO 431	19446116	K	966712515	A
130	130	ALFARO AHUMADA VICTORIA 	2022-06-04	1	2025-07-06 16:34:40.026039	2025-11-08 02:35:54.292506	100	ALFARO	AHUMADA	VICTORIA	25	SOLTERA	INGENIERO	LAUTARO 435 D-303	19645998	7	967667752	A
132	132	PEÑA GONZALEZ KARINA 	2022-06-04	1	2025-07-06 16:34:40.039148	2025-11-08 02:35:54.346458	102	PEÑA	GONZALEZ	KARINA	35	SOLTERA	SOCIOLOGA	O´HIGGINS 1672 D-961	16155256	9	985028004	A
134	134	BASTIDAS ESPINOZA TANIA 	2022-06-04	1	2025-07-06 16:34:40.054508	2025-11-08 02:35:54.395475	101	BASTIDAS	ESPINOZA	TANIA	28	SOLTERA	ARQUITECTO	ROOSEVELT 1777 D-3	18388580	4	956403664	A
119	119	MARTINEZ OYANEDEL VERONICA 	2022-06-04	1	2025-07-06 16:34:39.951247	2025-11-08 02:35:54.018165	93	MARTINEZ	OYANEDEL	VERONICA	65	CASADA	T.FORESTAL	LAUTARO 597	7713616	9	982913807	A
141	141	ILLANES SAAVEDRA MANUEL 	2022-06-04	1	2025-07-06 16:34:40.101131	2025-11-08 02:35:54.573064	81	ILLANES	SAAVEDRA	MANUEL	31	CONVIVIENTE	PROFESOR	GALVARINO 347	17840671	2	973890943	A
143	143	SAAVEDRA CLARKE DANIELA 	2022-06-04	1	2025-07-06 16:34:40.116398	2025-11-08 02:35:54.628401	109	SAAVEDRA	CLARKE	DANIELA	31	SOLTERO	ARQUITECTO	LAUTARO 410 D-58	17614214	6	976224366	A
145	145	REYES VELASQUEZ NAZMY 	2022-06-04	1	2025-07-06 16:34:40.130431	2025-11-08 02:35:54.676827	110	REYES	VELASQUEZ	NAZMY	65	CASADO	QUIMICO	BARROS ARANA 1532 D-1B	8677968	2	984916097	A
147	147	SANCHEZ ALVEAL GRACIELA 	2022-06-04	1	2025-07-06 16:34:40.143819	2025-11-08 02:35:54.732693	112	SANCHEZ	ALVEAL	GRACIELA	40	CASADA	INGENIERO	FREIRE 1755	15193033	6	963341119	A
150	150	VALLEGOS GARRIDO PAULO 	2022-06-04	1	2025-07-06 16:34:40.162688	2025-11-08 02:35:54.808691	115	VALLEGOS	GARRIDO	PAULO	31	SOLTERA	BIOLOGO	LAUTARO 431 D-303	17861856	9	992135870	A
152	152	SANTOS FAJARDO ISABEL 	2022-06-04	1	2025-07-06 16:34:40.178865	2025-11-08 02:35:54.855902	19	SANTOS	FAJARDO	ISABEL	42	CASADA	INGENIERO	AINAVILLO 672	13869486	0	940218112	A
157	157	VALLEJOS NEIRA MARTA 	2022-06-04	1	2025-07-06 16:34:40.212567	2025-11-08 02:35:54.982415	120	VALLEJOS	NEIRA	MARTA	60	SOLTERA		MAIPU 1676 BLOCK D D-11	9114769	6	933038417	A
159	159	CUADRA FRINDT VALERIA 	2022-06-04	1	2025-07-06 16:34:40.226946	2025-11-08 02:35:55.035844	36	CUADRA	FRINDT	VALERIA	25	SOLTERA		AINAVILLO 465 D-203	19595192	6	967672056	A
161	161	OLAVARRIA BENNETT VIOLETA 	2022-06-04	1	2025-07-06 16:34:40.241227	2025-11-08 02:35:55.092008	38	OLAVARRIA	BENNETT	VIOLETA	74	CASADA		MAIPU 1684 D-23	5990889	8	944938687	A
163	163	MOSCIATTI PEREZ GISELA 	2022-06-04	1	2025-07-06 16:34:40.255075	2025-11-08 02:35:55.137336	40	MOSCIATTI	PEREZ	GISELA	67	CASADA	TRADUCTORA	BARROS ARANA 1532 CASA D	7325513	9	984283879	A
166	166	TAPIA MALDONADO IRMA 	2022-06-04	1	2025-07-06 16:34:40.275467	2025-11-08 02:35:55.212234	124	TAPIA	MALDONADO	IRMA	79	VIUDA	JUBILADA	LUIS URRUTIA MANZANO 438 A D-302	4032319	8	997008590	A
170	170	CHARLES DOUN BRIAN 	2022-06-04	1	2025-07-06 16:34:40.304872	2025-11-08 02:35:55.322298	126	CHARLES	DOUN	BRIAN	31	SOLTERO		FREIRE 1627 D-306	17714882	2	985124163	A
172	172	RAMOS MUÑOZ M- LUISA 	2022-06-04	1	2025-07-06 16:34:40.319238	2025-11-08 02:35:55.381364	46	RAMOS	MUÑOZ	M. LUISA	50	CASADA	D.DE C.	BARROS ARANA 1532 D-4A	11897119	1	998306302	A
174	174	CHAPARRO CASTRO ENOVE 	2022-06-04	1	2025-07-06 16:34:40.333047	2025-11-08 02:35:55.433199	129	CHAPARRO	CASTRO	ENOVE	74	CASADA	D.DE C.	ROOSEVELT 1703 D-30	5392539	1	966174882	A
179	179	MUÑOZ VENEGAS MARCIA 	2022-06-04	1	2025-07-06 16:34:40.374002	2025-11-08 02:35:55.561217	52	MUÑOZ	VENEGAS	MARCIA	57	CASADA		AINAVILLO 558 D-701	9574028	6	992564668	A
181	181	HUENTEMIL CACERES LUCIANO 	2022-06-04	1	2025-07-06 16:34:40.390258	2025-11-08 02:35:55.611071	54	HUENTEMIL	CACERES	LUCIANO	30	SOLTERO	MEDICO	FREIRE 1656 CASA F	18142255	6	950032762	A
183	183	CONCHA MUÑOZ CECILIA 	2022-06-04	1	2025-07-06 16:34:40.40587	2025-11-08 02:35:55.665914	133	CONCHA	MUÑOZ	CECILIA	46	SOLTERA		AINAVILLO 625 - 3	10659293	4	964427510	A
186	186	CASTILLO IGLESIAS LUCIA 	2022-06-04	1	2025-07-06 16:34:40.432778	2025-11-08 02:35:55.747654	135	CASTILLO	IGLESIAS	LUCIA	39	CASADA	PROFESORA	GALVARINO 347 D-305	15339637	K	957935091	A
188	188	VILLAGRAN VALENZUELA ANA 	2022-06-04	1	2025-07-06 16:34:40.45215	2025-11-08 02:35:55.798005	136	VILLAGRAN	VALENZUELA	ANA	80	VIUDA		FREIRE 1760 D-1	3979919	7	975679920	A
190	190	RAMIREZ CARVAJAL LUIS ARTURO 	2022-06-04	1	2025-07-06 16:34:40.470367	2025-11-08 02:35:55.844938	138	RAMIREZ	CARVAJAL	LUIS ARTURO	67	CASADO		O´HIGGINS 1672 D-802	7248504	1	994494229	A
193	193	VIDAL AREVALO ALEX 	2022-06-04	1	2025-07-06 16:34:40.495692	2025-11-08 02:35:55.912755	61	VIDAL	AREVALO	ALEX	29	SOLTERO	INGENIERO	ROOSEVELT 1697 D-1	18145397	4	978784214	A
195	195	ALBORNOZ GUERRA DHAYA 	2022-06-04	1	2025-07-06 16:34:40.514444	2025-11-08 02:35:55.964766	140	ALBORNOZ	GUERRA	DHAYA	29	SOLTERA		BARROS ARANA 1672 D-1713	17040168	6	975664149	A
197	197	MEINAS CAMPOS RALF 	2022-06-04	1	2025-07-06 16:34:40.531565	2025-11-08 02:35:56.021718	141	MEINAS	CAMPOS	RALF	39	CASADO		BARROS ARANA 1795	15192122	1	974561072	A
199	199	BRINK PERALTA ELLEN 	2022-06-04	1	2025-07-06 16:34:40.549456	2025-11-08 02:35:56.074647	66	BRINK	PERALTA	ELLEN	70	CASADA	MEDICO	BARROS ARANA 1751 INT	6977582	9	990707788	A
207	207	HENRIQUEZ CARRASCO ANDREA 	2022-06-04	1	2025-07-06 16:34:40.61234	2025-11-08 02:35:56.276865	75	HENRIQUEZ	CARRASCO	ANDREA	33	CASADA		O´HIGGINS 1414 D-301	17046028	6	971677209	A
209	209	VIDAL FRIZ MARISOL 	2022-06-04	1	2025-07-06 16:34:40.626019	2025-11-08 02:35:56.326438	148	VIDAL	FRIZ	MARISOL	45	DIVOR	NUTRICIONISTA	ROOSEVELT 1703 D-72	13305742	0	984790893	A
211	211	GIACAMAN GIDI EDUARDO 	2022-06-04	1	2025-07-06 16:34:40.643743	2025-11-08 02:35:56.370912	77	GIACAMAN	GIDI	EDUARDO	58	CASADO	INGENIERO	LIENTUR 652	9688013	8	998874903	A
213	213	DEUSTER PEÑA HERMANN 	2022-06-04	1	2025-07-06 16:34:40.659175	2025-11-08 02:35:56.413818	20	DEUSTER	PEÑA	HERMANN	28	SOLTERO		LAUTARO 431 D-304	18412848	9	962716178	A
216	216	RAMOS TOMAS 	2022-06-04	1	2025-07-06 16:34:40.680637	2025-11-08 02:35:56.490258	152	RAMOS	JIMENEZ	TOMAS	54	CASADA		AINAVILLO 615	11182808	2	9795531774	A
218	218	GOMEZ COUCHOT CECILIA 	2022-06-04	1	2025-07-06 16:34:40.697734	2025-11-08 02:35:56.551635	154	GOMEZ	COUCHOT	CECILIA	57	CASADA	QUIMICO	O´HIGGINS 1444 D-1002	7115301	0	978067094	A
220	220	SUAZO HENRIQUEZ ABIGAIL 	2022-06-04	1	2025-07-06 16:34:40.714008	2025-11-08 02:35:56.600678	156	SUAZO	HENRIQUEZ	ABIGAIL	63	CASADA		DANIEL URREJOLA 35 D-302	9659669	3		A
223	223	BASUALTO MORALES IGNACIO 	2022-06-04	1	2025-07-06 16:34:40.738534	2025-11-08 02:35:56.678432	87	BASUALTO	MORALES	IGNACIO	31	SOLTERO	PERIODISTA	BARROS ARANA 1584 D-302	17613972	2	950955696	A
225	225	PEREIRA THIELE MONICA 	2022-06-04	1	2025-07-06 16:34:40.752356	2025-11-08 02:35:56.729469	159	PEREIRA	THIELE	MONICA	60	CASADA		FREIRE 1839 A	8949097	9	998187087	A
230	230	ARELLANO VAILLANT JUAN LUIS 	2022-06-04	1	2025-07-06 16:34:40.793664	2025-11-08 02:35:56.842368	92	ARELLANO	VAILLANT	JUAN LUIS	65	CASADO	ABOGADO	FREIRE 1414	6546400	4	978886884	A
232	232	AGUIRRE PIÑA CAMILA 	2022-06-04	1	2025-07-06 16:34:40.808915	2025-11-08 02:35:56.894954	95	AGUIRRE	PIÑA	CAMILA	36	SOLTERA	ARQUITECTO	JUAN BOSCO 1838 B D-303	16490083	5	990701389	A
235	235	CUEVAS LANDAETA LUIS 	2022-06-04	1	2025-07-06 16:34:40.833018	2025-11-08 02:35:56.971121	166	CUEVAS	LANDAETA	LUIS	45	CASADO	BIOLOGO M.	LUIS URRUTIA MANZANO 446 D-42	12974355	7	981360387	A
237	237	ALARCON VENEGAS HORACIO 	2022-06-04	1	2025-07-06 16:34:40.850191	2025-11-08 02:35:57.02083	168	ALARCON	VENEGAS	HORACIO	42	CASADO		LUIS URRUTIA MANZANO 483 B D-404	13616875	4	985007729	CD
241	241	RIQUELME SCHLEGEL MARIANNE 	2022-06-04	1	2025-07-06 16:34:40.88048	2025-11-08 02:35:57.105043	167	RIQUELME	SCHLEGEL	MARIANNE	38	SOLTERA	VETERINARIA	AINAVILLO 671 D-12	15757090	0	961543638	A
244	244	SAN MARTIN SAEZ JEANNETTE 	2022-06-04	1	2025-07-06 16:34:40.906398	2025-11-08 02:35:57.161479	171	SAN MARTIN	SAEZ	JEANNETTE	66	VIUDA		BARROS ARANA 1532 D-4B	8222594	3	984882554	A
247	247	ZAPATA HENRIQUEZ MIGUEL 	2022-06-04	1	2025-07-06 16:34:40.930019	2025-11-08 02:35:57.225156	146	ZAPATA	HENRIQUEZ	MIGUEL	41	CASADO	INGENIERO	FREIRE 1755 D-602	13960086	K	999974591	A
135	135	GUERRERO PEREZ ROBERTO 	2022-06-04	1	2025-07-06 16:34:40.061332	2025-11-08 02:35:54.422249	104	GUERRERO	PEREZ	ROBERTO	56	DIVORCIADO	ARQUITECTO	O´HIGGINS 1414 D-202	10756079	3	999190769	A
254	254	LEYTON ARAYA CHISTIAN 	2022-06-25	1	2025-07-06 16:34:40.986515	2025-11-08 02:35:57.363205	177	LEYTON	ARAYA	CHISTIAN	36	CASADO	PROFESOR	VILUMILLA 631 D-2	15931223	2	982027362	A
256	256	ARREPOL ZUÑIGA DAYANA 	2022-06-25	1	2025-07-06 16:34:41.00109	2025-11-08 02:35:57.405692	179	ARREPOL	ZUÑIGA	DAYANA	46	SOLTERA	PERIODISTA	FREIRE 1480 D-803 B	14467985	7	977684917	A
258	258	JARA VIDAL PEDRO 	2022-06-25	1	2025-07-06 16:34:41.017924	2025-11-08 02:35:57.446494	180	JARA	VIDAL	PEDRO	48	CASADO	DENTISTA	FREIRE 1908	12321016	6	992182604	A
260	260	SANTIS BRANTE OSCAR 	2022-06-25	1	2025-07-06 16:34:41.036058	2025-11-08 02:35:57.489741	182	SANTIS	BRANTE	OSCAR	43	CASADO	SOCIOLOGO	BARROS ARANA 1522 D-12	13194000	9	990962458	A
262	262	ASTETE BOETTCHER PAULINA 	2022-06-25	1	2025-07-06 16:34:41.052287	2025-11-08 02:35:57.526897	183	ASTETE	BOETTCHER	PAULINA	48	CASADA	PODOLOGA	MAIPU 1458 D-2	10352784	8	965332573	A
267	267	SALGADO VARAS RENATA 	2022-07-01	1	2025-07-06 16:34:41.088719	2025-11-08 02:35:57.629263	187	SALGADO	VARAS	RENATA	31	SOLTERA	ABOGADA	FREIRE 1914	17614883	1	976559501	A
269	269	GOMEZ COUCLOT PATRICIO 	2022-07-01	1	2025-07-06 16:34:41.102477	2025-11-08 02:35:57.667976	81	GOMEZ	COUCLOT	PATRICIO	71	SOLTERO	PERIODISTA	GALVARINO 347	6450028	7	998838210	A
273	273	CARTES ALDEA AURORA 	2022-07-02	1	2025-07-06 16:34:41.130692	2025-11-08 02:35:57.741917	189	CARTES	ALDEA	AURORA	22	SOLTERA	ESTUDIANTE	PELANTARO 761 B D-402	20438159	3	977003248	A
276	276	VEGA FUENTES FLORENTINA 	2022-07-07	1	2025-07-06 16:34:41.152832	2025-11-08 02:35:57.802597	127	VEGA	FUENTES	FLORENTINA	96	VIUDA	D.DE C.	FREIRE 1755 D-203	2915884	3	991832794	A
278	278	BAUER LISSNER PATRICIA 	2022-07-09	1	2025-07-06 16:34:41.166584	2025-11-08 02:35:57.843513	192	BAUER	LISSNER	PATRICIA	71	VIUDA	PERIODISTA	BARROS ARANA 1701	6128165	7	983615229	A
280	280	REUSS VILLARROEL PROSPERINA 	2022-07-09	1	2025-07-06 16:34:41.17958	2025-11-08 02:35:57.879332	193	REUSS	VILLARROEL	PROSPERINA	73	SOLTERA	D.DE C.	BARROS ARANA 1760 D-201	6716001	0	998835776	A
282	282	MATTHEI SCHMDT LUZ 	2022-07-09	1	2025-07-06 16:34:41.195243	2025-11-08 02:35:57.922507	194	MATTHEI	SCHMDT	LUZ	43	CASADA	CHEF	BARROS ARANA 1592	13724362	8	999181054	A
285	285	GROSSMANN SPICHIGEL CLAUDIO 	2022-07-09	1	2025-07-06 16:34:41.216466	2025-11-08 02:35:57.98314	196	GROSSMANN	SPICHIGEL	CLAUDIO	72	CASADO	AUDITOR	BARROS ARANA 1701 D-604	5175957	5	998843055	A
287	287	ERIZ SOTO ALEX 	2022-07-18	1	2025-07-06 16:34:41.22973	2025-11-08 02:35:58.020901	197	ERIZ	SOTO	ALEX	73	CASADO	INGENIERO	MAIPU 1980 D	5305974	4	940181865	A
289	289	CONTANZO PINCHEIRA GERMAN 	2022-07-18	1	2025-07-06 16:34:41.245051	2025-11-08 02:35:58.060989	199	CONTANZO	PINCHEIRA	GERMAN	54	DIVORCIA	TEC.MECANIC	MAIPU 1980 E	11350814	0	961519987	A
291	291	GROCASSAN MICHAEL 	2022-07-18	1	2025-07-06 16:34:41.259093	2025-11-08 02:35:58.103171	201	GROCASSAN		MICHAEL	35	CASADO	CHEF	GALVARINO 481	25040902	8	944206492	A
293	293	GARAY REBOLLEDO NANCY 	2022-07-18	1	2025-07-06 16:34:41.273278	2025-11-08 02:35:58.143907	203	GARAY	REBOLLEDO	NANCY	72	CASADA	A.SISTEMA	LIENTUR 675	5360092	2	942831369	A
298	298	PINO D.L.BARRERA M.TERESA 	2022-07-18	1	2025-07-06 16:34:41.309654	2025-11-08 02:35:58.231738	169	PINO	D.L.BARRERA	M.TERESA	59	SOLTERA	DOCENTE	MAIPU 1472 D-54	8562554	3	966066985	A
300	300	MUÑOZ NUÑEZ JUAN FCO. 	2022-07-19	1	2025-07-06 16:34:41.322329	2025-11-08 02:35:58.274624	206	MUÑOZ	NUÑEZ	JUAN FCO.	56	CASADO	ABOGADO	GALVARINO 427 D-406	8692748	9	996941538	A
303	303	FLORES ORDENES NORMA 	2022-07-23	1	2025-07-06 16:34:41.343553	2025-11-08 02:35:58.329949	207	FLORES	ORDENES	NORMA	76	SOLTERA	JUBILADA	FREIRE 1480 D-703	4455817	3	987155612	A
305	305	GUERRERO REYES OSCAR 	2022-07-23	1	2025-07-06 16:34:41.358504	2025-11-08 02:35:58.379676	208	GUERRERO	REYES	OSCAR	63	CASADO	CONTRATISTA	JANEQUEO 454 D-202	7227697	3	934226784	A
309	309	DAVILA DURAN JOHANNA 	2022-07-23	1	2025-07-06 16:34:41.385875	2025-11-08 02:35:58.467972	209	DAVILA	DURAN	JOHANNA	33	SOLTERA	PSICOLOGA	JANEQUEO 642	17320963	0	998301363	A
311	311	CRUZ FUENTEALBA CARLA 	2025-08-02	1	2025-07-06 16:34:41.401657	2025-11-08 02:35:58.507449	211	CRUZ	FUENTEALBA	CARLA	25	SOLTERA	PSICOLOGA	LA VIRGEN 184	18598247	3	977374505	A
313	313	MOLINA ROTHEN MARIA 	2022-08-22	1	2025-07-06 16:34:41.417125	2025-11-08 02:35:58.543295	212	MOLINA	ROTHEN	MARIA	34	CASADA	KINESIOLOGA	AINAVILLO 591	16605866	K	976481576	A
315	315	SAAVEDRA CONCHA RICARDO 	2022-08-22	1	2025-07-06 16:34:41.431431	2025-11-08 02:35:58.586888	213	SAAVEDRA	CONCHA	RICARDO	33	SOLTERO	BIOINGENIERO	JANEQUEO 564 D-506	17343603	3	931156987	A
320	320	FERRADA IVAN 	2022-09-20	1	2025-07-06 16:34:41.470124	2025-11-08 02:35:58.69214	217	FERRADA	ZERENE	IVAN	23	SOLTERO	ESTUDIANTE	FREIRE 1595 D-602	19972038	4	978755516	A
321	321	SANTANA GACITUA CARLOS	2022-11-17	1	2025-07-06 16:34:41.476441	2025-11-08 02:35:58.712827	1	SANTANA	GACITUA	CARLOS	60	DIVORCIADO	INGENIERO	JANEQUEO 454 D-301	8216198	8	978060880	A
326	326	GUERRA BRITO SONIA	2024-03-13	1	2025-07-06 16:34:41.51514	2025-11-08 02:35:58.813426	220	GUERRA	BRITO	SONIA	68	VIUDA	QUIMICO FARMACEUTICO	BARROS ARANA 1672 D-907	28370975	2	975664149	A
328	328	CHAVARRIA ZEMELMAN PATRICIA	2024-03-19	1	2025-07-06 16:34:41.52902	2025-11-08 02:35:58.853145	221	CHAVARRIA	ZEMELMAN	PATRICIA	77	CASADA	ARTISTA	LAUTARO 563 D-504	5803131	3		CD
330	330	VIVEROS BENNETT SERGIO	2024-05-25	1	2025-07-06 16:34:41.544443	2025-11-08 02:35:58.895007	223	VIVEROS	BENNETT	SERGIO	53	CASADO	ABOGADO	LAUTARO 484 D-301	10348976	8		A
332	332	MELLAFE ESPINOZA ELIZABETH	2024-06-15	1	2025-07-06 16:34:41.559969	2025-11-08 02:35:58.934165	112	MELLAFE	ESPINOZA	ELIZABETH	58	SOLTERA	SECRETARIA	FREIRE 1755	10402588	9		A
334	334	CALDERON DIAZ JUAN JOSÉ	2024-09-02	1	2025-07-06 16:34:41.575643	2025-11-08 02:35:58.971734	226	CALDERON	DIAZ	JUAN JOSÉ	56	SOLTERO	ARQUITECTO	MAC-IVER 1690	10042342	1	942847387	A
338	338	ALTAMIRANO SALAMANCA RODRIGO	2025-04-01	1	2025-07-06 16:34:41.602624	2025-11-08 02:35:59.056891	230	ALTAMIRANO	SALAMANCA	RODRIGO	34	SOLTERO	PSICOLOGO	MAIPU 1676 BLOCK B D-32	17451443	7		A
340	340	CABRERA VEGA MARTA	2025-05-10	1	2025-07-06 16:34:41.618493	2025-11-08 02:35:59.09321	231	CABRERA	VEGA	MARTA	76	CASADA	PROFESORA	AINAVILLO 513	6721251	7		A
342	342	SEPULVEDA MONJE ISRAEL	2025-05-10	1	2025-07-06 16:34:41.632665	2025-11-08 02:35:59.130223	232	SEPULVEDA	MONJE	ISRAEL	39	SOLTERO	KINESIOLOGO	FREIRE 1901	16011996	9		A
343	343	VASQUEZ  YAÑEZ JAIME	2025-05-10	1	2025-07-06 16:34:41.639812	2025-11-08 02:35:59.148812	174	VASQUEZ	YAÑEZ	JAIME	57	CASADO	MECANICO	MAIPU 1684	11241622	6		A
346	346	GARCIA  BUSTOS FELIPE	2025-05-25	1	2025-07-06 16:34:41.661027	2025-11-08 02:35:59.207463	26	GARCIA	BUSTOS	FELIPE	42	SOLTERO	PREVENCIONISTA	MAIPU 1458 CASA 6	15177837	2	966475226	A
348	348	AGUILERA RETAMAL MAGALI	2025-06-09	1	2025-07-06 16:34:41.676856	2025-11-08 02:35:59.254312	236	AGUILERA	RETAMAL	MAGALI	82	VIUDA	PROFESORA	LIENTUR 699	4074900	4		A
356	356	JIMENEZ HABALI PATRICIO	2025-06-26	1	2025-07-06 16:34:41.732765	2025-11-08 02:35:59.409257	240	JIMENEZ	HABALI	PATRICIO	75	CASADO	EMPLEADO	BARROS ARANA 1159	6108015	5	966993320	A
318	318	MIGUEL LAMAS RAFAEL 	2022-09-14	1	2025-07-06 16:34:41.453921	2025-11-08 03:00:28.077671	105	MIGUEL	LAMAS	RAFAEL	38	SOLTERO	NUTRICIONISTA	LAUTARO 365	15591833	0	997116632	A
10	10	VARELA HORMAZABAL REINALDO 	2022-06-04	1	2025-07-06 16:34:39.17105	2025-11-08 02:35:51.30749	14	VARELA	HORMAZABAL	REINALDO	71	SOLTERO	PROFESOR	BARROS ARANA 1532 CASA B	6298755	3	999422176	A
18	18	CARVALLO TOLEDO JAIME 	2022-06-04	1	2025-07-06 16:34:39.233582	2025-11-08 02:35:51.534629	21	CARVALLO	TOLEDO	JAIME	71	CASADO	TOPOGRAFO	FREIRE 1707	5708277	1	994510855	A
26	26	CABRERA CROT VERONICA 	2022-06-04	1	2025-07-06 16:34:39.292208	2025-11-08 02:35:51.747959	27	CABRERA	CROT	VERONICA	36	SOLTERA	ABOGADO	BARROS ARANA 1532 CASA F	16154207	5	978656838	A
28	28	DAROCH HORMAZABAL GUNTHER 	2022-06-04	1	2025-07-06 16:34:39.30464	2025-11-08 02:35:51.79685	28	DAROCH	HORMAZABAL	GUNTHER	53	CASADO	COMERCIANTE	AINAVILLO 571	10614873	2	966314197	A
54	54	GUTIERREZ MUÑOZ AMALIA 	2022-06-04	1	2025-07-06 16:34:39.495399	2025-11-08 02:35:52.471661	48	GUTIERREZ	MUÑOZ	AMALIA	33	CASADA	ABOGADO	FREIRE 1951	17041134	K	998381223	A
62	62	LAFOURCADE CONCHA CECILIA 	2022-06-04	1	2025-07-06 16:34:39.552971	2025-11-08 02:35:52.683026	55	LAFOURCADE	CONCHA	CECILIA	19	SOLTERA	ESTUDIANTE	AINAVILLO 625 D-3	21093221	6	942711941	A
89	89	DOMINGUEZ AGUILA CARMEN 	2022-06-04	1	2025-07-06 16:34:39.742711	2025-11-08 02:35:53.220998	68	DOMINGUEZ	AGUILA	CARMEN	77	SOLTERA	PROFESOR	FREIRE 1755 D-604	3910482	2	993690371	A
105	105	MILLENAO CARO LEYLA 	2022-06-04	1	2025-07-06 16:34:39.852481	2025-11-08 02:35:53.653155	82	MILLENAO	CARO	LEYLA	41	CASADA	DENTISTA	JANEQUEO 285 D-703	13953085	3	988036486	A
136	136	MIGUEL LAMAS ANA 	2022-06-04	1	2025-07-06 16:34:40.068491	2025-11-08 02:35:54.448991	105	MIGUEL	LAMAS	ANA	37	SOLTERA	VETERINARIA	LAUTARO 635	15855572	7	982223176	A
138	138	VENEGAS TRONCOSO EDITH 	2022-06-04	1	2025-07-06 16:34:40.082205	2025-11-08 02:35:54.505894	107	VENEGAS	TRONCOSO	EDITH	70	SOLTERA	NUTRICIONISTA	LUIS URRUTIA MAZANO 438 A D-301	6809932	3	988032056	A
139	139	BASTIAS ARANDA EMANUEL 	2022-06-04	1	2025-07-06 16:34:40.088715	2025-11-08 02:35:54.528739	81	BASTIAS	ARANDA	EMANUEL	26	SOLTERO	INGENIERO	GALVARINO 347	19074354	4	977590091	A
154	154	ACEVEDO TORRES NICOLAS 	2022-06-04	1	2025-07-06 16:34:40.192545	2025-11-08 02:35:54.904905	117	ACEVEDO	TORRES	NICOLAS	32	SOLTERO	INGENIERO	O´HIGGINS 1672 D-703	17343729	3	956582642	A
156	156	SAN MARTIN BARRA CARLA 	2022-06-04	1	2025-07-06 16:34:40.206263	2025-11-08 02:35:54.956632	119	SAN MARTIN	BARRA	CARLA	35	SOLTERA	INGENIERO	BARROS ARANA 1522 D-11	16295283	8	966133624	A
168	168	RODRIGUEZ MORA JOSE 	2022-06-04	1	2025-07-06 16:34:40.290503	2025-11-08 02:35:55.254428	43	RODRIGUEZ	MORA	JOSE	20	SOLTERO	ESTUDIANTE	LA VIRGEN 12	20954177	7	999542620	A
173	173	PERUGI ARTIGAS SUSANA 	2022-06-04	1	2025-07-06 16:34:40.326472	2025-11-08 02:35:55.408806	128	PERUGI	ARTIGAS	SUSANA	51	DIVORCIADA		LAUTARO 424 D-22	14136338	7	987297564	A
175	175	ARAVENA CACERES RICARDO 	2022-06-04	1	2025-07-06 16:34:40.339537	2025-11-08 02:35:55.456234	129	ARAVENA	CACERES	RICARDO	76	CASADO	EMPRESARIO	ROOSEVELT 1703 D-30	5293863	5	966174881	A
177	177	VALENZUELA FERRER CAROLINA 	2022-06-04	1	2025-07-06 16:34:40.356062	2025-11-08 02:35:55.513063	51	VALENZUELA	FERRER	CAROLINA	52	CASADA	INSPECTORA	BARROS ARANA 1572 D-302	10947836	9	990501825	A
187	187	ANABALON QUIROZ ROSANA 	2022-06-04	1	2025-07-06 16:34:40.44184	2025-11-08 02:35:55.770541	2	ANABALON	QUIROZ	ROSANA	67	VIUDA	ENFERMERA	JANEQUEO 670	7022029	6	987200277	A
202	202	BENEVENTI DUCOMMUN ANTONELLA 	2022-06-04	1	2025-07-06 16:34:40.573577	2025-11-08 02:35:56.152472	144	BENAVENTI	DUCOMMUN	ANTONELLA	54	SOLTERA	ING.COMERC.	AINAVILLO 426 D-306	10071738	7	993968500	A
203	203	RAMIREZ CONTRERAS PAMELA 	2022-06-04	1	2025-07-06 16:34:40.581709	2025-11-08 02:35:56.175679	69	RAMIREZ	CONTRERAS	PAMELA	42	SOLTERA	PSICOLOGA	BARROS ARANA 1701 D-503	13895734	9	999425715	A
204	204	HUNTER RETAMAL MARIA DIGNA 	2022-06-04	1	2025-07-06 16:34:40.588999	2025-11-08 02:35:56.20003	145	HUNTER	RETAMAL	MARIA DIGNA	85	VIUDA	JUBILADA	BARROS ARANA 1532 D-5B	4324990	8	412957514	A
221	221	PEDREROS NAVARRETE ESMERALDA 	2022-06-04	1	2025-07-06 16:34:40.723024	2025-11-08 02:35:56.631977	157	PEDREROS	NAVARRETE	ESMERALDA	25	SOLTERA		BARROS ARANA 1672 D-1307	19597097	1	987320575	A
227	227	MORENO QUEIROLO MARCELO 	2022-06-04	1	2025-07-06 16:34:40.769321	2025-11-08 02:35:56.777455	160	MORENO	QUEIROLO	MARCELO	63	CASADO	BIOQUIMICO	LUIS URRUTIA MANZANO 436 B D-204	8598214	1	994493244	A
231	231	LY GATICA AZAAM 	2022-06-04	1	2025-07-06 16:34:40.801985	2025-11-08 02:35:56.869374	163	LY	GATICA	AZAAM	33	SOLTERO		DANIEL URREJOLA 35 D-101	17013375	7	963008307	A
238	238	RODRIGUEZ CHAVEZ MARIA ELENA 	2022-06-04	1	2025-07-06 16:34:40.857806	2025-11-08 02:35:57.042912	168	RODRIGUEZ	CHAVEZ	MARIA ELENA	43	CASADA		LUIS URRUTIA MANZANO 483 B D-404	14349680	5	993208492	CD
239	239	PINO DE LA BARRA MARIA TERESA 	2022-06-04	1	2025-07-06 16:34:40.86642	2025-11-08 02:35:57.065112	169	PINO	DE LA BARRA	MARIA TERESA	59	SOLTERA		MAIPU 1472 D-54	8562554	3	966066985	A
246	246	PINTO NICOLAS 	2022-06-04	1	2025-07-06 16:34:40.922221	2025-11-08 02:35:57.207323	173	GARDA	PINTO	NICOLAS	31	SOLTERO		JANEQUEO 454 D-502	17615571	K	988996287	A
250	250	VILLAGRAN FUENTEALBA JUAN 	2022-06-25	1	2025-07-06 16:34:40.953702	2025-11-08 02:35:57.281925	38	VILLAGRAN	FUENTEALBA	JUAN	71	CASADO		MAIPU 1684 D-23	6525596	0	934534311	A
252	252	VALLEJOS NEIRA EUGENIA 	2022-06-25	1	2025-07-06 16:34:40.969669	2025-11-08 02:35:57.324059	176	VALLEJOS	NEIRA	EUGENIA	72	VIUDA		MAIPU 1676 BLOCK A D-11	7459982	6	999266558	A
259	259	VILDOSOLA RIQUELME JOSE 	2022-06-25	1	2025-07-06 16:34:41.027319	2025-11-08 02:35:57.468933	181	VILDOSOLA	RIQUELME	JOSE	38	SOLTERO	PROFESOR	FREIRE 1627 D-402	15671975	7	991665648	A
261	261	CIORBA VELOSO ALMA 	2022-06-25	1	2025-07-06 16:34:41.043925	2025-11-08 02:35:57.507937	182	CIORBA	VELOSO	ALMA	39	CASADA	ASI SOCIAL	BARROS ARANA 1522 D-12	15069750	6	995932798	A
263	263	VILLALOBOS MERINO RAFAEL 	2022-06-25	1	2025-07-06 16:34:41.059794	2025-11-08 02:35:57.548083	184	VILLALOBOS	MERINO	RAFAEL	88	VIUDO	JUBILADO	BARROS ARANA 1532 CASA C	3022821	9	41-2228831	A
265	265	MUÑOZ VERGARA CECILIA 	2022-06-29	1	2025-07-06 16:34:41.074536	2025-11-08 02:35:57.585537	186	MUÑOZ	VERGARA	CECILIA	42	SOLTERA	DENTISTA	ROOSEVELT 1703 D-52	13723151	4	998246213	A
268	268	ARAVENA ALVAREZ JOSE LUIS 	2022-07-01	1	2025-07-06 16:34:41.096033	2025-11-08 02:35:57.646989	187	ARAVENA	ALVAREZ	JOSE LUIS	33	SOLTERO	ABOGADO	FREIRE 1914	17045219	4	977121037	A
271	271	VERGARA TORRES LEONARDO 	2022-07-02	1	2025-07-06 16:34:41.115903	2025-11-08 02:35:57.705546	188	VERGARA	TORRES	LEONARDO	46	CASADO	INGENIERO	O´HIGGINS 1659	10985713	0	982942569	A
281	281	MARNICH SALAZAR ESTEBAN 	2022-07-09	1	2025-07-06 16:34:41.187951	2025-11-08 02:35:57.897475	79	MARNICH	SALAZAR	ESTEBAN	44	SOLTERO	EMPRESARIO	BARROS ARANA 1701 D-502	10525232	3	977687902	A
295	295	POBLETE RIQUELME GLORIA 	2022-07-18	1	2025-07-06 16:34:41.287873	2025-11-08 02:35:58.178806	204	POBLETE	RIQUELME	GLORIA	66	CASADA	DENTISTA	LIENTUR 664	7709565	9	993437931	A
301	301	DIAZ RUIZ MARCELA 	2022-07-19	1	2025-07-06 16:34:41.328835	2025-11-08 02:35:58.291666	206	DIAZ	RUIZ	MARCELA	55	CASADA	PROFESORA	GALVARINO 427 D-406	9775344	K	982114572	A
322	322	MORENO ROA CONSUELO	2022-12-16	1	2025-07-06 16:34:41.483878	2025-11-08 02:35:58.734113	71	MORENO	ROA	CONSUELO	33	SOLTERA	INGENIERO COMERCIAL	FREIRE 1487	17345648	4	977650578	A
351	351	MIRANDA CISTERNAS CONSTANZA	2025-06-13	1	2025-07-06 16:34:41.696338	2025-11-08 02:35:59.32034	237	MIRANDA	CISTERNAS	CONSTANZA	37	SOLTERA	ENFERMERA	GALVARINO 660	16764687	5		A
358	358	SANZANA MUÑOZ GABRIELA	2025-06-26	1	2025-07-06 16:34:41.746237	2025-11-08 02:35:59.450345	242	SANZANA	MUÑOZ	GABRIELA	48	SOLTERA	ARQUITECTO	BARROS ARANA 1661 D-43	10402013	5		A
307	307	DURAN ESTRADA YESSECA 	2022-07-23	1	2025-07-06 16:34:41.372316	2025-11-08 02:35:58.428459	209	DURAN	ESTRADA	YESSECA	51	CASADA	PARAMEDICO	JANEQUEO 642	12302802	3	988476686	A
319	319	DIAZ SANCHEZ GABRIELA 	2022-09-20	1	2025-07-06 16:34:41.462139	2025-11-08 02:35:58.67102	217	DIAZ	SANCHEZ	GABRIELA	27	SOLTERA	BIOTECNOLOGA	FREIRE 1595 D-602	19025797	5	932402845	A
324	324	VELASQUEZ SILVA FABIOLA	2023-11-01	1	2025-07-06 16:34:41.498683	2025-11-08 02:35:58.773239	218	VELASQUEZ	SILVA	FABIOLA	51	SOLTERA	DUEÑA DE CASA	GALVARINO 427-505	12234047	3	922086241	A
336	336	DE BORGUIE CABRERA ALEJANDRA	2025-03-01	1	2025-07-06 16:34:41.589458	2025-11-08 02:35:59.015306	228	DE BORGUIE	CABRERA	ALEJANDRA	54	SOLETRA	PROFESORA	AINAVILLO 519	11680276	7		A
344	344	BURGOS MUÑOZ MARIA LUISAS	2025-05-23	1	2025-07-06 16:34:41.64619	2025-11-08 02:35:59.17058	233	BURGOS	MUÑOZ	MARIA LUISAS	76	SOLTERA	ADMINISTRATIVA	MAIPU 1540 D-712	5349282	7		A
353	353	ANTOLA JIMENEZ SORI ALEJANDRA	2025-06-13	1	2025-07-06 16:34:41.711136	2025-11-08 02:35:59.356942	238	SORI	ANTOLA	JIMENEZ	68	VIUDA	JUBILADA	BARROS ARANA 1659 DEPTO A-3	6776442	0	981901984	A
\.


--
-- Data for Name: ar_internal_metadata; Type: TABLE DATA; Schema: public; Owner: csantana
--

COPY public.ar_internal_metadata (key, value, created_at, updated_at) FROM stdin;
environment	development	2025-07-06 16:34:38.728219	2025-07-06 16:34:38.728221
schema_sha1	742978de92d6e47832eb3e16b307514f76c2d61e	2025-07-06 16:34:38.732312	2025-07-06 16:34:38.732313
\.


--
-- Data for Name: bills; Type: TABLE DATA; Schema: public; Owner: csantana
--

COPY public.bills (id, date, tipo_egreso, comment, amount, user_id, created_at, updated_at) FROM stdin;
1	2023-10-06	4	GIRO POR CAJA	402180	1	2025-07-06 20:30:07.793258	2025-07-06 20:30:07.793258
4	2024-04-19	4	GIRO POR CAJA	3500000	1	2025-07-06 20:30:07.812016	2025-07-06 20:30:07.812016
5	2024-06-07	1	COMPRA ECOSISTEM    CL	20000	1	2025-07-06 20:30:07.817516	2025-07-06 20:30:07.817516
7	2024-06-14	1	COMPRA LIBRERIA GIO CL	66527	1	2025-07-06 20:30:07.827767	2025-07-06 20:30:07.827767
8	2024-06-14	1	COMPRA LIBRERIA GIO CL	66757	1	2025-07-06 20:30:07.832505	2025-07-06 20:30:07.832505
9	2024-06-27	1	COMPRA ECOSISTEM    CL	25900	1	2025-07-06 20:30:07.838421	2025-07-06 20:30:07.838421
11	2024-06-28	1	COMPRA HIPERBLU     CL	67701	1	2025-07-06 20:30:07.849454	2025-07-06 20:30:07.849454
12	2024-06-28	1	COMPRA LIBRERIA GIO CL	109921	1	2025-07-06 20:30:07.855617	2025-07-06 20:30:07.855617
13	2024-07-23	4	GIRO POR CAJA	1000000	1	2025-07-06 20:30:07.860861	2025-07-06 20:30:07.860861
14	2024-10-07	4	GIRO POR CAJA	500000	1	2025-07-06 20:30:07.876494	2025-07-06 20:30:07.876494
17	2024-06-14	1	COMPRA LIBRERIA GIO CL	62225	1	2025-07-06 20:30:48.197441	2025-07-06 20:30:48.197441
21	2024-06-27	1	COMPRA MERPAGO	32560	1	2025-07-06 20:30:48.21875	2025-07-06 20:30:48.21875
2	2023-10-19	1	GIRO POR CAJA	95200	1	2025-07-06 20:30:07.801763	2025-07-07 16:46:21.833499
3	2023-11-30	3	GIRO POR CAJA	151250	1	2025-07-06 20:30:07.807216	2025-07-07 16:46:30.136964
\.


--
-- Data for Name: deposits; Type: TABLE DATA; Schema: public; Owner: csantana
--

COPY public.deposits (id, date, tipo_ingreso, comment, amount, mes, ano, user_id, apartment_id, created_at, updated_at) FROM stdin;
8	2022-12-21	2	TEF DE JIMENEZ HALABI PATRICIO IVAN	2000	12	2022	1	356	2025-07-06 16:35:36.596329	2025-07-06 16:35:36.596329
9	2023-03-02	2	TEF BANCOESTADO DE CARVALLO TOLEDO	5000	3	2023	1	18	2025-07-06 16:36:00.900195	2025-07-06 16:36:00.900195
10	2023-12-28	2	TEF BANCOESTADO DE FUENTES ESPINOZA	2000	12	2023	1	22	2025-07-06 16:36:00.908816	2025-07-06 16:36:00.908816
16	2023-03-02	2	TEF DE OLAVARRIA BENNETT SONIA ELIZ	5000	3	2023	1	40	2025-07-06 16:36:00.958549	2025-07-06 16:36:00.958549
19	2023-01-24	2	TEF DE VILLAGRAN FUENTEALBA JUAN JO	20000	1	2023	1	41	2025-07-06 16:36:00.984793	2025-07-06 16:36:00.984793
20	2023-03-02	2	TEF DE VILLAGRAN FUENTEALBA JUAN JO	3000	3	2023	1	41	2025-07-06 16:36:01.000455	2025-07-06 16:36:01.000455
21	2023-01-09	2	TEF DE MORA TAPIA NATALIA VIVIANA	4000	1	2023	1	47	2025-07-06 16:36:01.008472	2025-07-06 16:36:01.008472
23	2023-03-02	2	TEF BANCOESTADO DE YAGI MUNOZ NELSON	2000	3	2023	1	58	2025-07-06 16:36:01.024294	2025-07-06 16:36:01.024294
26	2023-08-21	2	TEF DE SAN JUAN RAMOS VICTOR EUGENI	4000	8	2023	1	84	2025-07-06 16:36:01.047528	2025-07-06 16:36:01.047528
27	2023-03-21	2	TEF BANCOESTADO DE NAVARRO YUNGE PA	2000	3	2023	1	96	2025-07-06 16:36:01.056375	2025-07-06 16:36:01.056375
30	2023-03-09	2	TEF DE PARES LAMAS SARA MARIA CRIST	2000	3	2023	1	99	2025-07-06 16:36:01.078723	2025-07-06 16:36:01.078723
38	2023-03-30	2	TEF DE PENA GONZALEZ KARINA ALEJAND	2000	3	2023	1	132	2025-07-06 16:36:01.143256	2025-07-06 16:36:01.143256
40	2023-03-02	2	TEF DE PARRA PAZ JULIO CESAR	5000	3	2023	1	153	2025-07-06 16:36:01.159412	2025-07-06 16:36:01.159412
41	2023-12-15	2	TEF DE MEZA ALCORTA ROSA ESTER	2000	12	2023	1	169	2025-07-06 16:36:01.166568	2025-07-06 16:36:01.166568
42	2023-03-02	2	TEF DE PERUGI ARTIGAS SUSANA PATRIC	5000	3	2023	1	173	2025-07-06 16:36:01.174713	2025-07-06 16:36:01.174713
43	2023-04-17	2	TEF BANCOESTADO DE VALENZUELA FERRE	2000	4	2023	1	177	2025-07-06 16:36:01.18186	2025-07-06 16:36:01.18186
44	2023-03-02	2	TEF BANCOESTADO DE YAGI VALENZUELA	5000	3	2023	1	178	2025-07-06 16:36:01.191467	2025-07-06 16:36:01.191467
56	2023-04-20	2	TEF DE CASTILLO IGLESIAS LUCIA FERN	4000	4	2023	1	186	2025-07-06 16:36:01.28817	2025-07-06 16:36:01.28817
62	2023-11-06	2	TEF BANCOESTADO DE HENRIQUEZ CARRAS	2000	11	2023	1	207	2025-07-06 16:36:01.334951	2025-07-06 16:36:01.334951
64	2023-03-02	2	TEF DE EULUFI CERDA HELIA SONIA DE	5000	3	2023	1	217	2025-07-06 16:36:01.352997	2025-07-06 16:36:01.352997
11	2023-07-07	1	TEF BANCOESTADO DE GARCIA ARANEDA C - JUN/22 a JUL/23	28000	6	2022	1	25	2025-07-06 16:36:00.916879	2025-07-16 00:42:56.744242
12	2023-11-27	1	TEF BANCOESTADO DE GARCIA ARANEDA C - AGO/23 a FEB/24	14000	11	2023	1	25	2025-07-06 16:36:00.923956	2025-07-16 00:43:47.209655
61	2023-02-27	1	TEF DE RAMIREZ CARVAJAL LUIS ARTURO - FEB/2023 a DIC/2023	22000	2	2023	1	190	2025-07-06 16:36:01.326381	2025-11-01 14:47:09.482223
57	2023-03-03	3	TEF BANCOESTADO DE ANABALON QUIROZ VIVIANA - Aporte Bomberos	5000	3	2023	1	67	2025-07-06 16:36:01.295887	2025-11-07 02:04:40.864134
53	2023-10-04	1	TEF BANCOESTADO DE CONCHA MUNOZ CEC - DIC/2022 a ENE/2023	4000	10	2023	1	183	2025-07-06 16:36:01.263388	2025-07-17 00:23:50.560788
39	2023-04-17	1	TEF DE SANTOS FAJARDO ISABEL ESTER - ENE/23 a ENE/23	2000	4	2023	1	152	2025-07-06 16:36:01.151768	2025-07-16 02:02:23.789355
52	2023-06-30	1	TEF BANCOESTADO DE CONCHA MUNOZ CEC - OCT/2022 a NOV/2022	4000	6	2023	1	183	2025-07-06 16:36:01.255787	2025-07-17 00:23:20.815651
51	2023-05-12	1	TEF BANCOESTADO DE CONCHA MUNOZ CEC - AGO/2022 a SEP/2022	4000	5	2023	1	183	2025-07-06 16:36:01.248302	2025-07-17 00:22:54.269737
54	2023-11-06	1	TEF BANCOESTADO DE CONCHA MUNOZ CEC - FEB/2023 a MAR/2023	4000	11	2023	1	183	2025-07-06 16:36:01.27069	2025-07-17 00:24:14.641683
55	2023-12-04	1	TEF BANCOESTADO DE CONCHA MUNOZ CEC - ABR/2023 a MAY/2023	4000	12	2023	1	183	2025-07-06 16:36:01.278231	2025-07-17 00:24:49.487223
24	2023-11-22	1	TEF DE LABARCA LAGOS MONICA DEL CAR - JUN/22 a MAR/23	20000	11	2023	1	80	2025-07-06 16:36:01.031832	2025-10-25 16:13:15.96692
50	2023-03-02	1	TEF BANCOESTADO DE CONCHA MUNOZ CEC - JUN/2022 a JUL/2022	5000	3	2023	1	183	2025-07-06 16:36:01.239164	2025-07-17 00:22:31.051427
28	2023-02-27	1	TEF DE PARES LAMAS SARA MARIA CRIST - JUN-22 a MAY/23	24000	2	2023	1	99	2025-07-06 16:36:01.063642	2025-07-31 22:32:01.394759
34	2023-03-07	1	TEF DE SALAZAR GARRETON CAMILO FERN - JUN/22 a MAR/23	20000	3	2023	1	108	2025-07-06 16:36:01.112082	2025-07-31 22:51:27.15142
35	2023-03-22	1	TEF DE SALAZAR GARRETON CAMILO FERN - ABR/23 a NOV/23	16000	3	2023	1	108	2025-07-06 16:36:01.120122	2025-07-31 22:53:29.521735
36	2023-12-21	1	TEF DE SALAZAR GARRETON CAMILO FERN - DIC/23 a JUN/24	14000	12	2023	1	108	2025-07-06 16:36:01.127296	2025-07-31 22:56:26.138256
37	2023-07-17	1	TEF DE HILLERNS ROJAS GABRIELA PATR - JUN/22 a MAY/23	24000	7	2023	1	117	2025-07-06 16:36:01.135327	2025-07-31 23:02:44.098192
13	2023-03-02	1	TEF DE LASAGNA LABBE SILVANA ANGELI - JUN/22 a OCT/22	10000	3	2023	1	31	2025-07-06 16:36:00.932866	2025-08-08 03:30:51.109099
63	2023-03-06	1	TEF DE ACEVEDO TORRES NICOLAS ESTEB - JUN/22 a MAY/23	24000	3	2023	1	154	2025-07-06 16:36:01.345346	2025-07-31 23:29:31.946801
17	2023-03-03	2	TEF DE OLAVARRIA BENNETT VIOLETA GE	3000	3	2023	1	161	2025-07-06 16:36:00.967505	2025-10-22 21:52:44.099594
15	2023-03-02	1	TEF DE OLAVARRIA BENNETT SONIA ELIZ - JUN/22 a JUN/23	26000	3	2023	1	40	2025-07-06 16:36:00.951172	2025-10-25 15:34:32.972993
31	2023-03-09	1	TEF DE PARES LAMAS SARA MARIA CRIST - JUN/22 A MAY/23	24000	3	2023	1	103	2025-07-06 16:36:01.086159	2025-10-23 20:17:02.166173
47	2023-04-18	1	TEF BANCOESTADO DE GUAJARDO YANEZ M - Abono cuota ABR/23	1000	4	2023	1	182	2025-07-06 16:36:01.215551	2025-08-18 04:39:30.274529
49	2023-07-12	1	TEF BANCOESTADO DE GUAJARDO YANEZ M - JUL/23 a DIC/23	12000	7	2023	1	182	2025-07-06 16:36:01.230938	2025-08-18 04:33:55.512789
45	2023-01-23	1	TEF BANCOESTADO DE GUAJARDO YANEZ M - JUN/22 a MAR/23	20000	1	2023	1	182	2025-07-06 16:36:01.199047	2025-08-18 04:32:41.447679
48	2023-04-18	1	TEF BANCOESTADO DE GUAJARDO YANEZ M - ABR/23 a JUN/23	5000	4	2023	1	182	2025-07-06 16:36:01.222958	2025-08-18 04:42:38.375263
46	2023-03-02	3	TEF BANCOESTADO DE GUAJARDO YANEZ M - Aporte brigadistas	5000	3	2023	1	182	2025-07-06 16:36:01.207579	2025-10-22 22:03:57.010156
29	2023-03-02	3	TEF DE PARES LAMAS SARA MARIA CRIST - Aporte brigadistas	10000	3	2023	1	99	2025-07-06 16:36:01.071632	2025-10-22 22:14:19.592401
33	2023-10-18	1	TEF DE PARES LAMAS SARA MARIA CRIST - JUN/23 a MAY/24	24000	10	2023	1	99	2025-07-06 16:36:01.104533	2025-10-22 22:30:27.183566
32	2023-10-18	1	TEF DE PARES LAMAS SARA MARIA CRIST - JUN/23 a MAY/25	48000	10	2023	1	103	2025-07-06 16:36:01.096632	2025-10-23 20:19:18.665208
14	2023-11-27	1	TEF DE LASAGNA LABBE SILVANA ANGELI - NOV/22 a AGO/23	20000	11	2023	1	31	2025-07-06 16:36:00.941415	2025-10-24 00:54:07.530871
25	2023-11-27	1	TEF DE LABARCA LAGOS MONICA DEL CAR - ABR/24 a NOV/24	16000	11	2023	1	80	2025-07-06 16:36:01.039593	2025-10-25 16:14:04.440594
60	2023-01-23	1	TEF DE RAMIREZ CARVAJAL LUIS ARTURO - JUN/2022 a ENE/2023	16000	1	2023	1	190	2025-07-06 16:36:01.319225	2025-11-01 14:46:53.899006
22	2023-05-25	2	TEF DE MORA TAPIA NATALIA VIVIANA - CR22/CR23/CR24	8000	5	2023	1	47	2025-07-06 16:36:01.016569	2025-10-26 19:59:44.845844
58	2023-03-31	1	TEF BANCOESTADO DE ANABALON QUIROZ VIVIANA - JUN/22 - NOV/22 	12000	3	2023	1	67	2025-07-06 16:36:01.303461	2025-11-07 02:04:58.772191
59	2023-12-01	1	TEF BANCOESTADO DE ANABALON QUIROZ VIVIANA - DIC/22 a DIC/23	26000	12	2023	1	67	2025-07-06 16:36:01.311468	2025-11-07 02:05:14.359698
65	2023-03-02	2	TEF BANCOESTADO DE VENEGAS JOFRE CL	5000	3	2023	1	224	2025-07-06 16:36:01.360139	2025-07-06 16:36:01.360139
66	2023-01-26	2	TEF DE CRUZ ANSELMI RODRIGO ANTONIO	16000	1	2023	1	226	2025-07-06 16:36:01.368622	2025-07-06 16:36:01.368622
67	2023-03-02	2	TEF DE RIQUELME SCHLEGEL MARIANNE E	2000	3	2023	1	241	2025-07-06 16:36:01.375426	2025-07-06 16:36:01.375426
68	2023-03-02	2	TEF DE SCHOLTZ SANHUEZA ERWIN RENE	5000	3	2023	1	249	2025-07-06 16:36:01.386023	2025-07-06 16:36:01.386023
69	2023-05-19	2	TEF DE VILLARROEL PINO PAULA ANDREA	2000	5	2023	1	251	2025-07-06 16:36:01.394179	2025-07-06 16:36:01.394179
70	2023-12-13	2	TEF DE VILLARROEL PINO PAULA ANDREA	38000	12	2023	1	251	2025-07-06 16:36:01.402766	2025-07-06 16:36:01.402766
71	2023-01-23	2	TEF DE SALGADO VARAS RENATA PAZ	14000	1	2023	1	267	2025-07-06 16:36:01.410599	2025-07-06 16:36:01.410599
72	2023-11-08	2	TEF DE SALGADO VARAS RENATA PAZ	24000	11	2023	1	267	2025-07-06 16:36:01.420428	2025-07-06 16:36:01.420428
74	2023-03-02	2	TEF DE BAUER LISSNER PATRICIA EVELY	3000	3	2023	1	278	2025-07-06 16:36:01.438277	2025-07-06 16:36:01.438277
76	2023-02-27	2	TEF DE VASQUEZ SANCHEZ SONIA ANGELI	2000	2	2023	1	284	2025-07-06 16:36:01.456235	2025-07-06 16:36:01.456235
78	2023-03-30	2	TEF DE ZARATE PEREZ PATRICIO ALONSO	2000	3	2023	1	323	2025-07-06 16:36:01.471672	2025-07-06 16:36:01.471672
79	2023-01-09	2	TRANSFERENCIA APP DE CLIENTES BESTA	2000	1	2023	1	360	2025-07-06 16:36:01.479431	2025-07-06 16:36:01.479431
80	2023-01-17	2	TRANSFERENCIA APP DE CLIENTES BESTA	2000	1	2023	1	360	2025-07-06 16:36:01.49073	2025-07-06 16:36:01.49073
81	2023-02-22	2	TEF DE AGUILAR DONAYRE ENZO ANDRE J	2000	2	2023	1	360	2025-07-06 16:36:01.499454	2025-07-06 16:36:01.499454
82	2023-02-24	2	TEF BANCOESTADO DE ORELLANA VIERA V	2000	2	2023	1	360	2025-07-06 16:36:01.508066	2025-07-06 16:36:01.508066
83	2023-02-27	2	DEPOSITO CON DOCUMENTOS	38000	2	2023	1	360	2025-07-06 16:36:01.515606	2025-07-06 16:36:01.515606
84	2023-03-02	2	DEPOSITO CON DOCUMENTOS	5000	3	2023	1	360	2025-07-06 16:36:01.524557	2025-07-06 16:36:01.524557
85	2023-03-02	2	TEF BANCOESTADO DE VILLABLANCA VEGA	2000	3	2023	1	360	2025-07-06 16:36:01.532287	2025-07-06 16:36:01.532287
87	2023-03-02	2	TEF BANCOESTADO DE SOTO SANCHEZ CAT	2000	3	2023	1	360	2025-07-06 16:36:01.548994	2025-07-06 16:36:01.548994
88	2023-03-02	2	TEF BANCOESTADO DE CISTERNA CABRERA	10000	3	2023	1	360	2025-07-06 16:36:01.557186	2025-07-06 16:36:01.557186
89	2023-03-03	2	TRANSFERENCIA APP DE CLIENTES BESTA	2000	3	2023	1	360	2025-07-06 16:36:01.564213	2025-07-06 16:36:01.564213
90	2023-03-16	2	TEF DE FONSECA GARRIDO HECTOR RODRI	2000	3	2023	1	360	2025-07-06 16:36:01.57185	2025-07-06 16:36:01.57185
91	2023-03-30	2	TEF DE GONZALEZ FIGUEROA MARIA JOSE	2000	3	2023	1	360	2025-07-06 16:36:01.580997	2025-07-06 16:36:01.580997
92	2023-03-31	2	TEF DE ROJAS ULLOA AMARILIS FRANCIS	2000	3	2023	1	360	2025-07-06 16:36:01.588922	2025-07-06 16:36:01.588922
93	2023-03-31	2	TRANSFERENCIA APP DE CLIENTES BESTA	20000	3	2023	1	360	2025-07-06 16:36:01.597076	2025-07-06 16:36:01.597076
95	2023-04-21	2	TRANSFERENCIA APP DE CLIENTES BESTA	10000	4	2023	1	360	2025-07-06 16:36:01.613525	2025-07-06 16:36:01.613525
96	2023-04-24	2	TEF DE DELPIN NICKEL ISIDORA CAMILA	2000	4	2023	1	360	2025-07-06 16:36:01.62089	2025-07-06 16:36:01.62089
97	2023-04-26	2	TEF DE TORRES PARRA KARLA CHRISTIE	2000	4	2023	1	360	2025-07-06 16:36:01.629259	2025-07-06 16:36:01.629259
98	2023-04-26	2	TEF BANCOESTADO DE CORRO BARRETO JE	2000	4	2023	1	360	2025-07-06 16:36:01.637926	2025-07-06 16:36:01.637926
100	2023-05-02	2	TEF BANCOESTADO DE AGUILERA LARA VA	2000	5	2023	1	360	2025-07-06 16:36:01.652437	2025-07-06 16:36:01.652437
101	2023-05-03	2	TEF DE MUNOZ MARCHANT JAIME CRISTIA	2000	5	2023	1	360	2025-07-06 16:36:01.660003	2025-07-06 16:36:01.660003
102	2023-05-23	2	TEF DE CEBALLOS PINO CARMEN GLORIA	2000	5	2023	1	360	2025-07-06 16:36:01.666721	2025-07-06 16:36:01.666721
103	2023-05-26	2	TEF DE MANRIQUEZ PINCHEIRA MAGALY V	6000	5	2023	1	360	2025-07-06 16:36:01.676363	2025-07-06 16:36:01.676363
104	2023-06-09	3	DEPOSITO CON DOCUMENTOS	400000	6	2023	1	361	2025-07-06 16:36:01.683382	2025-07-06 16:36:01.683382
105	2023-06-29	2	TEF BANCOESTADO DE ORELLANA FREDES	2000	6	2023	1	360	2025-07-06 16:36:01.692228	2025-07-06 16:36:01.692228
106	2023-07-04	2	TEF BANCOESTADO DE RIVERA CRISOSTOM	2000	7	2023	1	360	2025-07-06 16:36:01.700131	2025-07-06 16:36:01.700131
107	2023-07-06	2	DEPOSITO EN EFECTIVO SERVIESTADO	4000	7	2023	1	360	2025-07-06 16:36:01.708893	2025-07-06 16:36:01.708893
108	2023-07-24	2	TEF BANCOESTADO DE TRONCOSO DURAN M	4000	7	2023	1	360	2025-07-06 16:36:01.716058	2025-07-06 16:36:01.716058
109	2023-07-25	2	TEF DE DAROCH MATAMALA JORDAN EBER	6000	7	2023	1	360	2025-07-06 16:36:01.724776	2025-07-06 16:36:01.724776
110	2023-08-02	2	TEF DE DIAZ FLORES MARCELO RODOLFO	2000	8	2023	1	360	2025-07-06 16:36:01.732598	2025-07-06 16:36:01.732598
111	2023-08-07	2	TEF DE SEGURA LARA OSIEL ALEXANDER	2000	8	2023	1	360	2025-07-06 16:36:01.740623	2025-07-06 16:36:01.740623
112	2023-08-09	2	TEF BANCOESTADO DE GONZALEZ MONCADA	2000	8	2023	1	360	2025-07-06 16:36:01.747924	2025-07-06 16:36:01.747924
113	2023-09-07	2	TEF DE MOISAN OPORTUS CONSTANZA PAZ	2000	9	2023	1	360	2025-07-06 16:36:01.755315	2025-07-06 16:36:01.755315
114	2023-09-11	2	TEF BANCOESTADO DE MONJE CARVAJAL C	2000	9	2023	1	360	2025-07-06 16:36:01.762798	2025-07-06 16:36:01.762798
115	2023-09-13	2	TEF BANCOESTADO DE VIDAL MELIVILU K	2000	9	2023	1	360	2025-07-06 16:36:01.773184	2025-07-06 16:36:01.773184
116	2023-09-14	2	TEF BANCOESTADO DE MIRANDA ROMERO M	2000	9	2023	1	360	2025-07-06 16:36:01.78135	2025-07-06 16:36:01.78135
117	2023-10-02	2	TEF BANCOESTADO DE POZO JIMENEZ DIE	2000	10	2023	1	360	2025-07-06 16:36:01.789459	2025-07-06 16:36:01.789459
118	2023-10-04	2	TEF BANCOESTADO DE MORA MORALES CAT	2000	10	2023	1	360	2025-07-06 16:36:01.79694	2025-07-06 16:36:01.79694
119	2023-10-12	2	TEF BANCOESTADO DE GALLARDO CORDERO	95200	10	2023	1	360	2025-07-06 16:36:01.804928	2025-07-06 16:36:01.804928
120	2023-10-19	2	TEF BANCOESTADO DE ULLOA BURGOS XIM	2000	10	2023	1	360	2025-07-06 16:36:01.813443	2025-07-06 16:36:01.813443
121	2023-11-10	2	TEF DE DIAZ VELASQUEZ IGNACIO HUMBE	2000	11	2023	1	360	2025-07-06 16:36:01.821631	2025-07-06 16:36:01.821631
122	2023-11-17	2	TEF DE BENEVENTI DUCOMMUN ANTONELLA	24000	11	2023	1	360	2025-07-06 16:36:01.829379	2025-07-06 16:36:01.829379
123	2023-11-21	2	DEPOSITO EN EFECTIVO CRC: F1637F17	14000	11	2023	1	360	2025-07-06 16:36:01.836248	2025-07-06 16:36:01.836248
124	2023-11-21	2	TEF BANCOESTADO DE ABURTO FRITZ CAR	2000	11	2023	1	360	2025-07-06 16:36:01.844193	2025-07-06 16:36:01.844193
125	2023-11-29	2	DEPOSITO EN EFECTIVO	24000	11	2023	1	360	2025-07-06 16:36:01.851191	2025-07-06 16:36:01.851191
126	2023-11-29	2	DEPOSITO EN EFECTIVO	2000	11	2023	1	360	2025-07-06 16:36:01.861095	2025-07-06 16:36:01.861095
127	2023-12-06	2	TEF DE SANTIBANEZ LARENAS MARCELA E	2000	12	2023	1	360	2025-07-06 16:36:01.868283	2025-07-06 16:36:01.868283
128	2023-12-12	2	TEF BANCOESTADO DE SANDOVAL SAMILLA	4000	12	2023	1	360	2025-07-06 16:36:01.877135	2025-07-06 16:36:01.877135
129	2023-12-12	2	TEF BANCOESTADO DE ZAMORANO ARAVENA	2000	12	2023	1	360	2025-07-06 16:36:01.885375	2025-07-06 16:36:01.885375
130	2023-12-13	2	TEF DE DAVILA BARRERA FERNANDO SEBA	2000	12	2023	1	360	2025-07-06 16:36:01.894356	2025-07-06 16:36:01.894356
86	2023-03-02	3	TEF DE DE RUT 17617623-7 - Brigadistas Mexicanos	10000	3	2023	1	71	2025-07-06 16:36:01.540495	2025-07-31 22:23:06.468429
99	2023-04-27	1	TEF DE DE RUT 17617623-7 - JUN/22 a DIC/23	38000	4	2023	1	71	2025-07-06 16:36:01.645584	2025-07-31 22:25:05.759353
75	2023-02-27	1	TEF DE VASQUEZ SANCHEZ SONIA ANGELI - JUN/2022 a DIC/2022	14000	2	2023	1	284	2025-07-06 16:36:01.447659	2025-10-29 01:14:38.881203
77	2023-03-03	3	TEF DE VASQUEZ SANCHEZ SONIA ANGELI - Aporte a brigadistas mexicanos	3000	3	2023	1	284	2025-07-06 16:36:01.463546	2025-10-29 01:15:13.98902
131	2023-12-18	2	TEF BANCOESTADO DE CASTRO LOPEZ VIC	36000	12	2023	1	360	2025-07-06 16:36:01.901979	2025-07-06 16:36:01.901979
132	2023-12-28	2	TEF BANCOESTADO DE NAYEN JARA BELEN	2000	12	2023	1	360	2025-07-06 16:36:01.91036	2025-07-06 16:36:01.91036
133	2024-02-23	2	TEF BANCOESTADO DE CARVALLO TOLEDO	12000	2	2024	1	18	2025-07-06 20:10:08.119755	2025-07-06 20:10:08.119755
134	2024-07-23	2	TEF BANCOESTADO DE CARVALLO TOLEDO	6000	7	2024	1	18	2025-07-06 20:10:08.132771	2025-07-06 20:10:08.132771
135	2024-07-29	2	TEF BANCOESTADO DE CARVALLO TOLEDO	4000	7	2024	1	18	2025-07-06 20:10:08.143727	2025-07-06 20:10:08.143727
137	2024-12-26	2	TEF BANCOESTADO DE DAROCH HORMAZABA	2000	12	2024	1	28	2025-07-06 20:10:08.162776	2025-07-06 20:10:08.162776
140	2024-08-05	2	TEF BANCOESTADO DE POPP MELENDEZ AL	2000	8	2024	1	43	2025-07-06 20:10:08.191305	2025-07-06 20:10:08.191305
141	2024-07-25	2	TEF BANCOESTADO DE CARVALLO MANRIQU	2000	7	2024	1	70	2025-07-06 20:10:08.200229	2025-07-06 20:10:08.200229
142	2024-04-26	2	TEF DE LABARCA LAGOS MONICA DEL CAR	2000	4	2024	1	80	2025-07-06 20:10:08.208645	2025-07-06 20:10:08.208645
143	2024-07-22	2	TEF BANCOESTADO DE ITURRIA CAMPANO	2000	7	2024	1	82	2025-07-06 20:10:08.22137	2025-07-06 20:10:08.22137
144	2024-05-30	2	TEF DE PARES LAMAS SARA MARIA CRIST	2000	5	2024	1	99	2025-07-06 20:10:08.22894	2025-07-06 20:10:08.22894
145	2024-05-30	2	TEF DE PARES LAMAS SARA MARIA CRIST	2000	5	2024	1	99	2025-07-06 20:10:08.237301	2025-07-06 20:10:08.237301
146	2024-08-21	2	TEF BANCOESTADO DE FERNANDEZ AGUILE	2000	8	2024	1	116	2025-07-06 20:10:08.24515	2025-07-06 20:10:08.24515
147	2024-08-23	2	TEF BANCOESTADO DE FERNANDEZ AGUILE	4000	8	2024	1	116	2025-07-06 20:10:08.253442	2025-07-06 20:10:08.253442
152	2024-12-11	2	TEF DE CASTILLO IGLESIAS LUCIA FERN	2000	12	2024	1	186	2025-07-06 20:10:08.29272	2025-07-06 20:10:08.29272
157	2024-03-13	2	TEF BANCOESTADO DE ALBORNOZ GUERRA	2000	3	2024	1	195	2025-07-06 20:10:08.335771	2025-07-06 20:10:08.335771
159	2024-02-23	2	TEF DE BASUALTO MORALES IGNACIO MAU	4000	2	2024	1	223	2025-07-06 20:10:08.351268	2025-07-06 20:10:08.351268
160	2024-02-26	2	TEF DE CRUZ ANSELMI RODRIGO ANTONIO	2000	2	2024	1	226	2025-07-06 20:10:08.359202	2025-07-06 20:10:08.359202
161	2024-03-14	2	TEF DE CRUZ ANSELMI RODRIGO ANTONIO	2000	3	2024	1	226	2025-07-06 20:10:08.366728	2025-07-06 20:10:08.366728
162	2024-03-14	2	TEF DE CRUZ ANSELMI RODRIGO ANTONIO	8000	3	2024	1	226	2025-07-06 20:10:08.373788	2025-07-06 20:10:08.373788
163	2024-04-05	2	TEF DE CRUZ ANSELMI RODRIGO ANTONIO	4000	4	2024	1	226	2025-07-06 20:10:08.380749	2025-07-06 20:10:08.380749
164	2024-03-05	2	TEF BANCOESTADO DE PINO DE LA BARRE	12000	3	2024	1	239	2025-07-06 20:10:08.388023	2025-07-06 20:10:08.388023
165	2024-03-11	2	TEF BANCOESTADO DE PINO DE LA BARRE	2000	3	2024	1	239	2025-07-06 20:10:08.398939	2025-07-06 20:10:08.398939
166	2024-03-26	2	TEF BANCOESTADO DE BANADOS PLACENCI	2000	3	2024	1	245	2025-07-06 20:10:08.407157	2025-07-06 20:10:08.407157
167	2024-09-03	2	TEF DE LEYTON ARAYA CHRISTIAN GONZA	12000	9	2024	1	254	2025-07-06 20:10:08.414435	2025-07-06 20:10:08.414435
168	2024-05-07	2	TEF DE SALGADO VARAS RENATA PAZ	2000	5	2024	1	267	2025-07-06 20:10:08.423249	2025-07-06 20:10:08.423249
169	2024-04-01	2	TEF DE DIAZ RUIZ MARCELA DEL CARMEN	2000	4	2024	1	301	2025-07-06 20:10:08.431082	2025-07-06 20:10:08.431082
170	2024-12-18	2	TEF BANCOESTADO DE DAVILA DURAN JOH	2000	12	2024	1	309	2025-07-06 20:10:08.438495	2025-07-06 20:10:08.438495
171	2024-08-13	2	TEF BANCOESTADO DE MONTECINOS MARTI	2000	8	2024	1	314	2025-07-06 20:10:08.446377	2025-07-06 20:10:08.446377
172	2024-08-19	2	TEF DE MONTECINOS MARTINEZ SOFIA AN	2000	8	2024	1	314	2025-07-06 20:10:08.453801	2025-07-06 20:10:08.453801
174	2024-10-01	2	TEF BANCOESTADO DE GARCIA CASTILLO	2000	10	2024	1	329	2025-07-06 20:10:08.46826	2025-07-06 20:10:08.46826
175	2024-04-29	2	TEF BANCOESTADO DE ANI LEIVA JANNET	2000	4	2024	1	335	2025-07-06 20:10:08.475202	2025-07-06 20:10:08.475202
176	2024-08-28	2	TEF BANCOESTADO DE ANI LEIVA JANNET	2000	8	2024	1	335	2025-07-06 20:10:08.487379	2025-07-06 20:10:08.487379
177	2024-01-17	2	TEF BANCOESTADO DE POZO JIMENEZ DIE	2000	1	2024	1	360	2025-07-06 20:10:08.496044	2025-07-06 20:10:08.496044
178	2024-01-22	2	TEF DE DE BORGUIE CABRERA PATRICIA	8000	1	2024	1	360	2025-07-06 20:10:08.503789	2025-07-06 20:10:08.503789
179	2024-01-23	2	TEF BANCOESTADO DE GONZALEZ SEGOVIA	2000	1	2024	1	360	2025-07-06 20:10:08.512527	2025-07-06 20:10:08.512527
180	2024-01-23	2	TEF DE TORRES SOTO MARCELA DE LAS N	2000	1	2024	1	360	2025-07-06 20:10:08.521059	2025-07-06 20:10:08.521059
181	2024-01-23	2	TEF BANCOESTADO DE AGUAYO SALAZAR P	2000	1	2024	1	360	2025-07-06 20:10:08.529726	2025-07-06 20:10:08.529726
182	2024-02-14	2	TEF DE CASANOVA BRITO MAURICIO VLAD	2000	2	2024	1	360	2025-07-06 20:10:08.614722	2025-07-06 20:10:08.614722
183	2024-02-23	2	TEF BANCOESTADO DE PULIDO INFANTE N	2000	2	2024	1	360	2025-07-06 20:10:08.671344	2025-07-06 20:10:08.671344
184	2024-03-01	3	ABONO PAGO A PROVEEDORES	5000000	3	2024	1	361	2025-07-06 20:10:08.724458	2025-07-06 20:10:08.724458
185	2024-03-13	2	TEF DE DE RUT 77496326-K	2000	3	2024	1	360	2025-07-06 20:10:08.743587	2025-07-06 20:10:08.743587
186	2024-03-15	2	TEF DE BAEZA DIAZ PATRICIA ANGELICA	2000	3	2024	1	360	2025-07-06 20:10:08.756999	2025-07-06 20:10:08.756999
187	2024-03-19	2	TEF BANCOESTADO DE ANGULO TRIVINO R	2000	3	2024	1	360	2025-07-06 20:10:08.765019	2025-07-06 20:10:08.765019
188	2024-03-21	2	TEF BANCOESTADO DE ANGULO TRIVINO R	2000	3	2024	1	360	2025-07-06 20:10:08.775785	2025-07-06 20:10:08.775785
189	2024-03-27	2	TEF DE POBLETE GARCES CATALINA IGNA	2000	3	2024	1	360	2025-07-06 20:10:08.783542	2025-07-06 20:10:08.783542
190	2024-03-27	2	TEF BANCOESTADO DE GONZALEZ COLINA	4000	3	2024	1	360	2025-07-06 20:10:08.793222	2025-07-06 20:10:08.793222
191	2024-04-02	2	TEF BANCOESTADO DE PINCHEIRA ALEGRI	2000	4	2024	1	360	2025-07-06 20:10:08.804308	2025-07-06 20:10:08.804308
192	2024-04-04	2	TEF BANCOESTADO DE GODOY INOSTROZA	2000	4	2024	1	360	2025-07-06 20:10:08.813208	2025-07-06 20:10:08.813208
193	2024-04-16	2	TEF DE DE RUT 19893157-8	2000	4	2024	1	360	2025-07-06 20:10:08.821058	2025-07-06 20:10:08.821058
194	2024-04-17	2	DEPOSITO CON DOCUMENTOS	24000	4	2024	1	360	2025-07-06 20:10:08.830274	2025-07-06 20:10:08.830274
195	2024-04-29	2	TEF DE RIVERA CRISOSTOMO ANDREA ELI	2000	4	2024	1	360	2025-07-06 20:10:08.841917	2025-07-06 20:10:08.841917
196	2024-05-02	2	TEF BANCOESTADO DE SEPULVEDA HIDALG	2000	5	2024	1	360	2025-07-06 20:10:08.850239	2025-07-06 20:10:08.850239
153	2024-05-08	2	TEF BANCOESTADO DE ANABALON QUIROZ ROSANA	2000	5	2024	1	187	2025-07-06 20:10:08.300007	2025-11-07 02:05:38.834396
173	2024-06-05	1	TEF DE SANTANA GACITUA CARLOS RICAR - NOV/2022 a DIC/2023	28000	6	2024	1	321	2025-07-06 20:10:08.461142	2025-07-17 02:41:38.231463
151	2024-01-04	1	TEF BANCOESTADO DE CONCHA MUNOZ CEC - JUN/2023 a JUL/2023	4000	1	2024	1	183	2025-07-06 20:10:08.285754	2025-07-17 00:26:17.986304
158	2024-11-25	2	TEF DE ACEVEDO TORRES NICOLAS ESTEB	4000	11	2024	1	154	2025-07-06 20:10:08.343578	2025-07-31 23:29:11.21455
149	2024-04-18	1	TEF BANCOESTADO DE GUAJARDO YANEZ M - ENE/24 a JUN/24	12000	4	2024	1	182	2025-07-06 20:10:08.270045	2025-08-18 04:35:09.567609
138	2024-03-13	1	TEF DE LASAGNA LABBE SILVANA ANGELI - SEP/23 a ENE/24	10000	3	2024	1	31	2025-07-06 20:10:08.172737	2025-08-08 03:33:25.343654
150	2024-08-19	1	TEF BANCOESTADO DE GUAJARDO YANEZ M - JUL/24 A DIC/24	12000	8	2024	1	182	2025-07-06 20:10:08.278174	2025-08-18 04:35:37.410121
139	2024-07-18	1	TEF DE OLAVARRIA BENNETT SONIA ELIZ - JUL/24 a JUN/25	24000	7	2024	1	40	2025-07-06 20:10:08.18214	2025-10-25 15:35:24.179274
156	2024-09-02	1	TEF DE RAMIREZ CARVAJAL LUIS ARTURO - OCT/2024 a JUN/2025	18000	9	2024	1	190	2025-07-06 20:10:08.327164	2025-11-01 14:48:04.403803
154	2024-05-08	2	TEF BANCOESTADO DE ANABALON QUIROZ ROSANA	2000	5	2024	1	187	2025-07-06 20:10:08.31119	2025-11-07 02:05:55.509892
197	2024-05-08	2	TEF DE LOPEZ CHIRINOS JOEL JOSE	2000	5	2024	1	360	2025-07-06 20:10:08.859847	2025-07-06 20:10:08.859847
198	2024-05-08	2	TEF DE LOPEZ CHIRINOS JOEL JOSE	2000	5	2024	1	360	2025-07-06 20:10:08.868954	2025-07-06 20:10:08.868954
199	2024-05-09	2	TEF BANCOESTADO DE NAVARRETE MUNOZ	2000	5	2024	1	360	2025-07-06 20:10:08.878803	2025-07-06 20:10:08.878803
200	2024-05-09	2	TEF BANCOESTADO DE NAVARRETE MUNOZ	2000	5	2024	1	360	2025-07-06 20:10:08.88822	2025-07-06 20:10:08.88822
201	2024-05-16	2	TEF DE KRIES SAAVEDRA ANA ESTER	2000	5	2024	1	360	2025-07-06 20:10:08.89866	2025-07-06 20:10:08.89866
202	2024-05-24	2	TEF BANCOESTADO DE MASANA ULLOA SAR	2000	5	2024	1	360	2025-07-06 20:10:08.908631	2025-07-06 20:10:08.908631
203	2024-05-28	2	DEPOSITO EN EFECTIVO CRC: 1394DF06	48000	5	2024	1	360	2025-07-06 20:10:08.91772	2025-07-06 20:10:08.91772
204	2024-05-29	2	TEF BANCOESTADO DE ZAMORANO ARAVENA	2000	5	2024	1	360	2025-07-06 20:10:08.92601	2025-07-06 20:10:08.92601
205	2024-06-03	3	DEPOSITO CON DOCUMENTOS	500000	6	2024	1	361	2025-07-06 20:10:08.934305	2025-07-06 20:10:08.934305
206	2024-06-03	2	TEF DE BENEVENTI DUCOMMUN ANTONELLA	24000	6	2024	1	360	2025-07-06 20:10:08.942995	2025-07-06 20:10:08.942995
207	2024-06-06	2	TEF BANCOESTADO DE MORA LARA ROBERT	2000	6	2024	1	360	2025-07-06 20:10:08.954336	2025-07-06 20:10:08.954336
208	2024-06-17	2	TEF BANCOESTADO DE LILLO CONTRERAS	2000	6	2024	1	360	2025-07-06 20:10:08.963636	2025-07-06 20:10:08.963636
209	2024-06-17	2	TEF BANCOESTADO DE LILLO CONTRERAS	4000	6	2024	1	360	2025-07-06 20:10:08.973703	2025-07-06 20:10:08.973703
210	2024-06-18	2	TEF DE MUNOZ ALARCON XIMENA DEL CAR	4000	6	2024	1	360	2025-07-06 20:10:08.983358	2025-07-06 20:10:08.983358
211	2024-07-02	2	TEF BANCOESTADO DE RIQUELME GALLEGO	2000	7	2024	1	360	2025-07-06 20:10:08.991749	2025-07-06 20:10:08.991749
212	2024-07-05	2	TEF DE DE RUT 18413684-8	2000	7	2024	1	360	2025-07-06 20:10:09.001906	2025-07-06 20:10:09.001906
213	2024-07-08	2	TEF BANCOESTADO DE LEIVA IGLESIAS A	2000	7	2024	1	360	2025-07-06 20:10:09.011152	2025-07-06 20:10:09.011152
214	2024-07-09	2	TEF BANCOESTADO DE CARRILLO ROMERO	2000	7	2024	1	360	2025-07-06 20:10:09.021383	2025-07-06 20:10:09.021383
215	2024-07-12	2	TEF BANCOESTADO DE CAMPOS BERNALES	4000	7	2024	1	360	2025-07-06 20:10:09.029811	2025-07-06 20:10:09.029811
216	2024-07-26	2	TEF DE CONCHA QUEZADA IVETT DEL ROS	2000	7	2024	1	360	2025-07-06 20:10:09.038534	2025-07-06 20:10:09.038534
217	2024-07-26	2	TEF BANCOESTADO DE KUNCAR GODOY CAR	2000	7	2024	1	360	2025-07-06 20:10:09.047266	2025-07-06 20:10:09.047266
218	2024-07-29	2	TEF BANCOESTADO DE HERNANDEZ CAMPOS	2000	7	2024	1	360	2025-07-06 20:10:09.058318	2025-07-06 20:10:09.058318
219	2024-08-07	2	TEF BANCOESTADO DE ROMERO RIOSECO I	2000	8	2024	1	360	2025-07-06 20:10:09.068287	2025-07-06 20:10:09.068287
220	2024-08-08	2	TEF BANCOESTADO DE GARCES TRONCOSO	2000	8	2024	1	360	2025-07-06 20:10:09.078811	2025-07-06 20:10:09.078811
221	2024-08-09	2	TEF BANCOESTADO DE DIAZ CASTRO SEBA	2000	8	2024	1	360	2025-07-06 20:10:09.089124	2025-07-06 20:10:09.089124
222	2024-08-13	2	TEF BANCOESTADO DE SOLIS HUENCHULEO	2000	8	2024	1	360	2025-07-06 20:10:09.098683	2025-07-06 20:10:09.098683
223	2024-08-14	2	TEF BANCOESTADO DE CASTRO GONZALEZ	2000	8	2024	1	360	2025-07-06 20:10:09.109097	2025-07-06 20:10:09.109097
224	2024-08-20	2	TEF BANCOESTADO DE CORRO BARRETO JE	2000	8	2024	1	360	2025-07-06 20:10:09.119138	2025-07-06 20:10:09.119138
225	2024-08-21	2	TEF BANCOESTADO DE BASCUR CABRERA E	2000	8	2024	1	360	2025-07-06 20:10:09.129047	2025-07-06 20:10:09.129047
226	2024-08-22	2	TEF BANCOESTADO DE GONZALEZ IBANEZ	2000	8	2024	1	360	2025-07-06 20:10:09.137966	2025-07-06 20:10:09.137966
227	2024-08-30	2	TEF BANCOESTADO DE SAEZ JANA JAIME	2000	8	2024	1	360	2025-07-06 20:10:09.146792	2025-07-06 20:10:09.146792
228	2024-09-05	2	TEF BANCOESTADO DE PEREZ NAVARRO GE	2000	9	2024	1	360	2025-07-06 20:10:09.154984	2025-07-06 20:10:09.154984
229	2024-09-05	2	TEF BANCOESTADO DE CABA ZARATE BARB	2000	9	2024	1	360	2025-07-06 20:10:09.164968	2025-07-06 20:10:09.164968
230	2024-09-11	2	TEF DE RIVAS SEPULVEDA JOSE TOMAS	4000	9	2024	1	360	2025-07-06 20:10:09.177242	2025-07-06 20:10:09.177242
231	2024-09-13	2	TEF BANCOESTADO DE GONZALEZ SEGOVIA	2000	9	2024	1	360	2025-07-06 20:10:09.186608	2025-07-06 20:10:09.186608
232	2024-09-16	2	TEF DE ZAPATA POZO CATALINA VICTORI	2000	9	2024	1	360	2025-07-06 20:10:09.196356	2025-07-06 20:10:09.196356
233	2024-09-27	2	TEF DE GUTIERREZ CARRILLO ALEJANDRA	4000	9	2024	1	360	2025-07-06 20:10:09.206466	2025-07-06 20:10:09.206466
234	2024-10-01	2	TEF BANCOESTADO DE HENRIQUEZ TORRES	4000	10	2024	1	360	2025-07-06 20:10:09.215854	2025-07-06 20:10:09.215854
235	2024-10-02	2	TEF DE PEREZ CARO AMERICA DEL CARME	2000	10	2024	1	360	2025-07-06 20:10:09.224774	2025-07-06 20:10:09.224774
236	2024-10-02	2	TEF BANCOESTADO DE SOLIS HUENCHULEO	2000	10	2024	1	360	2025-07-06 20:10:09.234687	2025-07-06 20:10:09.234687
237	2024-10-02	2	TEF BANCOESTADO DE RUZ AMIGO VICENT	2000	10	2024	1	360	2025-07-06 20:10:09.244565	2025-07-06 20:10:09.244565
238	2024-10-04	2	TEF DE HAEGER SCHEFER CARLOS A	4000	10	2024	1	360	2025-07-06 20:10:09.253257	2025-07-06 20:10:09.253257
239	2024-10-07	2	TEF BANCOESTADO DE GARRIDO FERREIRA	2000	10	2024	1	360	2025-07-06 20:10:09.261477	2025-07-06 20:10:09.261477
240	2024-10-09	2	TEF BANCOESTADO DE SAEZ MENA MARION	2000	10	2024	1	360	2025-07-06 20:10:09.270315	2025-07-06 20:10:09.270315
241	2024-10-15	2	TEF DE COFRE PEREIRA FRANCISCA LORE	4000	10	2024	1	360	2025-07-06 20:10:09.283104	2025-07-06 20:10:09.283104
242	2024-10-16	2	TEF DE DELPIN NICKEL JOSEFA CONSTAN	4000	10	2024	1	360	2025-07-06 20:10:09.292925	2025-07-06 20:10:09.292925
243	2024-10-23	2	TEF DE ARNABOLDI TIMA FLORENCIA ROS	2000	10	2024	1	360	2025-07-06 20:10:09.303393	2025-07-06 20:10:09.303393
244	2024-10-29	2	TEF DE ARDILES VELASQUEZ NOVECHKA S	2000	10	2024	1	360	2025-07-06 20:10:09.313524	2025-07-06 20:10:09.313524
245	2024-11-06	2	TEF DE LUMAN PEREIRA JEANNETTE ALEJ	4000	11	2024	1	360	2025-07-06 20:10:09.322686	2025-07-06 20:10:09.322686
246	2024-11-07	2	TEF DE MADRID CORTES CAMILA ANDREA	2000	11	2024	1	360	2025-07-06 20:10:09.333007	2025-07-06 20:10:09.333007
247	2024-11-07	2	TEF BANCOESTADO DE GONZALEZ MONCADA	2000	11	2024	1	360	2025-07-06 20:10:09.343	2025-07-06 20:10:09.343
248	2024-11-18	2	TEF DE HERRERA GARCIA CARLOS ANDRES	2000	11	2024	1	360	2025-07-06 20:10:09.353845	2025-07-06 20:10:09.353845
249	2024-11-18	2	TEF BANCOESTADO DE FUENTEALBA GACIT	2000	11	2024	1	360	2025-07-06 20:10:09.362389	2025-07-06 20:10:09.362389
250	2024-11-29	2	TEF BANCOESTADO DE ESPINOZA HERNAND	6000	11	2024	1	360	2025-07-06 20:10:09.371452	2025-07-06 20:10:09.371452
251	2024-12-02	2	TEF DE BARRALES BUSTOS PAULA ANGELI	2000	12	2024	1	360	2025-07-06 20:10:09.379782	2025-07-06 20:10:09.379782
252	2024-12-02	2	TEF BANCOESTADO DE BONILLA CONCHA C	2000	12	2024	1	360	2025-07-06 20:10:09.388771	2025-07-06 20:10:09.388771
253	2024-12-11	2	TEF BANCOESTADO DE VARELA CHAPARRO	2000	12	2024	1	360	2025-07-06 20:10:09.401137	2025-07-06 20:10:09.401137
254	2024-12-12	2	TEF BANCOESTADO DE ORELLANA MANRIQU	2000	12	2024	1	360	2025-07-06 20:10:09.411668	2025-07-06 20:10:09.411668
255	2024-12-13	2	TEF DE GUTIERREZ INOSTROZA ESTEFANI	2000	12	2024	1	360	2025-07-06 20:10:09.42197	2025-07-06 20:10:09.42197
256	2024-12-17	2	TEF DE CARVAJAL CANCINO MIGUEL ANGE	2000	12	2024	1	360	2025-07-06 20:10:09.432225	2025-07-06 20:10:09.432225
257	2024-12-18	2	TEF DE RECABARREN MARDONEZ NATALY D	4000	12	2024	1	360	2025-07-06 20:10:09.443388	2025-07-06 20:10:09.443388
258	2024-12-27	2	TEF DE VALENZUELA MORENO ANA MARIA	4000	12	2024	1	360	2025-07-06 20:10:09.451804	2025-07-06 20:10:09.451804
259	2025-02-11	2	TEF BANCOESTADO DE SANCHEZ SANCHEZ	2000	2	2025	1	11	2025-07-06 20:11:47.233848	2025-07-06 20:11:47.233848
260	2025-01-27	2	TEF BANCOESTADO DE CHAMBLAS NAVARRE	4000	1	2025	1	16	2025-07-06 20:11:47.242185	2025-07-06 20:11:47.242185
262	2025-05-26	2	TEF BANCOESTADO DE GARCIA ARANEDA C	2000	5	2025	1	25	2025-07-06 20:11:47.258094	2025-07-06 20:11:47.258094
263	2025-01-08	2	TEF DE CABRERA CROT VERONICA ANDREA	2000	1	2025	1	26	2025-07-06 20:11:47.268487	2025-07-06 20:11:47.268487
264	2025-01-22	2	TEF DE INOSTROZA CASTILLO JAVIER IG	4000	1	2025	1	64	2025-07-06 20:11:47.277279	2025-07-06 20:11:47.277279
265	2025-03-10	2	TEF DE LABARCA LAGOS MONICA DEL CAR	2000	3	2025	1	80	2025-07-06 20:11:47.285772	2025-07-06 20:11:47.285772
266	2025-03-10	2	TEF DE LABARCA LAGOS MONICA DEL CAR	2000	3	2025	1	80	2025-07-06 20:11:47.294941	2025-07-06 20:11:47.294941
267	2025-06-25	2	TEF DE LABARCA LAGOS MONICA DEL CAR	24000	6	2025	1	80	2025-07-06 20:11:47.302693	2025-07-06 20:11:47.302693
272	2025-03-18	2	TEF DE VASQUEZ SANCHEZ SONIA ANGELI	2000	3	2025	1	284	2025-07-06 20:11:47.341906	2025-07-06 20:11:47.341906
273	2025-04-29	2	TEF BANCOESTADO DE LEPE ORTIZ YAZNA	2000	4	2025	1	286	2025-07-06 20:11:47.348899	2025-07-06 20:11:47.348899
274	2025-05-27	2	TEF BANCOESTADO DE CARDENAS HERNAND	2000	5	2025	1	317	2025-07-06 20:11:47.357934	2025-07-06 20:11:47.357934
275	2025-01-20	2	TEF DE SANTANA GACITUA CARLOS RICAR	2000	1	2025	1	321	2025-07-06 20:11:47.36589	2025-07-06 20:11:47.36589
276	2025-02-06	2	TEF BANCOESTADO DE ANI LEIVA JANNET	4000	2	2025	1	335	2025-07-06 20:11:47.37321	2025-07-06 20:11:47.37321
277	2025-01-20	2	TEF DE AGUAYO RODRIGUEZ EDUARDO OSV	4000	1	2025	1	360	2025-07-06 20:11:47.380633	2025-07-06 20:11:47.380633
278	2025-01-23	2	TEF DE MERINO MORALES VICENTE JOAQU	2000	1	2025	1	360	2025-07-06 20:11:47.388567	2025-07-06 20:11:47.388567
279	2025-01-28	2	TEF DE GUTIERREZ CARRILLO ALEJANDRA	2000	1	2025	1	360	2025-07-06 20:11:47.396458	2025-07-06 20:11:47.396458
280	2025-01-28	2	TEF DE GUTIERREZ CARRILLO ALEJANDRA	2000	1	2025	1	360	2025-07-06 20:11:47.404792	2025-07-06 20:11:47.404792
281	2025-01-31	2	TEF DE ALEJO ALEJO NAYLET ANDREINA	2000	1	2025	1	360	2025-07-06 20:11:47.411377	2025-07-06 20:11:47.411377
282	2025-02-04	2	TEF DE MORA MUNOZ JUAN ROBERTO	2000	2	2025	1	360	2025-07-06 20:11:47.418044	2025-07-06 20:11:47.418044
283	2025-02-05	2	TEF DE VICTORIANO FICA BELEN DAMARI	2000	2	2025	1	360	2025-07-06 20:11:47.425133	2025-07-06 20:11:47.425133
284	2025-02-05	2	TEF DE VICTORIANO FICA BELEN DAMARI	2000	2	2025	1	360	2025-07-06 20:11:47.434479	2025-07-06 20:11:47.434479
285	2025-02-05	2	TEF DE SUAREZ CALDERA JONATHAN MIGU	6000	2	2025	1	360	2025-07-06 20:11:47.44152	2025-07-06 20:11:47.44152
286	2025-02-11	2	TEF BANCOESTADO DE ARAVENA VALDES E	2000	2	2025	1	360	2025-07-06 20:11:47.449192	2025-07-06 20:11:47.449192
287	2025-02-14	2	TEF BANCOESTADO DE CARRASCO AVACA M	2000	2	2025	1	360	2025-07-06 20:11:47.456785	2025-07-06 20:11:47.456785
288	2025-02-21	2	TEF DE ZAPATA POZO CATALINA VICTORI	2000	2	2025	1	360	2025-07-06 20:11:47.464366	2025-07-06 20:11:47.464366
289	2025-02-25	2	TEF BANCOESTADO DE LARA INZUNZA MAR	2000	2	2025	1	360	2025-07-06 20:11:47.47204	2025-07-06 20:11:47.47204
290	2025-02-28	2	TEF DE ROMERO PINO CONSTANZA JAVIER	2000	2	2025	1	360	2025-07-06 20:11:47.478975	2025-07-06 20:11:47.478975
291	2025-03-06	2	DEVOLUCION TRANSF MANDATO CLIENTE	4000	3	2025	1	360	2025-07-06 20:11:47.486969	2025-07-06 20:11:47.486969
292	2025-03-19	2	TEF DE PARADA VILLABLANCA CAROLINA	2000	3	2025	1	360	2025-07-06 20:11:47.493853	2025-07-06 20:11:47.493853
293	2025-03-20	2	TEF BANCOESTADO DE VILLARROEL FUENT	2000	3	2025	1	360	2025-07-06 20:11:47.501162	2025-07-06 20:11:47.501162
294	2025-03-21	2	TEF DE GODOY RIVAS BELEN BIZETH	2000	3	2025	1	360	2025-07-06 20:11:47.507778	2025-07-06 20:11:47.507778
295	2025-03-21	2	TEF BANCOESTADO DE DIAZ VELASQUEZ H	2000	3	2025	1	360	2025-07-06 20:11:47.516954	2025-07-06 20:11:47.516954
296	2025-03-25	2	TEF DE RODRIGUEZ BUSTOS HERNAN EDGA	4000	3	2025	1	360	2025-07-06 20:11:47.523918	2025-07-06 20:11:47.523918
297	2025-03-26	2	TEF DE MARTINEZ CARVAJAL MARCELA IR	2000	3	2025	1	360	2025-07-06 20:11:47.532268	2025-07-06 20:11:47.532268
298	2025-03-27	2	TEF DE ROJAS ULLOA AMARILIS FRANCIS	2000	3	2025	1	360	2025-07-06 20:11:47.539823	2025-07-06 20:11:47.539823
299	2025-03-28	2	TEF DE RIVAS ULLOA LUIS ESTEBAN	2000	3	2025	1	360	2025-07-06 20:11:47.547734	2025-07-06 20:11:47.547734
300	2025-04-01	2	TEF DE CASTRO SANDOVAL EDUARDO NAVO	2000	4	2025	1	360	2025-07-06 20:11:47.554707	2025-07-06 20:11:47.554707
301	2025-04-02	2	TEF DE CID BRAVO DANIELA ALEJANDRA	2000	4	2025	1	360	2025-07-06 20:11:47.562586	2025-07-06 20:11:47.562586
302	2025-04-03	2	TEF DE FERNANDEZ PEREZ CONSTANZA AN	2000	4	2025	1	360	2025-07-06 20:11:47.569858	2025-07-06 20:11:47.569858
303	2025-04-09	2	TEF DE ALTAMIRANO SALAMANCA RODRIGO	2000	4	2025	1	360	2025-07-06 20:11:47.576652	2025-07-06 20:11:47.576652
304	2025-04-16	2	TEF DE MELIPIL IGAYMAN GLORIA DEL C	2000	4	2025	1	360	2025-07-06 20:11:47.583962	2025-07-06 20:11:47.583962
305	2025-04-17	2	TEF BANCOESTADO DE MERCADO SANHUEZA	2000	4	2025	1	360	2025-07-06 20:11:47.590739	2025-07-06 20:11:47.590739
306	2025-04-28	2	TEF BANCOESTADO DE CAMPERO ROSSO FE	2000	4	2025	1	360	2025-07-06 20:11:47.600291	2025-07-06 20:11:47.600291
307	2025-04-29	2	TEF DE GUTIERREZ CARRILLO ALEJANDRA	6000	4	2025	1	360	2025-07-06 20:11:47.608648	2025-07-06 20:11:47.608648
309	2025-05-12	2	TEF DE CASTILLO EYDE LESLIE ETELVIN	2000	5	2025	1	360	2025-07-06 20:11:47.624252	2025-07-06 20:11:47.624252
310	2025-05-14	2	TEF BANCOESTADO DE BUSTOS RIQUELME	2000	5	2025	1	360	2025-07-06 20:11:47.632302	2025-07-06 20:11:47.632302
311	2025-06-04	2	TEF DE ESPINOZA SAEZ ESCARLI ESTEFA	2000	6	2025	1	360	2025-07-06 20:11:47.639522	2025-07-06 20:11:47.639522
312	2025-06-06	2	TEF DE URRA MORAGA FRANCISCA NICOLE	2000	6	2025	1	360	2025-07-06 20:11:47.647314	2025-07-06 20:11:47.647314
313	2025-06-16	2	TEF DE ZAROR GERMANY ALBERTO ELIAS	2000	6	2025	1	360	2025-07-06 20:11:47.65396	2025-07-06 20:11:47.65396
314	2025-06-30	2	TEF BANCOESTADO DE FUENTES HERMOSIL	4000	6	2025	1	360	2025-07-06 20:11:47.661733	2025-07-06 20:11:47.661733
136	2024-04-23	3	TEF BANCOESTADO DE GARCIA ARANEDA C - BRIGADISTAS	8000	4	2024	1	25	2025-07-06 20:10:08.153643	2025-07-16 00:44:30.89673
261	2025-05-26	1	TEF BANCOESTADO DE GARCIA ARANEDA C - MAR/24 a MAY/25	30000	5	2025	1	25	2025-07-06 20:11:47.25015	2025-07-16 00:46:11.480574
269	2025-01-02	1	TEF BANCOESTADO DE ANABALON QUIROZ ROSANA - ENE/24 a DIC/24	24000	1	2025	1	187	2025-07-06 20:11:47.319946	2025-11-07 03:04:53.671863
1	2022-12-13	1	TEF DE SANTOS FAJARDO ISABEL ESTER - JUN/2022 a DIC/2022	14000	6	2022	1	152	2025-07-06 16:35:36.546001	2025-07-16 02:03:04.034067
315	2025-07-17	1	TEF BANCO SANTANDER MORENO NAIL GERARDO - JUL/25	2000	7	2025	1	364	2025-07-16 22:07:41.442164	2025-07-17 00:01:20.04265
316	2025-07-17	2	TEF BANCO ESTADO MORENO NAIL GERARDO 	2000	7	2025	1	364	2025-07-16 22:09:57.002433	2025-07-17 00:01:36.738607
318	2025-07-17	2	TRANSFERENCIA DE ROMERO FERNANDEZ P	2000	7	2025	1	363	2025-07-17 00:07:45.519682	2025-07-17 00:08:38.553856
73	2023-08-21	1	TEF DE PINTO SUAZO VICTOR ANDRES - JUN/2022 a NOV-2023	36000	8	2023	1	274	2025-07-06 16:36:01.429169	2025-07-17 00:59:59.938118
319	2025-07-17	1	TEF BANCOESTADO DE CONCHA MUNOZ CEC - AGO/2023 a DIC/2023	10000	7	2025	1	183	2025-07-17 00:11:59.308374	2025-07-17 00:26:46.472045
148	2024-06-12	1	TEF DE HILLERNS ROJAS GABRIELA PATR - JUN/23 a MAY/25	48000	6	2024	1	117	2025-07-06 20:10:08.260677	2025-07-31 23:04:55.176405
268	2025-03-19	1	TEF BANCOESTADO DE GUAJARDO YANEZ M - ENE/25 a JUN/25	12000	3	2025	1	182	2025-07-06 20:11:47.310897	2025-08-18 04:36:08.534873
308	2025-04-30	2	DEPOSITO CON DOCUMENTOS	24000	4	2025	1	360	2025-07-06 20:11:47.616185	2025-10-23 21:02:48.527196
271	2025-05-09	1	TEF BANCOESTADO DE VENEGAS JOFRE CL - JUN/22 a MAY/24	48000	5	2025	1	224	2025-07-06 20:11:47.334837	2025-10-23 22:12:33.551328
270	2025-05-13	1	TEF DE RAMIREZ CARVAJAL LUIS ARTURO - JUL/2025 a MAR/2026	18000	5	2025	1	190	2025-07-06 20:11:47.327608	2025-11-01 15:03:18.656873
321	2025-08-18	1	TEF BANCOESTADO DE GUAJARDO YANEZ M - JUL/25 A JUN/26	24000	8	2025	1	182	2025-08-18 04:55:02.778335	2025-08-29 02:04:57.164866
323	2025-10-01	1	TEF DE AGUILERA RETAMAL MAGALI - JUN/2025 a NOV/2025	12000	10	2025	1	348	2025-10-01 01:33:16.05376	2025-10-23 19:41:48.931398
322	2025-09-07	1	TEF DE OCAMPO DEGADO NATASHA CATAL - ENE/2024 a DIC/2025	48000	9	2025	1	71	2025-09-07 20:54:19.703316	2025-09-07 21:21:43.830222
325	2025-10-08	1	TEF DE PINTO SUAZO VICTOR ANDRES - DIC/2023 a NOV/2024	24000	10	2025	1	274	2025-10-15 15:52:27.765838	2025-10-28 21:38:28.79686
324	2025-10-14	1	TEF DE ARAYA MARTINEZ OLIVIA ALEJAN - OCT/2025 a DIC/2025	6000	10	2025	1	390	2025-10-15 14:18:32.224124	2025-10-15 15:49:00.026223
326	2025-07-11	2	TEF BANCOESTADO DE GONZALEZ FIGUERO	2000	7	2025	1	360	2025-10-23 18:59:28.110241	2025-10-23 18:59:28.110241
327	2025-07-14	2	DEPOSITO EN EFECTIVO CRC: C0C97280	2000	7	2025	1	360	2025-10-23 18:59:28.123373	2025-10-23 18:59:28.123373
328	2025-07-14	2	DEPOSITO EN EFECTIVO CRC: B326C667	2000	7	2025	1	360	2025-10-23 18:59:28.145785	2025-10-23 18:59:28.145785
329	2025-07-14	2	DEPOSITO EN EFECTIVO CRC: 786342E1	2000	7	2025	1	360	2025-10-23 18:59:28.153996	2025-10-23 18:59:28.153996
330	2025-07-17	2	TEF DE TORRES SOTO MARCELA DE LAS N	4000	7	2025	1	360	2025-10-23 18:59:28.162651	2025-10-23 18:59:28.162651
331	2025-07-17	2	TEF DE BASUALTO MORALES IGNACIO MAU	2000	7	2025	1	360	2025-10-23 18:59:28.17062	2025-10-23 18:59:28.17062
332	2025-07-21	2	TEF DE CUENTA JUNTA DE VECINOS BARR	2000	7	2025	1	360	2025-10-23 18:59:28.180094	2025-10-23 18:59:28.180094
333	2025-07-21	2	TEF DE CUENTA JUNTA DE VECINOS BARR	2000	7	2025	1	360	2025-10-23 18:59:28.187836	2025-10-23 18:59:28.187836
374	2025-07-23	2	TEF DE SANZANA MUNOZ GABRIELA ALEJA	6000	7	2025	1	358	2025-10-23 18:59:28.476405	2025-10-23 18:59:28.476405
375	2025-07-23	2	TEF BANCOESTADO DE VELASQUEZ SILVA	10000	7	2025	1	360	2025-10-23 18:59:28.485112	2025-10-23 18:59:28.485112
376	2025-07-30	2	TEF DE JARA RETAMAL CAROLINA ANDREA	6000	7	2025	1	360	2025-10-23 18:59:28.494028	2025-10-23 18:59:28.494028
377	2025-07-22	1	TEF DE MEDINA CARRASCO MARIO RUBEN - JUN/2022 a SEP/2025	80000	7	2025	1	59	2025-10-23 19:07:04.562743	2025-10-23 19:07:04.562743
378	2025-08-01	2	TEF BANCOESTADO DE ALFARO ARRIAGADA	2000	8	2025	1	360	2025-10-23 19:28:10.798187	2025-10-23 19:28:10.798187
397	2025-08-29	3	TEF DE COMUNIDAD EDIFICIO DON DIEGO	60000	8	2025	1	361	2025-10-23 19:34:57.751682	2025-10-23 19:34:57.751682
383	2025-08-08	1	TEF DE SALAZAR GARRETON CAMILO FERN - JUL/24 a DIC/25 	36000	9	2025	1	108	2025-10-23 19:34:57.633074	2025-10-23 19:37:34.761417
398	2025-09-08	2	TEF DE CARO ULLOA FELIPE ROBERTO	2000	9	2025	1	360	2025-10-23 19:56:58.052142	2025-10-23 19:56:58.052142
399	2025-09-09	2	TEF DE ZUNIGA KUNCAR ISIDORA BELEN	2000	9	2025	1	360	2025-10-23 19:56:58.061879	2025-10-23 19:56:58.061879
400	2025-09-09	2	TEF BANCOESTADO DE ARANEDA BRITO MI	4000	9	2025	1	360	2025-10-23 19:56:58.070172	2025-10-23 19:56:58.070172
401	2025-09-09	2	DEVOLUCION TRANSF MANDATO CLIENTE	2000	9	2025	1	360	2025-10-23 19:56:58.077161	2025-10-23 19:56:58.077161
402	2025-09-10	1	TEF DE BENEVENTI DUCOMMUN ANTONELLA - JUN/2022 a MAY/2023	24000	9	2025	1	202	2025-10-23 20:00:10.775171	2025-10-23 20:00:10.775171
403	2025-09-15	2	TEF DE GALARCE LIRA JOAQUIN ALEJAND	2000	9	2025	1	360	2025-10-23 20:00:10.785312	2025-10-23 20:00:10.785312
404	2025-09-15	2	TEF BANCOESTADO DE MARTINEZ BUSTOS	2000	9	2025	1	360	2025-10-23 20:00:10.794546	2025-10-23 20:00:10.794546
405	2025-09-17	2	TEF DE CASANOVA BRITO MAURICIO VLAD	2000	9	2025	1	360	2025-10-23 20:00:10.803357	2025-10-23 20:00:10.803357
406	2025-09-23	1	TEF BANCOESTADO DE AEDO FIERRO PEDR - JUN/2022 a MAY/2024	48000	9	2025	1	201	2025-10-23 20:00:10.811134	2025-10-23 20:00:10.811134
407	2025-09-23	2	TEF BANCOESTADO DE AEDO FIERRO PEDR	2000	9	2025	1	360	2025-10-23 20:00:10.820301	2025-10-23 20:00:10.820301
408	2025-09-24	2	TEF DE ZAMORA SAEZ JOAQUIN IGNACIO	2000	9	2025	1	360	2025-10-23 20:00:10.83067	2025-10-23 20:00:10.83067
410	2025-10-02	2	TEF DE RUBILAR ROJAS JOAQUIN ANDRES	2000	10	2025	1	360	2025-10-23 20:34:42.152704	2025-10-23 20:34:42.152704
411	2025-10-16	2	TEF BANCOESTADO DE ORELLANA FREDES	2000	10	2025	1	360	2025-10-23 20:34:42.163675	2025-10-23 20:34:42.163675
412	2025-10-17	2	TEF DE STANGE BRAVO ISABEL CATALINA	2000	10	2025	1	360	2025-10-23 20:34:42.171391	2025-10-23 20:34:42.171391
379	2025-08-01	3	DEPOSITO CON DOCUMENTOS - EDIFICIO LOS JARDINES	150000	8	2025	1	361	2025-10-23 19:28:10.809627	2025-10-23 20:46:44.70049
380	2025-08-05	2	DEVOLUCION TRANSF MANDATO CLIENTE	2000	8	2025	1	360	2025-10-23 19:28:10.817701	2025-10-23 21:29:03.859567
381	2025-08-06	2	TEF BANCOESTADO DE FREDES AREVALO H	2000	8	2025	1	360	2025-10-23 19:28:10.826594	2025-10-23 21:56:29.309477
382	2025-08-07	2	TEF DE VILLARROEL PINO PAULA ANDREA	2000	8	2025	1	360	2025-10-23 19:28:10.834196	2025-10-23 21:56:41.886058
384	2025-08-11	2	TEF DE VILLARROEL PINO PAULA ANDREA	6000	8	2025	1	360	2025-10-23 19:34:57.642134	2025-10-23 21:56:53.260459
385	2025-08-12	2	TEF BANCOESTADO DE CAMPOS BERNALES	4000	8	2025	1	360	2025-10-23 19:34:57.651205	2025-10-23 21:57:05.673282
386	2025-08-12	2	TEF DE ITURRIA CAMPANO DANIEL IVAN	2000	8	2025	1	360	2025-10-23 19:34:57.658452	2025-10-23 21:57:25.710265
387	2025-08-18	2	TEF DE LOYOLA ORIAS VERONA SOLEDAD	2000	8	2025	1	360	2025-10-23 19:34:57.667354	2025-10-23 21:57:34.798687
388	2025-08-19	2	TEF DE TORRES SOTO MARCELA DE LAS N	2000	8	2025	1	360	2025-10-23 19:34:57.674709	2025-10-23 21:57:43.911552
389	2025-08-20	2	TEF DE SANZANA DIAZ NICOLAS GABRIEL	2000	8	2025	1	360	2025-10-23 19:34:57.68489	2025-10-23 21:57:54.18492
390	2025-08-21	2	TEF DE JIMENEZ HALABI PATRICIO IVAN	2000	8	2025	1	360	2025-10-23 19:34:57.692657	2025-10-23 21:58:05.501656
391	2025-08-21	2	TRANSFERENCIA FONDOS INTERNET	2000	8	2025	1	360	2025-10-23 19:34:57.701493	2025-10-23 21:58:17.324906
393	2025-08-26	2	TEF BANCOESTADO DE SEPULVEDA PAREDE	4000	8	2025	1	360	2025-10-23 19:34:57.71873	2025-10-23 21:58:27.152534
392	2025-08-26	2	TEF DE RIQUELME CRUCES NELSON ANTON	4000	8	2025	1	360	2025-10-23 19:34:57.708219	2025-10-23 21:58:42.45762
396	2025-08-27	2	TEF BANCOESTADO DE SEPULVEDA HIDALG	2000	8	2025	1	360	2025-10-23 19:34:57.743704	2025-10-23 21:58:51.805258
394	2025-08-27	2	TEF DE BOLIVAR MENDEZ MIGUEL ANTONI	2000	8	2025	1	360	2025-10-23 19:34:57.726689	2025-10-23 21:59:01.027228
395	2025-08-27	2	TEF BANCOESTADO DE SEPULVEDA HIDALG	2000	8	2025	1	360	2025-10-23 19:34:57.735251	2025-10-23 21:59:16.604492
409	2025-09-29	3	TEF DE COMUNIDAD EDIFICIO DON DIEGO	60000	9	2025	1	361	2025-10-23 20:00:10.838067	2025-10-23 22:00:30.813599
413	2025-10-24	2	TEF DE VENEGAS PICEROS YENY ANDREA	2000	10	2025	1	94	2025-10-25 01:20:46.295196	2025-10-25 01:20:46.295196
414	2025-10-27	1	TEF DE LOYOLA ARIAS VERONA - AGO/2025 a DIC/2025	10000	10	2025	1	369	2025-10-25 01:24:36.477532	2025-10-25 01:24:36.477532
415	2025-10-27	1	TEF DE ANTOLA JIMENEZ ANTOLA - JUN/2025 A NOV-2025	10000	10	2025	1	353	2025-10-25 01:59:36.063614	2025-10-25 02:01:03.706635
18	2023-10-18	1	TEF DE OLAVARRIA BENNETT SONIA ELIZ - JUL/23 a JUN/24	24000	10	2023	1	40	2025-07-06 16:36:00.975311	2025-10-25 15:34:52.20029
417	2025-10-26	1	TEF DE LOPEZ DIAZ CLAUDIA - JUN/2022 a MAY/2024	48000	10	2025	1	115	2025-10-26 12:45:10.992234	2025-10-26 12:45:10.992234
94	2023-04-20	2	TEF BANCOESTADO DE FUENTES GAJARDO	2000	4	2023	1	360	2025-07-06 16:36:01.60565	2025-10-26 19:53:13.658638
420	2025-10-28	1	TEF BANCOESTADO DE POPP MELENDEZ ALEX - JUN/22 a ENE/24	40000	10	2025	1	43	2025-10-28 21:01:51.923052	2025-10-28 21:05:53.427662
421	2025-10-28	1	TEF DE VARELA HORMAZABAL REINALDO A - JUN/22 a MAY/23	24000	10	2025	1	10	2025-10-28 21:11:47.725774	2025-10-28 21:11:47.725774
422	2025-10-28	1	TEF BANCOESTADO DE CONCHA MUNOZ CEC - ENE/2024 a MAY/2024	10000	10	2025	1	183	2025-10-28 21:25:00.012777	2025-10-28 21:26:28.463136
423	2025-10-27	3	DEVOLUCION COMPRA EQUIPO AUDIOMÚSICA	495990	10	2025	1	361	2025-10-28 21:44:55.830685	2025-10-28 21:44:55.830685
425	2025-10-29	1	TEF BANCO BICE ROBERTSON HERRERA MARIA JULIA - JUN/2022 a OCT/2025	82000	10	2025	1	158	2025-10-29 20:38:22.981791	2025-10-29 20:39:06.615354
424	2025-10-28	3	DEPOSITO CON DOCUMENTOS - MUNICIPALIDAD DE CONCEPCION	500000	10	2025	1	361	2025-10-28 21:45:56.328409	2025-10-30 11:46:57.662135
426	2025-10-30	3	TEF DE COMUNIDAD EDIFICIO DON DIEGO	60000	10	2025	1	361	2025-10-30 11:44:41.540319	2025-10-30 13:56:56.167985
427	2025-10-30	2	TEF DE JARA RETAMAL CAROLINA ANDREA - CR 322\n	2000	10	2025	1	360	2025-10-30 11:45:50.622984	2025-10-30 22:16:21.400084
416	2025-10-29	1	PE - MORA BENEVENTI HUMBERTO - OCT/2025 a JUL/2026	20000	10	2025	1	393	2025-10-25 18:06:45.845162	2025-10-30 22:32:04.173812
419	2025-10-28	1	TEF DE RAMIREZ CARVAJAL LUIS ARTURO para JEANNETTE SAN MARTIN - JUN/2022 a NOV/2025	84000	10	2025	1	244	2025-10-28 20:48:52.330034	2025-11-04 11:06:39.062539
155	2024-01-15	1	TEF DE RAMIREZ CARVAJAL LUIS ARTURO - ENE/2024 a SEP/2024	18000	1	2024	1	190	2025-07-06 20:10:08.318697	2025-11-01 14:47:50.212074
429	2025-11-03	1	TEF DE RAMIREZ CARVAJAL LUIS ARTURO para JEANNETTE SAN MARTIN - DIC/2025 a MAR/2026	8000	11	2025	1	244	2025-11-01 14:44:56.247147	2025-11-04 11:06:14.771854
428	2025-10-30	2	TRANSFERENCIA DE VALLEJOS FLORES CA - CR 323	2000	10	2025	1	360	2025-10-30 22:26:47.829379	2025-11-04 00:57:55.514114
418	2025-10-27	2	TEF DE LASAGNA LABBE SILVANA ANGELI - CR 321 (CARMEN SAN MARTIN NUÑEZ)	2000	10	2025	1	360	2025-10-27 01:25:34.761437	2025-11-04 00:57:27.584727
430	2025-11-03	1	TEF DE VASQUEZ SANCHEZ SONIA ANGELI - ENE/2023 a JUL/2025 - INCLUYE $10.000 PAGO EN EXCESO (EDIFICIO DON DIEGO)	72000	10	2025	1	284	2025-11-04 01:01:43.321606	2025-11-04 01:16:52.360443
432	2025-11-04	1	TEF DE LASAGNA LABBE SILVANA ANGELI para FERNANDEZ ZAVALA LAURA - AGO/2025 a DIC/2025	10000	11	2025	1	367	2025-11-04 01:09:36.889692	2025-11-04 14:01:06.202795
433	2025-11-04	1	TEF BANCOESTADO DE ANABALON QUIROZ VIVIANA - ENE/25 a DIC/25	24000	11	2025	1	67	2025-11-07 02:58:17.959471	2025-11-07 03:04:36.135549
\.


--
-- Data for Name: schema_migrations; Type: TABLE DATA; Schema: public; Owner: csantana
--

COPY public.schema_migrations (version) FROM stdin;
20250409155933
20250409155820
20250409155520
20250409150743
20250409150742
20251105214245
20251105223833
20251107214223
\.


--
-- Data for Name: users; Type: TABLE DATA; Schema: public; Owner: csantana
--

COPY public.users (id, email, encrypted_password, reset_password_token, reset_password_sent_at, remember_created_at, created_at, updated_at, name_community, type_community, saldo_inicial, name, role) FROM stdin;
2	silvana.lasagna@gmail.com	$2a$12$ZjchNPb6ORrXrw54W0rwM.yynAujj0bw/kiDqgqDIKD.hfco0vd4y	\N	\N	\N	2025-10-12 19:53:13.373573	2025-10-12 19:54:25.277233	JJVV Barrio Oriente	Socio	0	Silvana Lasagna	0
1	carlos.santana@gmail.com	$2a$12$WZQwdq8vx/70p4eX6heGPOzLygbN2yZ3l6nrMKJS0Y.uw/0rZUV36	\N	\N	\N	2025-07-06 16:34:39.081694	2025-11-11 01:34:20.996162	JJVV Barrio Oriente	Socio	0	Carlos Santana	1
\.


--
-- Name: addresses_id_seq; Type: SEQUENCE SET; Schema: public; Owner: csantana
--

SELECT pg_catalog.setval('public.addresses_id_seq', 243, true);


--
-- Name: apartments_id_seq; Type: SEQUENCE SET; Schema: public; Owner: csantana
--

SELECT pg_catalog.setval('public.apartments_id_seq', 405, true);


--
-- Name: bills_id_seq; Type: SEQUENCE SET; Schema: public; Owner: csantana
--

SELECT pg_catalog.setval('public.bills_id_seq', 25, true);


--
-- Name: deposits_id_seq; Type: SEQUENCE SET; Schema: public; Owner: csantana
--

SELECT pg_catalog.setval('public.deposits_id_seq', 433, true);


--
-- Name: users_id_seq; Type: SEQUENCE SET; Schema: public; Owner: csantana
--

SELECT pg_catalog.setval('public.users_id_seq', 2, true);


--
-- Name: addresses addresses_pkey; Type: CONSTRAINT; Schema: public; Owner: csantana
--

ALTER TABLE ONLY public.addresses
    ADD CONSTRAINT addresses_pkey PRIMARY KEY (id);


--
-- Name: apartments apartments_pkey; Type: CONSTRAINT; Schema: public; Owner: csantana
--

ALTER TABLE ONLY public.apartments
    ADD CONSTRAINT apartments_pkey PRIMARY KEY (id);


--
-- Name: ar_internal_metadata ar_internal_metadata_pkey; Type: CONSTRAINT; Schema: public; Owner: csantana
--

ALTER TABLE ONLY public.ar_internal_metadata
    ADD CONSTRAINT ar_internal_metadata_pkey PRIMARY KEY (key);


--
-- Name: bills bills_pkey; Type: CONSTRAINT; Schema: public; Owner: csantana
--

ALTER TABLE ONLY public.bills
    ADD CONSTRAINT bills_pkey PRIMARY KEY (id);


--
-- Name: deposits deposits_pkey; Type: CONSTRAINT; Schema: public; Owner: csantana
--

ALTER TABLE ONLY public.deposits
    ADD CONSTRAINT deposits_pkey PRIMARY KEY (id);


--
-- Name: schema_migrations schema_migrations_pkey; Type: CONSTRAINT; Schema: public; Owner: csantana
--

ALTER TABLE ONLY public.schema_migrations
    ADD CONSTRAINT schema_migrations_pkey PRIMARY KEY (version);


--
-- Name: users users_pkey; Type: CONSTRAINT; Schema: public; Owner: csantana
--

ALTER TABLE ONLY public.users
    ADD CONSTRAINT users_pkey PRIMARY KEY (id);


--
-- Name: index_addresses_on_user_id; Type: INDEX; Schema: public; Owner: csantana
--

CREATE INDEX index_addresses_on_user_id ON public.addresses USING btree (user_id);


--
-- Name: index_apartments_on_address_id; Type: INDEX; Schema: public; Owner: csantana
--

CREATE INDEX index_apartments_on_address_id ON public.apartments USING btree (address_id);


--
-- Name: index_apartments_on_user_id; Type: INDEX; Schema: public; Owner: csantana
--

CREATE INDEX index_apartments_on_user_id ON public.apartments USING btree (user_id);


--
-- Name: index_bills_on_user_id; Type: INDEX; Schema: public; Owner: csantana
--

CREATE INDEX index_bills_on_user_id ON public.bills USING btree (user_id);


--
-- Name: index_deposits_on_apartment_id; Type: INDEX; Schema: public; Owner: csantana
--

CREATE INDEX index_deposits_on_apartment_id ON public.deposits USING btree (apartment_id);


--
-- Name: index_deposits_on_user_id; Type: INDEX; Schema: public; Owner: csantana
--

CREATE INDEX index_deposits_on_user_id ON public.deposits USING btree (user_id);


--
-- Name: index_users_on_email; Type: INDEX; Schema: public; Owner: csantana
--

CREATE UNIQUE INDEX index_users_on_email ON public.users USING btree (email);


--
-- Name: index_users_on_reset_password_token; Type: INDEX; Schema: public; Owner: csantana
--

CREATE UNIQUE INDEX index_users_on_reset_password_token ON public.users USING btree (reset_password_token);


--
-- Name: deposits fk_rails_0eee5954c5; Type: FK CONSTRAINT; Schema: public; Owner: csantana
--

ALTER TABLE ONLY public.deposits
    ADD CONSTRAINT fk_rails_0eee5954c5 FOREIGN KEY (apartment_id) REFERENCES public.apartments(id);


--
-- Name: addresses fk_rails_48c9e0c5a2; Type: FK CONSTRAINT; Schema: public; Owner: csantana
--

ALTER TABLE ONLY public.addresses
    ADD CONSTRAINT fk_rails_48c9e0c5a2 FOREIGN KEY (user_id) REFERENCES public.users(id);


--
-- Name: deposits fk_rails_88307c7ed2; Type: FK CONSTRAINT; Schema: public; Owner: csantana
--

ALTER TABLE ONLY public.deposits
    ADD CONSTRAINT fk_rails_88307c7ed2 FOREIGN KEY (user_id) REFERENCES public.users(id);


--
-- Name: apartments fk_rails_c3accd3bb4; Type: FK CONSTRAINT; Schema: public; Owner: csantana
--

ALTER TABLE ONLY public.apartments
    ADD CONSTRAINT fk_rails_c3accd3bb4 FOREIGN KEY (address_id) REFERENCES public.addresses(id);


--
-- Name: apartments fk_rails_ce3cb81433; Type: FK CONSTRAINT; Schema: public; Owner: csantana
--

ALTER TABLE ONLY public.apartments
    ADD CONSTRAINT fk_rails_ce3cb81433 FOREIGN KEY (user_id) REFERENCES public.users(id);


--
-- Name: bills fk_rails_f5fcc78f42; Type: FK CONSTRAINT; Schema: public; Owner: csantana
--

ALTER TABLE ONLY public.bills
    ADD CONSTRAINT fk_rails_f5fcc78f42 FOREIGN KEY (user_id) REFERENCES public.users(id);


--
-- PostgreSQL database dump complete
--

\unrestrict hfTrfjPq3NqGBCSFBoKzxDTNZSeiENkEzWP247HkhWZLC71sb8DeWkrt9lpMftA

