--
-- PostgreSQL database dump
--

\restrict XG7MoAP354Cf4684TST5fB3qqvh4ronXsSaCycGvVi8lSj2nWQHPfDKfPpFfXru

-- Dumped from database version 16.10 (Ubuntu 16.10-0ubuntu0.24.04.1)
-- Dumped by pg_dump version 16.10 (Ubuntu 16.10-0ubuntu0.24.04.1)

SET statement_timeout = 0;
SET lock_timeout = 0;
SET idle_in_transaction_session_timeout = 0;
SET client_encoding = 'UTF8';
SET standard_conforming_strings = on;
SELECT pg_catalog.set_config('search_path', '', false);
SET check_function_bodies = false;
SET xmloption = content;
SET client_min_messages = warning;
SET row_security = off;

SET default_tablespace = '';

SET default_table_access_method = heap;

--
-- Name: apartments; Type: TABLE; Schema: public; Owner: csantana
--

CREATE TABLE public.apartments (
    id bigint NOT NULL,
    number integer,
    description character varying,
    start_date date,
    user_id bigint NOT NULL,
    created_at timestamp(6) without time zone NOT NULL,
    updated_at timestamp(6) without time zone NOT NULL
);


ALTER TABLE public.apartments OWNER TO csantana;

--
-- Name: apartments_id_seq; Type: SEQUENCE; Schema: public; Owner: csantana
--

CREATE SEQUENCE public.apartments_id_seq
    START WITH 1
    INCREMENT BY 1
    NO MINVALUE
    NO MAXVALUE
    CACHE 1;


ALTER SEQUENCE public.apartments_id_seq OWNER TO csantana;

--
-- Name: apartments_id_seq; Type: SEQUENCE OWNED BY; Schema: public; Owner: csantana
--

ALTER SEQUENCE public.apartments_id_seq OWNED BY public.apartments.id;


--
-- Name: ar_internal_metadata; Type: TABLE; Schema: public; Owner: csantana
--

CREATE TABLE public.ar_internal_metadata (
    key character varying NOT NULL,
    value character varying,
    created_at timestamp(6) without time zone NOT NULL,
    updated_at timestamp(6) without time zone NOT NULL
);


ALTER TABLE public.ar_internal_metadata OWNER TO csantana;

--
-- Name: bills; Type: TABLE; Schema: public; Owner: csantana
--

CREATE TABLE public.bills (
    id bigint NOT NULL,
    date date,
    tipo_egreso integer,
    comment character varying,
    amount integer DEFAULT 0,
    user_id bigint NOT NULL,
    created_at timestamp(6) without time zone NOT NULL,
    updated_at timestamp(6) without time zone NOT NULL
);


ALTER TABLE public.bills OWNER TO csantana;

--
-- Name: bills_id_seq; Type: SEQUENCE; Schema: public; Owner: csantana
--

CREATE SEQUENCE public.bills_id_seq
    START WITH 1
    INCREMENT BY 1
    NO MINVALUE
    NO MAXVALUE
    CACHE 1;


ALTER SEQUENCE public.bills_id_seq OWNER TO csantana;

--
-- Name: bills_id_seq; Type: SEQUENCE OWNED BY; Schema: public; Owner: csantana
--

ALTER SEQUENCE public.bills_id_seq OWNED BY public.bills.id;


--
-- Name: deposits; Type: TABLE; Schema: public; Owner: csantana
--

CREATE TABLE public.deposits (
    id bigint NOT NULL,
    date date,
    tipo_ingreso integer,
    comment character varying,
    amount integer DEFAULT 0,
    mes integer,
    ano integer,
    user_id bigint NOT NULL,
    apartment_id bigint NOT NULL,
    created_at timestamp(6) without time zone NOT NULL,
    updated_at timestamp(6) without time zone NOT NULL
);


ALTER TABLE public.deposits OWNER TO csantana;

--
-- Name: deposits_id_seq; Type: SEQUENCE; Schema: public; Owner: csantana
--

CREATE SEQUENCE public.deposits_id_seq
    START WITH 1
    INCREMENT BY 1
    NO MINVALUE
    NO MAXVALUE
    CACHE 1;


ALTER SEQUENCE public.deposits_id_seq OWNER TO csantana;

--
-- Name: deposits_id_seq; Type: SEQUENCE OWNED BY; Schema: public; Owner: csantana
--

ALTER SEQUENCE public.deposits_id_seq OWNED BY public.deposits.id;


--
-- Name: schema_migrations; Type: TABLE; Schema: public; Owner: csantana
--

CREATE TABLE public.schema_migrations (
    version character varying NOT NULL
);


ALTER TABLE public.schema_migrations OWNER TO csantana;

--
-- Name: users; Type: TABLE; Schema: public; Owner: csantana
--

CREATE TABLE public.users (
    id bigint NOT NULL,
    email character varying DEFAULT ''::character varying NOT NULL,
    encrypted_password character varying DEFAULT ''::character varying NOT NULL,
    reset_password_token character varying,
    reset_password_sent_at timestamp(6) without time zone,
    remember_created_at timestamp(6) without time zone,
    created_at timestamp(6) without time zone NOT NULL,
    updated_at timestamp(6) without time zone NOT NULL,
    name_community character varying,
    type_community character varying,
    saldo_inicial integer DEFAULT 0,
    name character varying,
    role integer DEFAULT 0
);


ALTER TABLE public.users OWNER TO csantana;

--
-- Name: users_id_seq; Type: SEQUENCE; Schema: public; Owner: csantana
--

CREATE SEQUENCE public.users_id_seq
    START WITH 1
    INCREMENT BY 1
    NO MINVALUE
    NO MAXVALUE
    CACHE 1;


ALTER SEQUENCE public.users_id_seq OWNER TO csantana;

--
-- Name: users_id_seq; Type: SEQUENCE OWNED BY; Schema: public; Owner: csantana
--

ALTER SEQUENCE public.users_id_seq OWNED BY public.users.id;


--
-- Name: apartments id; Type: DEFAULT; Schema: public; Owner: csantana
--

ALTER TABLE ONLY public.apartments ALTER COLUMN id SET DEFAULT nextval('public.apartments_id_seq'::regclass);


--
-- Name: bills id; Type: DEFAULT; Schema: public; Owner: csantana
--

ALTER TABLE ONLY public.bills ALTER COLUMN id SET DEFAULT nextval('public.bills_id_seq'::regclass);


--
-- Name: deposits id; Type: DEFAULT; Schema: public; Owner: csantana
--

ALTER TABLE ONLY public.deposits ALTER COLUMN id SET DEFAULT nextval('public.deposits_id_seq'::regclass);


--
-- Name: users id; Type: DEFAULT; Schema: public; Owner: csantana
--

ALTER TABLE ONLY public.users ALTER COLUMN id SET DEFAULT nextval('public.users_id_seq'::regclass);


--
-- Data for Name: apartments; Type: TABLE DATA; Schema: public; Owner: csantana
--

COPY public.apartments (id, number, description, start_date, user_id, created_at, updated_at) FROM stdin;
1	1	HENRIQUEZ CID NORA DEL C. 	2022-06-01	1	2025-07-06 16:34:39.110396	2025-07-06 16:34:39.110396
2	2	BRICEÑO VALENCIA LESLEY 	2022-06-01	1	2025-07-06 16:34:39.117873	2025-07-06 16:34:39.117873
3	3	FUENTES FUENTES SIGISFREDO 	2022-06-01	1	2025-07-06 16:34:39.125168	2025-07-06 16:34:39.125168
4	4	HERMOSILLA HERMOSILLA SONIA 	2022-06-01	1	2025-07-06 16:34:39.131817	2025-07-06 16:34:39.131817
5	5	CORNEJO BARRA RICARDO 	2022-06-01	1	2025-07-06 16:34:39.13911	2025-07-06 16:34:39.13911
6	6	SEGOVIA CORTES RICARDO 	2022-06-01	1	2025-07-06 16:34:39.145084	2025-07-06 16:34:39.145084
7	7	ORELLANA LOPEZ CLAUDIO 	2022-06-01	1	2025-07-06 16:34:39.15089	2025-07-06 16:34:39.15089
8	8	ORELLANA FERNANDEZ GERARDO 	2022-06-01	1	2025-07-06 16:34:39.157347	2025-07-06 16:34:39.157347
9	9	VARELA HORMAZABAL HILDA 	2022-06-01	1	2025-07-06 16:34:39.163861	2025-07-06 16:34:39.163861
10	10	VARELA HORMAZABAL REINALDO 	2022-06-01	1	2025-07-06 16:34:39.17105	2025-07-06 16:34:39.17105
11	11	SANCHEZ SANCHEZ EDGARDO 	2022-06-01	1	2025-07-06 16:34:39.183901	2025-07-06 16:34:39.183901
12	12	BORDEU URREJOLA GABRIELA 	2022-06-01	1	2025-07-06 16:34:39.191765	2025-07-06 16:34:39.191765
13	13	SENN MORAN EMILIO 	2022-06-01	1	2025-07-06 16:34:39.198676	2025-07-06 16:34:39.198676
14	14	MELLA RAVANAL BEATRIZ 	2022-06-01	1	2025-07-06 16:34:39.205657	2025-07-06 16:34:39.205657
15	15	YEVENES CRISOSTOMO GONZALO 	2022-06-01	1	2025-07-06 16:34:39.212689	2025-07-06 16:34:39.212689
16	16	CHAMBLAS NAVARRETE OCTAVIO 	2022-06-01	1	2025-07-06 16:34:39.219777	2025-07-06 16:34:39.219777
17	17	MANRIQUEZ FORNO M,VERONICA 	2022-06-01	1	2025-07-06 16:34:39.227141	2025-07-06 16:34:39.227141
18	18	CARVALLO TOLEDO JAIME 	2022-06-01	1	2025-07-06 16:34:39.233582	2025-07-06 16:34:39.233582
19	19	JARPA MATELUNA JOAQUIN 	2022-06-01	1	2025-07-06 16:34:39.239635	2025-07-06 16:34:39.239635
20	20	CAVIERES PARADA GRISEL 	2022-06-01	1	2025-07-06 16:34:39.250346	2025-07-06 16:34:39.250346
21	21	AGUILERA OLIVARES DANIEL 	2022-06-01	1	2025-07-06 16:34:39.257648	2025-07-06 16:34:39.257648
22	22	FUENTES ESPINOZA ANA MARIA 	2022-06-01	1	2025-07-06 16:34:39.265059	2025-07-06 16:34:39.265059
23	23	VARELA HORMAZABAL TOMAS 	2022-06-01	1	2025-07-06 16:34:39.271832	2025-07-06 16:34:39.271832
24	24	BUSTOS MELIN NADIA 	2022-06-01	1	2025-07-06 16:34:39.278168	2025-07-06 16:34:39.278168
25	25	GARCIA ARANEDA CARLOS 	2022-06-01	1	2025-07-06 16:34:39.285119	2025-07-06 16:34:39.285119
26	26	CABRERA CROT VERONICA 	2022-06-01	1	2025-07-06 16:34:39.292208	2025-07-06 16:34:39.292208
27	27	SEPULVEDA CABRERA CARLOS 	2022-06-01	1	2025-07-06 16:34:39.298626	2025-07-06 16:34:39.298626
28	28	noname HORMAZABAL GUNTHER 	2022-06-01	1	2025-07-06 16:34:39.30464	2025-07-06 16:34:39.30464
29	29	MEZA GALLARDO MACARENA 	2022-06-01	1	2025-07-06 16:34:39.310744	2025-07-06 16:34:39.310744
30	30	CORREA CASTILLO BLANCA 	2022-06-01	1	2025-07-06 16:34:39.320913	2025-07-06 16:34:39.320913
31	31	LASAGNA LABBE SILVANA 	2022-06-01	1	2025-07-06 16:34:39.328467	2025-07-06 16:34:39.328467
32	32	LARRAIN FIGUEROA CARMEN L. 	2022-06-01	1	2025-07-06 16:34:39.336262	2025-07-06 16:34:39.336262
33	33	FUENTES VILLALOBOS FRANCISCO 	2022-06-01	1	2025-07-06 16:34:39.343905	2025-07-06 16:34:39.343905
34	34	VERA VERA ALEJANDRO 	2022-06-01	1	2025-07-06 16:34:39.350297	2025-07-06 16:34:39.350297
35	35	GARCIA PEÑA RAMIRO 	2022-06-01	1	2025-07-06 16:34:39.357984	2025-07-06 16:34:39.357984
36	36	VERGARA BASTIAS LORENA 	2022-06-01	1	2025-07-06 16:34:39.364767	2025-07-06 16:34:39.364767
37	37	MARTINEZ BELLO M ALEJANDRA 	2022-06-01	1	2025-07-06 16:34:39.371393	2025-07-06 16:34:39.371393
38	38	FRINDT GARRETON M. VALERIA 	2022-06-01	1	2025-07-06 16:34:39.377508	2025-07-06 16:34:39.377508
39	39	SANDOVAL ALVEAR ISIDRO 	2022-06-01	1	2025-07-06 16:34:39.383591	2025-07-06 16:34:39.383591
40	40	OLAVARRIA BENNETT SONIA 	2022-06-01	1	2025-07-06 16:34:39.392329	2025-07-06 16:34:39.392329
41	41	VILLAGRAN FUENTEALBA JUAN 	2022-06-01	1	2025-07-06 16:34:39.399657	2025-07-06 16:34:39.399657
42	42	GUTIERREZ ZAMORANO LUIS 	2022-06-01	1	2025-07-06 16:34:39.406423	2025-07-06 16:34:39.406423
43	43	POPP MELENDEZ ALEX 	2022-06-01	1	2025-07-06 16:34:39.414129	2025-07-06 16:34:39.414129
44	44	ITURRIA RECABARREN HECTOR 	2022-06-01	1	2025-07-06 16:34:39.421523	2025-07-06 16:34:39.421523
45	45	ITURRIA CAMPANO VERONICA 	2022-06-01	1	2025-07-06 16:34:39.427469	2025-07-06 16:34:39.427469
46	46	IBAÑEZ ALDANA CARLOS 	2022-06-01	1	2025-07-06 16:34:39.434749	2025-07-06 16:34:39.434749
47	47	MORA TAPIA NATALIA 	2022-06-01	1	2025-07-06 16:34:39.440749	2025-07-06 16:34:39.440749
48	48	RODRIGUEZ CHAVEZ JUAN 	2022-06-01	1	2025-07-06 16:34:39.447303	2025-07-06 16:34:39.447303
49	49	VERA MAYORGA HERNAN 	2022-06-01	1	2025-07-06 16:34:39.453976	2025-07-06 16:34:39.453976
50	50	RIQUELME CRUCES NELSON 	2022-06-01	1	2025-07-06 16:34:39.463455	2025-07-06 16:34:39.463455
51	51	DELGADO RAMOS ANTONIA 	2022-06-01	1	2025-07-06 16:34:39.471911	2025-07-06 16:34:39.471911
52	52	PEZO LAGOS MARIA 	2022-06-01	1	2025-07-06 16:34:39.480016	2025-07-06 16:34:39.480016
53	53	LEZCANO CASTRO VICTOR 	2022-06-01	1	2025-07-06 16:34:39.487369	2025-07-06 16:34:39.487369
54	54	GUTIERREZ MUÑOZ AMALIA 	2022-06-01	1	2025-07-06 16:34:39.495399	2025-07-06 16:34:39.495399
55	55	AGUAYO CATALAN DANIEL 	2022-06-01	1	2025-07-06 16:34:39.501926	2025-07-06 16:34:39.501926
56	56	YAGI VALENZUELA JAVIERA 	2022-06-01	1	2025-07-06 16:34:39.50916	2025-07-06 16:34:39.50916
57	57	ZURITA ZURITA PABLINA 	2022-06-01	1	2025-07-06 16:34:39.515672	2025-07-06 16:34:39.515672
58	58	YAGI MUÑOZ NELSON 	2022-06-01	1	2025-07-06 16:34:39.521678	2025-07-06 16:34:39.521678
59	59	MEDINA CARRASCO MARIO 	2022-06-01	1	2025-07-06 16:34:39.530249	2025-07-06 16:34:39.530249
60	60	FLORES VENEGAS RODRIGO 	2022-06-01	1	2025-07-06 16:34:39.53742	2025-07-06 16:34:39.53742
61	61	MIRANDA CREMASCHI ELISA 	2022-06-01	1	2025-07-06 16:34:39.545782	2025-07-06 16:34:39.545782
62	62	LAFOURCADE CONCHA CECILIA 	2022-06-01	1	2025-07-06 16:34:39.552971	2025-07-06 16:34:39.552971
63	63	HOTT CRISOSTO KARIN 	2022-06-01	1	2025-07-06 16:34:39.560555	2025-07-06 16:34:39.560555
64	64	INOSTROZA CASTILLO JAVIER 	2022-06-01	1	2025-07-06 16:34:39.567334	2025-07-06 16:34:39.567334
65	65	ESPINA ACEVEDO GENESIS 	2022-06-01	1	2025-07-06 16:34:39.574351	2025-07-06 16:34:39.574351
66	66	INOSTROZA ANABALON VALENTINA 	2022-06-01	1	2025-07-06 16:34:39.580598	2025-07-06 16:34:39.580598
67	67	ANABALON QUIROZ VIVIANA 	2022-06-01	1	2025-07-06 16:34:39.587093	2025-07-06 16:34:39.587093
68	68	PEREZ SUAREZ JOSE 	2022-06-01	1	2025-07-06 16:34:39.593426	2025-07-06 16:34:39.593426
69	69	VARGAS VILLAGRA HEGIA 	2022-06-01	1	2025-07-06 16:34:39.601346	2025-07-06 16:34:39.601346
70	70	CARVALLO MANRIQUEZ ALONSO 	2022-06-01	1	2025-07-06 16:34:39.608927	2025-07-06 16:34:39.608927
72	72	*** VACIO ***	2022-06-01	1	2025-07-06 16:34:39.622202	2025-07-06 16:34:39.622202
74	74	*** VACIO ***	2022-06-01	1	2025-07-06 16:34:39.635744	2025-07-06 16:34:39.635744
75	75	*** VACIO ***	2022-06-01	1	2025-07-06 16:34:39.64297	2025-07-06 16:34:39.64297
76	76	DELGADO MUÑOZ OLIVIA 	2022-06-01	1	2025-07-06 16:34:39.64946	2025-07-06 16:34:39.64946
77	77	AREVALO DAVILA ROSA 	2022-06-01	1	2025-07-06 16:34:39.655729	2025-07-06 16:34:39.655729
78	78	VIDAL ORIAS MARIO 	2022-06-01	1	2025-07-06 16:34:39.663354	2025-07-06 16:34:39.663354
79	79	ROMERO BORQUEZ CRISTOPHER 	2022-06-01	1	2025-07-06 16:34:39.670061	2025-07-06 16:34:39.670061
80	80	LABARCA LAGOS MONICA 	2022-06-01	1	2025-07-06 16:34:39.677994	2025-07-06 16:34:39.677994
81	81	SANHUEZA HERRERA FELIPE 	2022-06-01	1	2025-07-06 16:34:39.68543	2025-07-06 16:34:39.68543
82	82	ITURRIA CAMPANO SERGIO 	2022-06-01	1	2025-07-06 16:34:39.691505	2025-07-06 16:34:39.691505
83	83	VILLALOBOS SALAZAR MARCELA 	2022-06-01	1	2025-07-06 16:34:39.699097	2025-07-06 16:34:39.699097
84	84	SAN JUAN RAMOS VICTOR 	2022-06-01	1	2025-07-06 16:34:39.706137	2025-07-06 16:34:39.706137
85	85	SAGREDO ARANEDA CESAR 	2022-06-01	1	2025-07-06 16:34:39.712223	2025-07-06 16:34:39.712223
71	71	OCAMPO DELGADO NATASHA 	2022-06-01	1	2025-07-06 16:34:39.614955	2025-09-04 16:12:07.064965
86	86	CHANDIA VILLEGRA KAREN 	2022-06-01	1	2025-07-06 16:34:39.718501	2025-07-06 16:34:39.718501
87	87	*** VACIO ***	2022-06-01	1	2025-07-06 16:34:39.72555	2025-07-06 16:34:39.72555
88	88	*** VACIO ***	2022-06-01	1	2025-07-06 16:34:39.734308	2025-07-06 16:34:39.734308
89	89	DOMINGUEZ AGUILA CARMEN 	2022-06-01	1	2025-07-06 16:34:39.742711	2025-07-06 16:34:39.742711
90	90	LOPEZ CORREA PABLO 	2022-06-01	1	2025-07-06 16:34:39.749415	2025-07-06 16:34:39.749415
91	91	GARCIA PARRA RUTH 	2022-06-01	1	2025-07-06 16:34:39.757363	2025-07-06 16:34:39.757363
92	92	MORENO RIVEROS ANTONIO 	2022-06-01	1	2025-07-06 16:34:39.764455	2025-07-06 16:34:39.764455
93	93	CARRASCO MIGUELES MARITZA 	2022-06-01	1	2025-07-06 16:34:39.771437	2025-07-06 16:34:39.771437
94	94	VENEGAS PICEROS YENY 	2022-06-01	1	2025-07-06 16:34:39.778221	2025-07-06 16:34:39.778221
95	95	YEVENES ELGUETA ROSA 	2022-06-01	1	2025-07-06 16:34:39.784213	2025-07-06 16:34:39.784213
96	96	NAVARRO YUNGE PABLO 	2022-06-01	1	2025-07-06 16:34:39.790863	2025-07-06 16:34:39.790863
97	97	URIBE MATURANA DANIELA 	2022-06-01	1	2025-07-06 16:34:39.799332	2025-07-06 16:34:39.799332
98	98	ARAVENA CHAPARRO MARIELLE 	2022-06-01	1	2025-07-06 16:34:39.806654	2025-07-06 16:34:39.806654
99	99	PARES LAMAS SARA 	2022-06-01	1	2025-07-06 16:34:39.813034	2025-07-06 16:34:39.813034
100	100	LAMAS ZENTENO ANA 	2022-06-01	1	2025-07-06 16:34:39.820277	2025-07-06 16:34:39.820277
101	101	NOVA RADIC MARIA 	2022-06-01	1	2025-07-06 16:34:39.827171	2025-07-06 16:34:39.827171
102	102	LAMAS ZENTENO MARIA ROSA 	2022-06-01	1	2025-07-06 16:34:39.833152	2025-07-06 16:34:39.833152
103	103	PARES PEREZ JOSE 	2022-06-01	1	2025-07-06 16:34:39.839972	2025-07-06 16:34:39.839972
104	104	BROCEWERS LEFORT PAULINA 	2022-06-01	1	2025-07-06 16:34:39.84622	2025-07-06 16:34:39.84622
105	105	MILLENAO CARO LEYLA 	2022-06-01	1	2025-07-06 16:34:39.852481	2025-07-06 16:34:39.852481
106	106	BECERRA FERNANDEZ JORGE 	2022-06-01	1	2025-07-06 16:34:39.861296	2025-07-06 16:34:39.861296
107	107	ARANCIBIA BELTRAN JORGE 	2022-06-01	1	2025-07-06 16:34:39.868324	2025-07-06 16:34:39.868324
108	108	SALAZAR GARRETON CAMILO 	2022-06-01	1	2025-07-06 16:34:39.874903	2025-07-06 16:34:39.874903
109	109	PINTO VIDAL CARLOS 	2022-06-01	1	2025-07-06 16:34:39.881935	2025-07-06 16:34:39.881935
110	110	SANTIBANEZ BADLLA ELIZABETH 	2022-06-01	1	2025-07-06 16:34:39.889147	2025-07-06 16:34:39.889147
111	111	HORMAZABAL ROZAS OMAR 	2022-06-01	1	2025-07-06 16:34:39.895333	2025-07-06 16:34:39.895333
112	112	VASQUEZ VENEGAS MANUELA 	2022-06-01	1	2025-07-06 16:34:39.901959	2025-07-06 16:34:39.901959
113	113	MONTECINOS LOYOLA PABLO 	2022-06-01	1	2025-07-06 16:34:39.908293	2025-07-06 16:34:39.908293
114	114	MARTINEZ PARRA VALERIA 	2022-06-01	1	2025-07-06 16:34:39.914388	2025-07-06 16:34:39.914388
115	115	LOPEZ DIAZ CLAUDIA 	2022-06-01	1	2025-07-06 16:34:39.922464	2025-07-06 16:34:39.922464
116	116	FERNANDEZ AGUILERA MARIA CECILIA 	2022-06-01	1	2025-07-06 16:34:39.928868	2025-07-06 16:34:39.928868
117	117	HILLERNS ROJAS GABRIELA 	2022-06-01	1	2025-07-06 16:34:39.936624	2025-07-06 16:34:39.936624
118	118	ARELLANO ESCOBAR JUAN LUIS 	2022-06-01	1	2025-07-06 16:34:39.943903	2025-07-06 16:34:39.943903
119	119	MARTINEZ OYANEDEL VERONICA 	2022-06-01	1	2025-07-06 16:34:39.951247	2025-07-06 16:34:39.951247
120	120	ROJAS ENCINA OCTAVIO 	2022-06-01	1	2025-07-06 16:34:39.957862	2025-07-06 16:34:39.957862
121	121	ESCOBAR CONTRERAS PATRICIO 	2022-06-01	1	2025-07-06 16:34:39.964618	2025-07-06 16:34:39.964618
122	122	POPP MOSCIATTI VITTORIO 	2022-06-01	1	2025-07-06 16:34:39.970841	2025-07-06 16:34:39.970841
123	123	RUIZ MOORE BOLIVAR 	2022-06-01	1	2025-07-06 16:34:39.97707	2025-07-06 16:34:39.97707
124	124	SANHUEZA REYES MARGARITA 	2022-06-01	1	2025-07-06 16:34:39.985129	2025-07-06 16:34:39.985129
125	125	SALGADO ARAVENA FRANCISCA 	2022-06-01	1	2025-07-06 16:34:39.991385	2025-07-06 16:34:39.991385
126	126	COLOMA ARANEDA JUAN 	2022-06-01	1	2025-07-06 16:34:39.998533	2025-07-06 16:34:39.998533
127	127	VALDES DIAZ STEFFAN 	2022-06-01	1	2025-07-06 16:34:40.005698	2025-07-06 16:34:40.005698
128	128	LEAL FREDES GLADYS 	2022-06-01	1	2025-07-06 16:34:40.012766	2025-07-06 16:34:40.012766
129	129	VILLARROEL HENRIQUEZ PAULINA 	2022-06-01	1	2025-07-06 16:34:40.018834	2025-07-06 16:34:40.018834
130	130	ALFARO AHUMADA VICTORIA 	2022-06-01	1	2025-07-06 16:34:40.026039	2025-07-06 16:34:40.026039
131	131	ESPINOZA REYES ANITA 	2022-06-01	1	2025-07-06 16:34:40.032607	2025-07-06 16:34:40.032607
132	132	PEÑA GONZALEZ KARINA 	2022-06-01	1	2025-07-06 16:34:40.039148	2025-07-06 16:34:40.039148
133	133	LANDEA BOLIVAR PAULA 	2022-06-01	1	2025-07-06 16:34:40.047624	2025-07-06 16:34:40.047624
134	134	BASTIDAS ESPINOZA TANIA 	2022-06-01	1	2025-07-06 16:34:40.054508	2025-07-06 16:34:40.054508
135	135	GUERRERO PEREZ ROBERTO 	2022-06-01	1	2025-07-06 16:34:40.061332	2025-07-06 16:34:40.061332
136	136	MIGUEL LAMAS ANA 	2022-06-01	1	2025-07-06 16:34:40.068491	2025-07-06 16:34:40.068491
137	137	ESPINOZA MORALES NORMA 	2022-06-01	1	2025-07-06 16:34:40.075585	2025-07-06 16:34:40.075585
138	138	VENEGAS TRONCOSO EDITH 	2022-06-01	1	2025-07-06 16:34:40.082205	2025-07-06 16:34:40.082205
139	139	BASTIAS ARANDA EMANUEL 	2022-06-01	1	2025-07-06 16:34:40.088715	2025-07-06 16:34:40.088715
140	140	GATICA CEA JAVIERA 	2022-06-01	1	2025-07-06 16:34:40.094897	2025-07-06 16:34:40.094897
141	141	ILLANES SAAVEDRA MANUEL 	2022-06-01	1	2025-07-06 16:34:40.101131	2025-07-06 16:34:40.101131
142	142	MOSSO HASBUN MARCO 	2022-06-01	1	2025-07-06 16:34:40.109437	2025-07-06 16:34:40.109437
143	143	SAAVEDRA CLARKE DANIELA 	2022-06-01	1	2025-07-06 16:34:40.116398	2025-07-06 16:34:40.116398
144	144	HENRIQUEZ ESPINOZA MIGUEL 	2022-06-01	1	2025-07-06 16:34:40.123289	2025-07-06 16:34:40.123289
145	145	REYES VELASQUEZ NAZMY 	2022-06-01	1	2025-07-06 16:34:40.130431	2025-07-06 16:34:40.130431
146	146	VILLEGAS ROJAS MARIA 	2022-06-01	1	2025-07-06 16:34:40.137298	2025-07-06 16:34:40.137298
147	147	SANCHEZ ALVEAL GRACIELA 	2022-06-01	1	2025-07-06 16:34:40.143819	2025-07-06 16:34:40.143819
148	148	MARIN PARRA NICOLAS 	2022-06-01	1	2025-07-06 16:34:40.150173	2025-07-06 16:34:40.150173
149	149	PARRA CHICAGO JORGE 	2022-06-01	1	2025-07-06 16:34:40.156618	2025-07-06 16:34:40.156618
150	150	VALLEGOS GARRIDO PAULO 	2022-06-01	1	2025-07-06 16:34:40.162688	2025-07-06 16:34:40.162688
151	151	CONTRERAS OJEDA EDUARDO 	2022-06-01	1	2025-07-06 16:34:40.171237	2025-07-06 16:34:40.171237
152	152	SANTOS FAJARDO ISABEL 	2022-06-01	1	2025-07-06 16:34:40.178865	2025-07-06 16:34:40.178865
153	153	PARRA PAZ JULIO 	2022-06-01	1	2025-07-06 16:34:40.186101	2025-07-06 16:34:40.186101
154	154	ACEVEDO TORRES NICOLAS 	2022-06-01	1	2025-07-06 16:34:40.192545	2025-07-06 16:34:40.192545
155	155	MELLA ROSAMEL BEATY 	2022-06-01	1	2025-07-06 16:34:40.199269	2025-07-06 16:34:40.199269
156	156	SAN MARTIN BARRA CARLA 	2022-06-01	1	2025-07-06 16:34:40.206263	2025-07-06 16:34:40.206263
157	157	VALLEJOS NEIRA MARTA 	2022-06-01	1	2025-07-06 16:34:40.212567	2025-07-06 16:34:40.212567
158	158	ROBERTSON HERRERA MA. JULIA 	2022-06-01	1	2025-07-06 16:34:40.21891	2025-07-06 16:34:40.21891
159	159	CUADRA FRINDT VALERIA 	2022-06-01	1	2025-07-06 16:34:40.226946	2025-07-06 16:34:40.226946
160	160	TAPIA RIVERA MONICA 	2022-06-01	1	2025-07-06 16:34:40.233555	2025-07-06 16:34:40.233555
161	161	OLAVARRIA BENNETT VIOLETA 	2022-06-01	1	2025-07-06 16:34:40.241227	2025-07-06 16:34:40.241227
162	162	CARRILLO CORREA MARGARITA 	2022-06-01	1	2025-07-06 16:34:40.248687	2025-07-06 16:34:40.248687
163	163	MOSCIATTI PEREZ GISELA 	2022-06-01	1	2025-07-06 16:34:40.255075	2025-07-06 16:34:40.255075
164	164	CAMPANO MUÑOZ MARITZA 	2022-06-01	1	2025-07-06 16:34:40.261777	2025-07-06 16:34:40.261777
165	165	CAMPANO MUÑOZ CRISTINA 	2022-06-01	1	2025-07-06 16:34:40.2691	2025-07-06 16:34:40.2691
166	166	TAPIA MALDONADO IRMA 	2022-06-01	1	2025-07-06 16:34:40.275467	2025-07-06 16:34:40.275467
167	167	RODRIGUEZ MORA JUAN 	2022-06-01	1	2025-07-06 16:34:40.281694	2025-07-06 16:34:40.281694
168	168	RODRIGUEZ MORA JOSE 	2022-06-01	1	2025-07-06 16:34:40.290503	2025-07-06 16:34:40.290503
169	169	MEZA ALCORTA ROSA 	2022-06-01	1	2025-07-06 16:34:40.297859	2025-07-06 16:34:40.297859
170	170	CHARLES DOUN BRIAN 	2022-06-01	1	2025-07-06 16:34:40.304872	2025-07-06 16:34:40.304872
171	171	NAVARRETE VEGA CARMEN 	2022-06-01	1	2025-07-06 16:34:40.312426	2025-07-06 16:34:40.312426
172	172	RAMOS MUÑOZ M- LUISA 	2022-06-01	1	2025-07-06 16:34:40.319238	2025-07-06 16:34:40.319238
173	173	PERUGI ARTIGAS SUSANA 	2022-06-01	1	2025-07-06 16:34:40.326472	2025-07-06 16:34:40.326472
174	174	CHAPARRO CASTRO ENOVE 	2022-06-01	1	2025-07-06 16:34:40.333047	2025-07-06 16:34:40.333047
175	175	ARAVENA CACERES RICARDO 	2022-06-01	1	2025-07-06 16:34:40.339537	2025-07-06 16:34:40.339537
176	176	VEGA ALISTE ALFONSO 	2022-06-01	1	2025-07-06 16:34:40.346373	2025-07-06 16:34:40.346373
177	177	VALENZUELA FERRER CAROLINA 	2022-06-01	1	2025-07-06 16:34:40.356062	2025-07-06 16:34:40.356062
178	178	YAGI VALENZUELA IÑIGO 	2022-06-01	1	2025-07-06 16:34:40.365245	2025-07-06 16:34:40.365245
179	179	MUÑOZ VENEGAS MARCIA 	2022-06-01	1	2025-07-06 16:34:40.374002	2025-07-06 16:34:40.374002
180	180	LAGOS CONTRERAS PAULA 	2022-06-01	1	2025-07-06 16:34:40.381829	2025-07-06 16:34:40.381829
181	181	HUENTEMIL CACERES LUCIANO 	2022-06-01	1	2025-07-06 16:34:40.390258	2025-07-06 16:34:40.390258
182	182	GUAJARDO YAÑEZ MONICA 	2022-06-01	1	2025-07-06 16:34:40.398401	2025-07-06 16:34:40.398401
183	183	CONCHA MUÑOZ CECILIA 	2022-06-01	1	2025-07-06 16:34:40.40587	2025-07-06 16:34:40.40587
184	184	noname PINTO FELIPE 	2022-06-01	1	2025-07-06 16:34:40.413482	2025-07-06 16:34:40.413482
185	185	GARDA PINTO NATALIA 	2022-06-01	1	2025-07-06 16:34:40.423847	2025-07-06 16:34:40.423847
186	186	CASTILLO IGLESIAS LUCIA 	2022-06-01	1	2025-07-06 16:34:40.432778	2025-07-06 16:34:40.432778
187	187	ANABALON QUIROZ ROSANA 	2022-06-01	1	2025-07-06 16:34:40.44184	2025-07-06 16:34:40.44184
188	188	VILLAGRAN VALENZUELA ANA 	2022-06-01	1	2025-07-06 16:34:40.45215	2025-07-06 16:34:40.45215
189	189	SEPULVEDA VARGAS CAMILA 	2022-06-01	1	2025-07-06 16:34:40.46134	2025-07-06 16:34:40.46134
190	190	RAMIREZ CARVAJAL LUIS ARTURO 	2022-06-01	1	2025-07-06 16:34:40.470367	2025-07-06 16:34:40.470367
191	191	OCAMPO DELGADO DAVID 	2022-06-01	1	2025-07-06 16:34:40.4783	2025-07-06 16:34:40.4783
192	192	OCAMPO DIAZ OSCAR 	2022-06-01	1	2025-07-06 16:34:40.485941	2025-07-06 16:34:40.485941
193	193	VIDAL AREVALO ALEX 	2022-06-01	1	2025-07-06 16:34:40.495692	2025-07-06 16:34:40.495692
194	194	TOLEDO ARANDA FELIPE 	2022-06-01	1	2025-07-06 16:34:40.504287	2025-07-06 16:34:40.504287
195	195	ALBORNOZ GUERRA DHAYA 	2022-06-01	1	2025-07-06 16:34:40.514444	2025-07-06 16:34:40.514444
196	196	ORTEGA ORREGO PABLO 	2022-06-01	1	2025-07-06 16:34:40.523687	2025-07-06 16:34:40.523687
197	197	MEINAS CAMPOS RALF 	2022-06-01	1	2025-07-06 16:34:40.531565	2025-07-06 16:34:40.531565
198	198	MARTINEZ HERNAMDEZ DIANA 	2022-06-01	1	2025-07-06 16:34:40.541315	2025-07-06 16:34:40.541315
199	199	BRINK PERALTA ELLEN 	2022-06-01	1	2025-07-06 16:34:40.549456	2025-07-06 16:34:40.549456
200	200	PALMA BUSTOS ELISABETH 	2022-06-01	1	2025-07-06 16:34:40.55714	2025-07-06 16:34:40.55714
201	201	AEDO FIERRO PEDRO 	2022-06-01	1	2025-07-06 16:34:40.564441	2025-07-06 16:34:40.564441
202	202	BENAVENTI DUCOMMUN ANTONELLA 	2022-06-01	1	2025-07-06 16:34:40.573577	2025-07-06 16:34:40.573577
203	203	RAMIREZ CONTRERAS PAMELA 	2022-06-01	1	2025-07-06 16:34:40.581709	2025-07-06 16:34:40.581709
204	204	HUNTER RETAMAL MARIA DIGNA 	2022-06-01	1	2025-07-06 16:34:40.588999	2025-07-06 16:34:40.588999
205	205	GRARIA LOPEZ ROCIO 	2022-06-01	1	2025-07-06 16:34:40.59703	2025-07-06 16:34:40.59703
206	206	BAO MARCELA 	2022-06-01	1	2025-07-06 16:34:40.604623	2025-07-06 16:34:40.604623
207	207	HENRIQUEZ CARRASCO ANDREA 	2022-06-01	1	2025-07-06 16:34:40.61234	2025-07-06 16:34:40.61234
208	208	ENRIQUEZ RUBIO GASTON 	2022-06-01	1	2025-07-06 16:34:40.619468	2025-07-06 16:34:40.619468
209	209	VIDAL FRIZ MARISOL 	2022-06-01	1	2025-07-06 16:34:40.626019	2025-07-06 16:34:40.626019
210	210	CARRASCO JARA ERIK 	2022-06-01	1	2025-07-06 16:34:40.635353	2025-07-06 16:34:40.635353
211	211	GIACAMAN GIDI EDUARDO 	2022-06-01	1	2025-07-06 16:34:40.643743	2025-07-06 16:34:40.643743
212	212	SANCHEZ NIRVANA 	2022-06-01	1	2025-07-06 16:34:40.650877	2025-07-06 16:34:40.650877
213	213	DEUSTER PEÑA HERMANN 	2022-06-01	1	2025-07-06 16:34:40.659175	2025-07-06 16:34:40.659175
215	215	DIAZ PERALTA LUISA 	2022-06-01	1	2025-07-06 16:34:40.674086	2025-07-06 16:34:40.674086
216	216	RAMOS TOMAS 	2022-06-01	1	2025-07-06 16:34:40.680637	2025-07-06 16:34:40.680637
217	217	EULUFI CERDA HELIA 	2022-06-01	1	2025-07-06 16:34:40.688107	2025-07-06 16:34:40.688107
218	218	GOMEZ COUCHOT CECILIA 	2022-06-01	1	2025-07-06 16:34:40.697734	2025-07-06 16:34:40.697734
219	219	SUAZO HENRIQUEZ PATRICIA 	2022-06-01	1	2025-07-06 16:34:40.706251	2025-07-06 16:34:40.706251
220	220	SUAZO HENRIQUEZ ABIGAIL 	2022-06-01	1	2025-07-06 16:34:40.714008	2025-07-06 16:34:40.714008
221	221	PEDREROS NAVARRETE ESMERALDA 	2022-06-01	1	2025-07-06 16:34:40.723024	2025-07-06 16:34:40.723024
222	222	BADILLA ARROYO FRANCISCO 	2022-06-01	1	2025-07-06 16:34:40.730464	2025-07-06 16:34:40.730464
223	223	BASUALTO MORALES IGNACIO 	2022-06-01	1	2025-07-06 16:34:40.738534	2025-07-06 16:34:40.738534
224	224	VENEGAS JOFRE CLAUDIA 	2022-06-01	1	2025-07-06 16:34:40.745326	2025-07-06 16:34:40.745326
225	225	PEREIRA THIELE MONICA 	2022-06-01	1	2025-07-06 16:34:40.752356	2025-07-06 16:34:40.752356
226	226	CRUZ ANSELMI RODRIGO 	2022-06-01	1	2025-07-06 16:34:40.761885	2025-07-06 16:34:40.761885
227	227	MORENO QUEIROLO MARCELO 	2022-06-01	1	2025-07-06 16:34:40.769321	2025-07-06 16:34:40.769321
228	228	MONTECINO CAROLINA 	2022-06-01	1	2025-07-06 16:34:40.778294	2025-07-06 16:34:40.778294
229	229	RAVANAL CORA 	2022-06-01	1	2025-07-06 16:34:40.786677	2025-07-06 16:34:40.786677
230	230	ARELLANO VAILLANT JUAN LUIS 	2022-06-01	1	2025-07-06 16:34:40.793664	2025-07-06 16:34:40.793664
231	231	LY GATICA AZAAM 	2022-06-01	1	2025-07-06 16:34:40.801985	2025-07-06 16:34:40.801985
232	232	AGUIRRE PIÑA CAMILA 	2022-06-01	1	2025-07-06 16:34:40.808915	2025-07-06 16:34:40.808915
233	233	FUENTES RUTH 	2022-06-01	1	2025-07-06 16:34:40.816212	2025-07-06 16:34:40.816212
234	234	ESPARZA PEZO PEDRO 	2022-06-01	1	2025-07-06 16:34:40.825574	2025-07-06 16:34:40.825574
235	235	CUEVAS LANDAETA LUIS 	2022-06-01	1	2025-07-06 16:34:40.833018	2025-07-06 16:34:40.833018
236	236	SCHLEGEL TORO SARA 	2022-06-01	1	2025-07-06 16:34:40.841914	2025-07-06 16:34:40.841914
237	237	ALARCON VENEGAS HORACIO 	2022-06-01	1	2025-07-06 16:34:40.850191	2025-07-06 16:34:40.850191
238	238	RODRIGUEZ CHAVEZ MARIA ELENA 	2022-06-01	1	2025-07-06 16:34:40.857806	2025-07-06 16:34:40.857806
239	239	PINO DE LA BARRA MARIA TERESA 	2022-06-01	1	2025-07-06 16:34:40.86642	2025-07-06 16:34:40.86642
240	240	SALAZAR LORETO 	2022-06-01	1	2025-07-06 16:34:40.873561	2025-07-06 16:34:40.873561
241	241	RIQUELME SCHLEGEL MARIANNE 	2022-06-01	1	2025-07-06 16:34:40.88048	2025-07-06 16:34:40.88048
242	242	BARRIGA CARLOS 	2022-06-01	1	2025-07-06 16:34:40.889942	2025-07-06 16:34:40.889942
243	243	VELASQUEZ MENDEZ CAMILA 	2022-06-01	1	2025-07-06 16:34:40.897136	2025-07-06 16:34:40.897136
244	244	SAN MARTIN SAEZ JEANNETTE 	2022-06-01	1	2025-07-06 16:34:40.906398	2025-07-06 16:34:40.906398
245	245	BAÑADOS PLACENCIA BARBARA 	2022-06-01	1	2025-07-06 16:34:40.914576	2025-07-06 16:34:40.914576
247	247	ZAPATA HENRIQUEZ MIGUEL 	2022-06-01	1	2025-07-06 16:34:40.930019	2025-07-06 16:34:40.930019
248	248	RETAMAL RIVAS DANITZA 	2022-06-01	1	2025-07-06 16:34:40.937532	2025-07-06 16:34:40.937532
249	249	SCHOLTZ SANHUEZA ERWIN 	2022-06-01	1	2025-07-06 16:34:40.94472	2025-07-06 16:34:40.94472
250	250	VILLAGRAN FUENTEALBA JUAN 	2022-06-01	1	2025-07-06 16:34:40.953702	2025-07-06 16:34:40.953702
251	251	VILLARROEL PINO PAULA 	2022-06-01	1	2025-07-06 16:34:40.961599	2025-07-06 16:34:40.961599
252	252	VALLEJOS NEIRA EUGENIA 	2022-06-01	1	2025-07-06 16:34:40.969669	2025-07-06 16:34:40.969669
253	253	MUÑOZ GUZMAN CECILIA 	2022-06-01	1	2025-07-06 16:34:40.978385	2025-07-06 16:34:40.978385
254	254	LEYTON ARAYA CHISTIAN 	2022-06-01	1	2025-07-06 16:34:40.986515	2025-07-06 16:34:40.986515
255	255	JAEN HARISMENDY MARY 	2022-06-01	1	2025-07-06 16:34:40.994089	2025-07-06 16:34:40.994089
256	256	ARREPOL ZUÑIGA DAYANA 	2022-06-01	1	2025-07-06 16:34:41.00109	2025-07-06 16:34:41.00109
257	257	CORRAL LLULL LINA 	2022-06-01	1	2025-07-06 16:34:41.008381	2025-07-06 16:34:41.008381
214	214	ACEVEDO TORRES IGNACIO 	2022-06-01	1	2025-07-06 16:34:40.666271	2025-07-07 00:50:35.357749
258	258	JARA VIDAL PEDRO 	2022-06-01	1	2025-07-06 16:34:41.017924	2025-07-06 16:34:41.017924
259	259	VILDOSOLA RIQUELME JOSE 	2022-06-01	1	2025-07-06 16:34:41.027319	2025-07-06 16:34:41.027319
260	260	SANTIS BRANTE OSCAR 	2022-06-01	1	2025-07-06 16:34:41.036058	2025-07-06 16:34:41.036058
261	261	CIORBA VELOSO ALMA 	2022-06-01	1	2025-07-06 16:34:41.043925	2025-07-06 16:34:41.043925
262	262	ASTETE BOETTCHER PAULINA 	2022-06-01	1	2025-07-06 16:34:41.052287	2025-07-06 16:34:41.052287
263	263	VILLALOBOS MERINO RAFAEL 	2022-06-01	1	2025-07-06 16:34:41.059794	2025-07-06 16:34:41.059794
264	264	RAMOS MORA FABIOLA 	2022-06-01	1	2025-07-06 16:34:41.065927	2025-07-06 16:34:41.065927
265	265	MUÑOZ VERGARA CECILIA 	2022-06-01	1	2025-07-06 16:34:41.074536	2025-07-06 16:34:41.074536
266	266	LABBE FIGUEROA JOSE 	2022-06-01	1	2025-07-06 16:34:41.080922	2025-07-06 16:34:41.080922
267	267	SALGADO VARAS RENATA 	2022-06-01	1	2025-07-06 16:34:41.088719	2025-07-06 16:34:41.088719
268	268	ARAVENA ALVAREZ JOSE LUIS 	2022-06-01	1	2025-07-06 16:34:41.096033	2025-07-06 16:34:41.096033
269	269	GOMEZ COUCLOT PATRICIO 	2022-06-01	1	2025-07-06 16:34:41.102477	2025-07-06 16:34:41.102477
270	270	RIFFO SAAVEDRA VERONICA 	2022-06-01	1	2025-07-06 16:34:41.110024	2025-07-06 16:34:41.110024
271	271	VERGARA TORRES LEONARDO 	2022-06-01	1	2025-07-06 16:34:41.115903	2025-07-06 16:34:41.115903
272	272	ALDEA SALDIAS JULIA 	2022-06-01	1	2025-07-06 16:34:41.12264	2025-07-06 16:34:41.12264
273	273	CARTES ALDEA AURORA 	2022-06-01	1	2025-07-06 16:34:41.130692	2025-07-06 16:34:41.130692
274	274	PINTO SUAZO VICTOR 	2022-06-01	1	2025-07-06 16:34:41.13852	2025-07-06 16:34:41.13852
275	275	ARTEAGA ROMERO FRANCISCA 	2022-06-01	1	2025-07-06 16:34:41.144953	2025-07-06 16:34:41.144953
276	276	VEGA FUENTES FLORENTINA 	2022-06-01	1	2025-07-06 16:34:41.152832	2025-07-06 16:34:41.152832
277	277	MALDONADO ROA PEDRO 	2022-06-01	1	2025-07-06 16:34:41.159822	2025-07-06 16:34:41.159822
278	278	BAUER LISSNER PATRICIA 	2022-06-01	1	2025-07-06 16:34:41.166584	2025-07-06 16:34:41.166584
279	279	ROA PEÑA Y LILLO MARCIA 	2022-06-01	1	2025-07-06 16:34:41.173042	2025-07-06 16:34:41.173042
280	280	REUSS VILLARROEL PROSPERINA 	2022-06-01	1	2025-07-06 16:34:41.17958	2025-07-06 16:34:41.17958
281	281	MARNICH SALAZAR ESTEBAN 	2022-06-01	1	2025-07-06 16:34:41.187951	2025-07-06 16:34:41.187951
282	282	MATTHEI SCHMDT LUZ 	2022-06-01	1	2025-07-06 16:34:41.195243	2025-07-06 16:34:41.195243
283	283	OPAZO RIVEROS MARINA 	2022-06-01	1	2025-07-06 16:34:41.202222	2025-07-06 16:34:41.202222
284	284	VASQUEZ SANCHEZ SONIA 	2022-06-01	1	2025-07-06 16:34:41.209124	2025-07-06 16:34:41.209124
285	285	GROSSMANN SPICHIGEL CLAUDIO 	2022-06-01	1	2025-07-06 16:34:41.216466	2025-07-06 16:34:41.216466
286	286	LEPE ORTIZ TAZNA 	2022-06-01	1	2025-07-06 16:34:41.223248	2025-07-06 16:34:41.223248
287	287	ERIZ SOTO ALEX 	2022-06-01	1	2025-07-06 16:34:41.22973	2025-07-06 16:34:41.22973
288	288	PEREZ HENRIQUEZ MIRIAM 	2022-06-01	1	2025-07-06 16:34:41.237766	2025-07-06 16:34:41.237766
289	289	CONTANZO PINCHEIRA GERMAN 	2022-06-01	1	2025-07-06 16:34:41.245051	2025-07-06 16:34:41.245051
290	290	CARRASCO AZOCAR EMILIA 	2022-06-01	1	2025-07-06 16:34:41.251906	2025-07-06 16:34:41.251906
291	291	GROCASSAN MICHAEL 	2022-06-01	1	2025-07-06 16:34:41.259093	2025-07-06 16:34:41.259093
292	292	MUTIS ENRIQUEZ ELIANA 	2022-06-01	1	2025-07-06 16:34:41.266217	2025-07-06 16:34:41.266217
293	293	GARAY REBOLLEDO NANCY 	2022-06-01	1	2025-07-06 16:34:41.273278	2025-07-06 16:34:41.273278
294	294	CASTILLO COLE CARLOS 	2022-06-01	1	2025-07-06 16:34:41.2799	2025-07-06 16:34:41.2799
295	295	POBLETE RIQUELME GLORIA 	2022-06-01	1	2025-07-06 16:34:41.287873	2025-07-06 16:34:41.287873
296	296	CASTILLO POBLETE DANIELA 	2022-06-01	1	2025-07-06 16:34:41.294709	2025-07-06 16:34:41.294709
297	297	ARAYA LIZAMA BERNARDO 	2022-06-01	1	2025-07-06 16:34:41.302335	2025-07-06 16:34:41.302335
298	298	PINO D.L.BARRERA M.TERESA 	2022-06-01	1	2025-07-06 16:34:41.309654	2025-07-06 16:34:41.309654
299	299	ERIZ GOMEZ CAROLA 	2022-06-01	1	2025-07-06 16:34:41.31558	2025-07-06 16:34:41.31558
300	300	MUÑOZ NUÑEZ JUAN FCO. 	2022-06-01	1	2025-07-06 16:34:41.322329	2025-07-06 16:34:41.322329
301	301	DIAZ RUIZ MARCELA 	2022-06-01	1	2025-07-06 16:34:41.328835	2025-07-06 16:34:41.328835
302	302	MUÑOZ DIAZ LUCIANO 	2022-06-01	1	2025-07-06 16:34:41.335312	2025-07-06 16:34:41.335312
303	303	FLORES ORDENES NORMA 	2022-06-01	1	2025-07-06 16:34:41.343553	2025-07-06 16:34:41.343553
304	304	SANCHEZ BOBADILLA ROSA 	2022-06-01	1	2025-07-06 16:34:41.351644	2025-07-06 16:34:41.351644
305	305	GUERRERO REYES OSCAR 	2022-06-01	1	2025-07-06 16:34:41.358504	2025-07-06 16:34:41.358504
306	306	DAVILA VALLEJOS RICARDO 	2022-06-01	1	2025-07-06 16:34:41.36559	2025-07-06 16:34:41.36559
307	307	DURAN ESTRADA YESSECA 	2022-06-01	1	2025-07-06 16:34:41.372316	2025-07-06 16:34:41.372316
308	308	GUERRERO SANCHEZ LORENA 	2022-06-01	1	2025-07-06 16:34:41.379107	2025-07-06 16:34:41.379107
309	309	DAVILA DURAN JOHANNA 	2022-06-01	1	2025-07-06 16:34:41.385875	2025-07-06 16:34:41.385875
310	310	POLITO GONZALEZ BRUNO 	2022-06-01	1	2025-07-06 16:34:41.394346	2025-07-06 16:34:41.394346
311	311	CRUZ FUENTEALBA CARLA 	2022-06-01	1	2025-07-06 16:34:41.401657	2025-07-06 16:34:41.401657
312	312	VIVEROS FLORES VICTORIA 	2022-06-01	1	2025-07-06 16:34:41.409383	2025-07-06 16:34:41.409383
313	313	MOLINA ROTHEN MARIA 	2022-06-01	1	2025-07-06 16:34:41.417125	2025-07-06 16:34:41.417125
314	314	MONTECINOS MARTINEZ DIEGO 	2022-06-01	1	2025-07-06 16:34:41.424265	2025-07-06 16:34:41.424265
315	315	SAAVEDRA CONCHA RICARDO 	2022-06-01	1	2025-07-06 16:34:41.431431	2025-07-06 16:34:41.431431
316	316	RIVERA VIDAL RAYEN 	2022-06-01	1	2025-07-06 16:34:41.438374	2025-07-06 16:34:41.438374
317	317	CARDENAS HERNANDEZ CLAUDIO 	2022-06-01	1	2025-07-06 16:34:41.446518	2025-07-06 16:34:41.446518
318	318	MIGUEL LAMAS RAFAEL 	2022-06-01	1	2025-07-06 16:34:41.453921	2025-07-06 16:34:41.453921
319	319	DIAZ SANCHEZ GABRIELA 	2022-06-01	1	2025-07-06 16:34:41.462139	2025-07-06 16:34:41.462139
320	320	FERRADA IVAN 	2022-06-01	1	2025-07-06 16:34:41.470124	2025-07-06 16:34:41.470124
322	322	Sin Socio 	2022-06-01	1	2025-07-06 16:34:41.483878	2025-07-06 16:34:41.483878
323	323	Sin Socio 	2022-06-01	1	2025-07-06 16:34:41.490425	2025-07-06 16:34:41.490425
324	324	Sin Socio 	2022-06-01	1	2025-07-06 16:34:41.498683	2025-07-06 16:34:41.498683
325	325	Sin Socio 	2022-06-01	1	2025-07-06 16:34:41.506727	2025-07-06 16:34:41.506727
326	326	Sin Socio 	2022-06-01	1	2025-07-06 16:34:41.51514	2025-07-06 16:34:41.51514
327	327	Sin Socio 	2022-06-01	1	2025-07-06 16:34:41.522756	2025-07-06 16:34:41.522756
328	328	Sin Socio 	2022-06-01	1	2025-07-06 16:34:41.52902	2025-07-06 16:34:41.52902
329	329	Sin Socio 	2022-06-01	1	2025-07-06 16:34:41.537371	2025-07-06 16:34:41.537371
330	330	Sin Socio 	2022-06-01	1	2025-07-06 16:34:41.544443	2025-07-06 16:34:41.544443
331	331	Sin Socio 	2022-06-01	1	2025-07-06 16:34:41.550947	2025-07-06 16:34:41.550947
332	332	Sin Socio 	2022-06-01	1	2025-07-06 16:34:41.559969	2025-07-06 16:34:41.559969
333	333	Sin Socio 	2022-06-01	1	2025-07-06 16:34:41.568145	2025-07-06 16:34:41.568145
334	334	Sin Socio 	2022-06-01	1	2025-07-06 16:34:41.575643	2025-07-06 16:34:41.575643
335	335	Sin Socio 	2022-06-01	1	2025-07-06 16:34:41.582358	2025-07-06 16:34:41.582358
336	336	Sin Socio 	2022-06-01	1	2025-07-06 16:34:41.589458	2025-07-06 16:34:41.589458
337	337	Sin Socio 	2022-06-01	1	2025-07-06 16:34:41.59618	2025-07-06 16:34:41.59618
338	338	Sin Socio 	2022-06-01	1	2025-07-06 16:34:41.602624	2025-07-06 16:34:41.602624
339	339	Sin Socio 	2022-06-01	1	2025-07-06 16:34:41.611324	2025-07-06 16:34:41.611324
340	340	Sin Socio 	2022-06-01	1	2025-07-06 16:34:41.618493	2025-07-06 16:34:41.618493
341	341	Sin Socio 	2022-06-01	1	2025-07-06 16:34:41.62619	2025-07-06 16:34:41.62619
342	342	Sin Socio 	2022-06-01	1	2025-07-06 16:34:41.632665	2025-07-06 16:34:41.632665
343	343	Sin Socio 	2022-06-01	1	2025-07-06 16:34:41.639812	2025-07-06 16:34:41.639812
344	344	Sin Socio 	2022-06-01	1	2025-07-06 16:34:41.64619	2025-07-06 16:34:41.64619
345	345	Sin Socio 	2022-06-01	1	2025-07-06 16:34:41.654428	2025-07-06 16:34:41.654428
346	346	Sin Socio 	2022-06-01	1	2025-07-06 16:34:41.661027	2025-07-06 16:34:41.661027
347	347	Sin Socio 	2022-06-01	1	2025-07-06 16:34:41.669142	2025-07-06 16:34:41.669142
349	349	Sin Socio 	2022-06-01	1	2025-07-06 16:34:41.683061	2025-07-06 16:34:41.683061
350	350	Sin Socio 	2022-06-01	1	2025-07-06 16:34:41.690194	2025-07-06 16:34:41.690194
351	351	Sin Socio 	2022-06-01	1	2025-07-06 16:34:41.696338	2025-07-06 16:34:41.696338
352	352	Sin Socio 	2022-06-01	1	2025-07-06 16:34:41.704639	2025-07-06 16:34:41.704639
353	353	Sin Socio 	2022-06-01	1	2025-07-06 16:34:41.711136	2025-07-06 16:34:41.711136
354	354	Sin Socio 	2022-06-01	1	2025-07-06 16:34:41.719087	2025-07-06 16:34:41.719087
355	355	Sin Socio 	2022-06-01	1	2025-07-06 16:34:41.726303	2025-07-06 16:34:41.726303
356	356	Sin Socio 	2022-06-01	1	2025-07-06 16:34:41.732765	2025-07-06 16:34:41.732765
357	357	Sin Socio 	2022-06-01	1	2025-07-06 16:34:41.74011	2025-07-06 16:34:41.74011
358	358	Sin Socio 	2022-06-01	1	2025-07-06 16:34:41.746237	2025-07-06 16:34:41.746237
359	1001	CUOTAS SOCIALES	2022-06-01	1	2025-07-06 16:34:41.754597	2025-07-06 16:34:41.754597
360	1002	CERTIFICADOS RESIDENCIA	2022-06-01	1	2025-07-06 16:34:41.761491	2025-07-06 16:34:41.761491
361	1003	OTROS INGRESOS Y FONDOS CONCURSABLES	2022-06-01	1	2025-07-06 16:34:41.768825	2025-07-06 16:34:41.768825
246	246	PINTO NICOLAS 	2022-06-01	1	2025-07-06 16:34:40.922221	2025-07-07 00:44:37.241674
73	73	*** VACIO ***	2022-06-01	1	2025-07-06 16:34:39.629277	2025-07-07 01:08:00.956463
363	360	ROMERO FERNANDEZ PABLO	2025-07-16	1	2025-07-16 23:54:09.580694	2025-07-16 23:54:09.580694
364	361	MORENO NAIL GERARDO ANDRES	2025-07-16	1	2025-07-16 23:54:34.928403	2025-07-16 23:54:34.928403
362	359	CONTRERAS ESPINOZA CAROLINA	2025-07-16	1	2025-07-16 21:10:52.581945	2025-07-16 23:55:16.96725
321	321	SANTANA GACITUA CARLOS	2022-11-17	1	2025-07-06 16:34:41.476441	2025-07-17 02:42:45.000019
348	348	MAGALI AGUILERA RETAMAL	2022-06-01	1	2025-07-06 16:34:41.676856	2025-10-01 01:28:34.723865
\.


--
-- Data for Name: ar_internal_metadata; Type: TABLE DATA; Schema: public; Owner: csantana
--

COPY public.ar_internal_metadata (key, value, created_at, updated_at) FROM stdin;
environment	development	2025-07-06 16:34:38.728219	2025-07-06 16:34:38.728221
schema_sha1	742978de92d6e47832eb3e16b307514f76c2d61e	2025-07-06 16:34:38.732312	2025-07-06 16:34:38.732313
\.


--
-- Data for Name: bills; Type: TABLE DATA; Schema: public; Owner: csantana
--

COPY public.bills (id, date, tipo_egreso, comment, amount, user_id, created_at, updated_at) FROM stdin;
1	2023-10-06	4	GIRO POR CAJA	402180	1	2025-07-06 20:30:07.793258	2025-07-06 20:30:07.793258
4	2024-04-19	4	GIRO POR CAJA	3500000	1	2025-07-06 20:30:07.812016	2025-07-06 20:30:07.812016
5	2024-06-07	1	COMPRA ECOSISTEM    CL	20000	1	2025-07-06 20:30:07.817516	2025-07-06 20:30:07.817516
7	2024-06-14	1	COMPRA LIBRERIA GIO CL	66527	1	2025-07-06 20:30:07.827767	2025-07-06 20:30:07.827767
8	2024-06-14	1	COMPRA LIBRERIA GIO CL	66757	1	2025-07-06 20:30:07.832505	2025-07-06 20:30:07.832505
9	2024-06-27	1	COMPRA ECOSISTEM    CL	25900	1	2025-07-06 20:30:07.838421	2025-07-06 20:30:07.838421
11	2024-06-28	1	COMPRA HIPERBLU     CL	67701	1	2025-07-06 20:30:07.849454	2025-07-06 20:30:07.849454
12	2024-06-28	1	COMPRA LIBRERIA GIO CL	109921	1	2025-07-06 20:30:07.855617	2025-07-06 20:30:07.855617
13	2024-07-23	4	GIRO POR CAJA	1000000	1	2025-07-06 20:30:07.860861	2025-07-06 20:30:07.860861
14	2024-10-07	4	GIRO POR CAJA	500000	1	2025-07-06 20:30:07.876494	2025-07-06 20:30:07.876494
17	2024-06-14	1	COMPRA LIBRERIA GIO CL	62225	1	2025-07-06 20:30:48.197441	2025-07-06 20:30:48.197441
21	2024-06-27	1	COMPRA MERPAGO	32560	1	2025-07-06 20:30:48.21875	2025-07-06 20:30:48.21875
2	2023-10-19	1	GIRO POR CAJA	95200	1	2025-07-06 20:30:07.801763	2025-07-07 16:46:21.833499
3	2023-11-30	3	GIRO POR CAJA	151250	1	2025-07-06 20:30:07.807216	2025-07-07 16:46:30.136964
\.


--
-- Data for Name: deposits; Type: TABLE DATA; Schema: public; Owner: csantana
--

COPY public.deposits (id, date, tipo_ingreso, comment, amount, mes, ano, user_id, apartment_id, created_at, updated_at) FROM stdin;
8	2022-12-21	2	TEF DE JIMENEZ HALABI PATRICIO IVAN	2000	12	2022	1	356	2025-07-06 16:35:36.596329	2025-07-06 16:35:36.596329
9	2023-03-02	2	TEF BANCOESTADO DE CARVALLO TOLEDO	5000	3	2023	1	18	2025-07-06 16:36:00.900195	2025-07-06 16:36:00.900195
10	2023-12-28	2	TEF BANCOESTADO DE FUENTES ESPINOZA	2000	12	2023	1	22	2025-07-06 16:36:00.908816	2025-07-06 16:36:00.908816
16	2023-03-02	2	TEF DE OLAVARRIA BENNETT SONIA ELIZ	5000	3	2023	1	40	2025-07-06 16:36:00.958549	2025-07-06 16:36:00.958549
17	2023-03-03	2	TEF DE OLAVARRIA BENNETT VIOLETA GE	3000	3	2023	1	40	2025-07-06 16:36:00.967505	2025-07-06 16:36:00.967505
18	2023-10-18	2	TEF DE OLAVARRIA BENNETT SONIA ELIZ	24000	10	2023	1	40	2025-07-06 16:36:00.975311	2025-07-06 16:36:00.975311
19	2023-01-24	2	TEF DE VILLAGRAN FUENTEALBA JUAN JO	20000	1	2023	1	41	2025-07-06 16:36:00.984793	2025-07-06 16:36:00.984793
20	2023-03-02	2	TEF DE VILLAGRAN FUENTEALBA JUAN JO	3000	3	2023	1	41	2025-07-06 16:36:01.000455	2025-07-06 16:36:01.000455
21	2023-01-09	2	TEF DE MORA TAPIA NATALIA VIVIANA	4000	1	2023	1	47	2025-07-06 16:36:01.008472	2025-07-06 16:36:01.008472
22	2023-05-25	2	TEF DE MORA TAPIA NATALIA VIVIANA	8000	5	2023	1	47	2025-07-06 16:36:01.016569	2025-07-06 16:36:01.016569
23	2023-03-02	2	TEF BANCOESTADO DE YAGI MUNOZ NELSON	2000	3	2023	1	58	2025-07-06 16:36:01.024294	2025-07-06 16:36:01.024294
24	2023-11-22	2	TEF DE LABARCA LAGOS MONICA DEL CAR	20000	11	2023	1	80	2025-07-06 16:36:01.031832	2025-07-06 16:36:01.031832
25	2023-11-27	2	TEF DE LABARCA LAGOS MONICA DEL CAR	16000	11	2023	1	80	2025-07-06 16:36:01.039593	2025-07-06 16:36:01.039593
26	2023-08-21	2	TEF DE SAN JUAN RAMOS VICTOR EUGENI	4000	8	2023	1	84	2025-07-06 16:36:01.047528	2025-07-06 16:36:01.047528
27	2023-03-21	2	TEF BANCOESTADO DE NAVARRO YUNGE PA	2000	3	2023	1	96	2025-07-06 16:36:01.056375	2025-07-06 16:36:01.056375
29	2023-03-02	2	TEF DE PARES LAMAS SARA MARIA CRIST	10000	3	2023	1	99	2025-07-06 16:36:01.071632	2025-07-06 16:36:01.071632
30	2023-03-09	2	TEF DE PARES LAMAS SARA MARIA CRIST	2000	3	2023	1	99	2025-07-06 16:36:01.078723	2025-07-06 16:36:01.078723
31	2023-03-09	2	TEF DE PARES LAMAS SARA MARIA CRIST	24000	3	2023	1	99	2025-07-06 16:36:01.086159	2025-07-06 16:36:01.086159
32	2023-10-18	2	TEF DE PARES LAMAS SARA MARIA CRIST	48000	10	2023	1	99	2025-07-06 16:36:01.096632	2025-07-06 16:36:01.096632
33	2023-10-18	2	TEF DE PARES LAMAS SARA MARIA CRIST	24000	10	2023	1	99	2025-07-06 16:36:01.104533	2025-07-06 16:36:01.104533
38	2023-03-30	2	TEF DE PENA GONZALEZ KARINA ALEJAND	2000	3	2023	1	132	2025-07-06 16:36:01.143256	2025-07-06 16:36:01.143256
40	2023-03-02	2	TEF DE PARRA PAZ JULIO CESAR	5000	3	2023	1	153	2025-07-06 16:36:01.159412	2025-07-06 16:36:01.159412
41	2023-12-15	2	TEF DE MEZA ALCORTA ROSA ESTER	2000	12	2023	1	169	2025-07-06 16:36:01.166568	2025-07-06 16:36:01.166568
42	2023-03-02	2	TEF DE PERUGI ARTIGAS SUSANA PATRIC	5000	3	2023	1	173	2025-07-06 16:36:01.174713	2025-07-06 16:36:01.174713
43	2023-04-17	2	TEF BANCOESTADO DE VALENZUELA FERRE	2000	4	2023	1	177	2025-07-06 16:36:01.18186	2025-07-06 16:36:01.18186
44	2023-03-02	2	TEF BANCOESTADO DE YAGI VALENZUELA	5000	3	2023	1	178	2025-07-06 16:36:01.191467	2025-07-06 16:36:01.191467
56	2023-04-20	2	TEF DE CASTILLO IGLESIAS LUCIA FERN	4000	4	2023	1	186	2025-07-06 16:36:01.28817	2025-07-06 16:36:01.28817
62	2023-11-06	2	TEF BANCOESTADO DE HENRIQUEZ CARRAS	2000	11	2023	1	207	2025-07-06 16:36:01.334951	2025-07-06 16:36:01.334951
64	2023-03-02	2	TEF DE EULUFI CERDA HELIA SONIA DE	5000	3	2023	1	217	2025-07-06 16:36:01.352997	2025-07-06 16:36:01.352997
11	2023-07-07	1	TEF BANCOESTADO DE GARCIA ARANEDA C - JUN/22 a JUL/23	28000	6	2022	1	25	2025-07-06 16:36:00.916879	2025-07-16 00:42:56.744242
12	2023-11-27	1	TEF BANCOESTADO DE GARCIA ARANEDA C - AGO/23 a FEB/24	14000	11	2023	1	25	2025-07-06 16:36:00.923956	2025-07-16 00:43:47.209655
60	2023-01-23	1	TEF DE RAMIREZ CARVAJAL LUIS ARTURO - JUN/22 a ENE/23	16000	1	2023	1	190	2025-07-06 16:36:01.319225	2025-07-16 01:16:23.820247
61	2023-02-27	1	TEF DE RAMIREZ CARVAJAL LUIS ARTURO - FEB/23 a DIC/23	22000	2	2023	1	190	2025-07-06 16:36:01.326381	2025-07-16 01:17:14.350145
53	2023-10-04	1	TEF BANCOESTADO DE CONCHA MUNOZ CEC - DIC/2022 a ENE/2023	4000	10	2023	1	183	2025-07-06 16:36:01.263388	2025-07-17 00:23:50.560788
39	2023-04-17	1	TEF DE SANTOS FAJARDO ISABEL ESTER - ENE/23 a ENE/23	2000	4	2023	1	152	2025-07-06 16:36:01.151768	2025-07-16 02:02:23.789355
52	2023-06-30	1	TEF BANCOESTADO DE CONCHA MUNOZ CEC - OCT/2022 a NOV/2022	4000	6	2023	1	183	2025-07-06 16:36:01.255787	2025-07-17 00:23:20.815651
51	2023-05-12	1	TEF BANCOESTADO DE CONCHA MUNOZ CEC - AGO/2022 a SEP/2022	4000	5	2023	1	183	2025-07-06 16:36:01.248302	2025-07-17 00:22:54.269737
54	2023-11-06	1	TEF BANCOESTADO DE CONCHA MUNOZ CEC - FEB/2023 a MAR/2023	4000	11	2023	1	183	2025-07-06 16:36:01.27069	2025-07-17 00:24:14.641683
55	2023-12-04	1	TEF BANCOESTADO DE CONCHA MUNOZ CEC - ABR/2023 a MAY/2023	4000	12	2023	1	183	2025-07-06 16:36:01.278231	2025-07-17 00:24:49.487223
15	2023-03-02	1	TEF DE OLAVARRIA BENNETT SONIA ELIZ - JUNIO/22 a JUN/23	26000	3	2023	1	40	2025-07-06 16:36:00.951172	2025-07-31 20:54:30.249303
50	2023-03-02	1	TEF BANCOESTADO DE CONCHA MUNOZ CEC - JUN/2022 a JUL/2022	5000	3	2023	1	183	2025-07-06 16:36:01.239164	2025-07-17 00:22:31.051427
57	2023-03-03	3	TEF BANCOESTADO DE ANABALON QUIROZ - Aporte Bomberos	5000	3	2023	1	67	2025-07-06 16:36:01.295887	2025-07-31 21:12:46.007037
58	2023-03-31	1	TEF BANCOESTADO DE ANABALON QUIROZ - JUN/22 - NOV/22 	12000	3	2023	1	67	2025-07-06 16:36:01.303461	2025-07-31 21:13:55.363254
59	2023-12-01	1	TEF BANCOESTADO DE ANABALON QUIROZ - DIC/22 a DIC/23	26000	12	2023	1	67	2025-07-06 16:36:01.311468	2025-07-31 21:20:07.379575
28	2023-02-27	1	TEF DE PARES LAMAS SARA MARIA CRIST - JUN-22 a MAY/23	24000	2	2023	1	99	2025-07-06 16:36:01.063642	2025-07-31 22:32:01.394759
34	2023-03-07	1	TEF DE SALAZAR GARRETON CAMILO FERN - JUN/22 a MAR/23	20000	3	2023	1	108	2025-07-06 16:36:01.112082	2025-07-31 22:51:27.15142
35	2023-03-22	1	TEF DE SALAZAR GARRETON CAMILO FERN - ABR/23 a NOV/23	16000	3	2023	1	108	2025-07-06 16:36:01.120122	2025-07-31 22:53:29.521735
36	2023-12-21	1	TEF DE SALAZAR GARRETON CAMILO FERN - DIC/23 a JUN/24	14000	12	2023	1	108	2025-07-06 16:36:01.127296	2025-07-31 22:56:26.138256
37	2023-07-17	1	TEF DE HILLERNS ROJAS GABRIELA PATR - JUN/22 a MAY/23	24000	7	2023	1	117	2025-07-06 16:36:01.135327	2025-07-31 23:02:44.098192
13	2023-03-02	1	TEF DE LASAGNA LABBE SILVANA ANGELI - JUN/22 a OCT/22	10000	3	2023	1	31	2025-07-06 16:36:00.932866	2025-08-08 03:30:51.109099
63	2023-03-06	1	TEF DE ACEVEDO TORRES NICOLAS ESTEB - JUN/22 a MAY/23	24000	3	2023	1	154	2025-07-06 16:36:01.345346	2025-07-31 23:29:31.946801
14	2023-11-27	1	TEF DE LASAGNA LABBE SILVANA ANGELI - NOV/22 a AGO-23	20000	11	2023	1	31	2025-07-06 16:36:00.941415	2025-08-08 03:32:00.651857
46	2023-03-02	3	TEF BANCOESTADO DE GUAJARDO YANEZ M - Aporte brigadistas mexicanos	5000	3	2023	1	182	2025-07-06 16:36:01.207579	2025-08-18 04:30:43.974866
47	2023-04-18	1	TEF BANCOESTADO DE GUAJARDO YANEZ M - Abono cuota ABR/23	1000	4	2023	1	182	2025-07-06 16:36:01.215551	2025-08-18 04:39:30.274529
49	2023-07-12	1	TEF BANCOESTADO DE GUAJARDO YANEZ M - JUL/23 a DIC/23	12000	7	2023	1	182	2025-07-06 16:36:01.230938	2025-08-18 04:33:55.512789
45	2023-01-23	1	TEF BANCOESTADO DE GUAJARDO YANEZ M - JUN/22 a MAR/23	20000	1	2023	1	182	2025-07-06 16:36:01.199047	2025-08-18 04:32:41.447679
48	2023-04-18	1	TEF BANCOESTADO DE GUAJARDO YANEZ M - ABR/23 a JUN/23	5000	4	2023	1	182	2025-07-06 16:36:01.222958	2025-08-18 04:42:38.375263
65	2023-03-02	2	TEF BANCOESTADO DE VENEGAS JOFRE CL	5000	3	2023	1	224	2025-07-06 16:36:01.360139	2025-07-06 16:36:01.360139
66	2023-01-26	2	TEF DE CRUZ ANSELMI RODRIGO ANTONIO	16000	1	2023	1	226	2025-07-06 16:36:01.368622	2025-07-06 16:36:01.368622
67	2023-03-02	2	TEF DE RIQUELME SCHLEGEL MARIANNE E	2000	3	2023	1	241	2025-07-06 16:36:01.375426	2025-07-06 16:36:01.375426
68	2023-03-02	2	TEF DE SCHOLTZ SANHUEZA ERWIN RENE	5000	3	2023	1	249	2025-07-06 16:36:01.386023	2025-07-06 16:36:01.386023
69	2023-05-19	2	TEF DE VILLARROEL PINO PAULA ANDREA	2000	5	2023	1	251	2025-07-06 16:36:01.394179	2025-07-06 16:36:01.394179
70	2023-12-13	2	TEF DE VILLARROEL PINO PAULA ANDREA	38000	12	2023	1	251	2025-07-06 16:36:01.402766	2025-07-06 16:36:01.402766
71	2023-01-23	2	TEF DE SALGADO VARAS RENATA PAZ	14000	1	2023	1	267	2025-07-06 16:36:01.410599	2025-07-06 16:36:01.410599
72	2023-11-08	2	TEF DE SALGADO VARAS RENATA PAZ	24000	11	2023	1	267	2025-07-06 16:36:01.420428	2025-07-06 16:36:01.420428
74	2023-03-02	2	TEF DE BAUER LISSNER PATRICIA EVELY	3000	3	2023	1	278	2025-07-06 16:36:01.438277	2025-07-06 16:36:01.438277
75	2023-02-27	2	TEF DE VASQUEZ SANCHEZ SONIA ANGELI	14000	2	2023	1	284	2025-07-06 16:36:01.447659	2025-07-06 16:36:01.447659
76	2023-02-27	2	TEF DE VASQUEZ SANCHEZ SONIA ANGELI	2000	2	2023	1	284	2025-07-06 16:36:01.456235	2025-07-06 16:36:01.456235
77	2023-03-03	2	TEF DE VASQUEZ SANCHEZ SONIA ANGELI	3000	3	2023	1	284	2025-07-06 16:36:01.463546	2025-07-06 16:36:01.463546
78	2023-03-30	2	TEF DE ZARATE PEREZ PATRICIO ALONSO	2000	3	2023	1	323	2025-07-06 16:36:01.471672	2025-07-06 16:36:01.471672
79	2023-01-09	2	TRANSFERENCIA APP DE CLIENTES BESTA	2000	1	2023	1	360	2025-07-06 16:36:01.479431	2025-07-06 16:36:01.479431
80	2023-01-17	2	TRANSFERENCIA APP DE CLIENTES BESTA	2000	1	2023	1	360	2025-07-06 16:36:01.49073	2025-07-06 16:36:01.49073
81	2023-02-22	2	TEF DE AGUILAR DONAYRE ENZO ANDRE J	2000	2	2023	1	360	2025-07-06 16:36:01.499454	2025-07-06 16:36:01.499454
82	2023-02-24	2	TEF BANCOESTADO DE ORELLANA VIERA V	2000	2	2023	1	360	2025-07-06 16:36:01.508066	2025-07-06 16:36:01.508066
83	2023-02-27	2	DEPOSITO CON DOCUMENTOS	38000	2	2023	1	360	2025-07-06 16:36:01.515606	2025-07-06 16:36:01.515606
84	2023-03-02	2	DEPOSITO CON DOCUMENTOS	5000	3	2023	1	360	2025-07-06 16:36:01.524557	2025-07-06 16:36:01.524557
85	2023-03-02	2	TEF BANCOESTADO DE VILLABLANCA VEGA	2000	3	2023	1	360	2025-07-06 16:36:01.532287	2025-07-06 16:36:01.532287
87	2023-03-02	2	TEF BANCOESTADO DE SOTO SANCHEZ CAT	2000	3	2023	1	360	2025-07-06 16:36:01.548994	2025-07-06 16:36:01.548994
88	2023-03-02	2	TEF BANCOESTADO DE CISTERNA CABRERA	10000	3	2023	1	360	2025-07-06 16:36:01.557186	2025-07-06 16:36:01.557186
89	2023-03-03	2	TRANSFERENCIA APP DE CLIENTES BESTA	2000	3	2023	1	360	2025-07-06 16:36:01.564213	2025-07-06 16:36:01.564213
90	2023-03-16	2	TEF DE FONSECA GARRIDO HECTOR RODRI	2000	3	2023	1	360	2025-07-06 16:36:01.57185	2025-07-06 16:36:01.57185
91	2023-03-30	2	TEF DE GONZALEZ FIGUEROA MARIA JOSE	2000	3	2023	1	360	2025-07-06 16:36:01.580997	2025-07-06 16:36:01.580997
92	2023-03-31	2	TEF DE ROJAS ULLOA AMARILIS FRANCIS	2000	3	2023	1	360	2025-07-06 16:36:01.588922	2025-07-06 16:36:01.588922
93	2023-03-31	2	TRANSFERENCIA APP DE CLIENTES BESTA	20000	3	2023	1	360	2025-07-06 16:36:01.597076	2025-07-06 16:36:01.597076
94	2023-04-20	2	TEF BANCOESTADO DE FUENTES GAJARDO	2000	4	2023	1	360	2025-07-06 16:36:01.60565	2025-07-06 16:36:01.60565
95	2023-04-21	2	TRANSFERENCIA APP DE CLIENTES BESTA	10000	4	2023	1	360	2025-07-06 16:36:01.613525	2025-07-06 16:36:01.613525
96	2023-04-24	2	TEF DE DELPIN NICKEL ISIDORA CAMILA	2000	4	2023	1	360	2025-07-06 16:36:01.62089	2025-07-06 16:36:01.62089
97	2023-04-26	2	TEF DE TORRES PARRA KARLA CHRISTIE	2000	4	2023	1	360	2025-07-06 16:36:01.629259	2025-07-06 16:36:01.629259
98	2023-04-26	2	TEF BANCOESTADO DE CORRO BARRETO JE	2000	4	2023	1	360	2025-07-06 16:36:01.637926	2025-07-06 16:36:01.637926
100	2023-05-02	2	TEF BANCOESTADO DE AGUILERA LARA VA	2000	5	2023	1	360	2025-07-06 16:36:01.652437	2025-07-06 16:36:01.652437
101	2023-05-03	2	TEF DE MUNOZ MARCHANT JAIME CRISTIA	2000	5	2023	1	360	2025-07-06 16:36:01.660003	2025-07-06 16:36:01.660003
102	2023-05-23	2	TEF DE CEBALLOS PINO CARMEN GLORIA	2000	5	2023	1	360	2025-07-06 16:36:01.666721	2025-07-06 16:36:01.666721
103	2023-05-26	2	TEF DE MANRIQUEZ PINCHEIRA MAGALY V	6000	5	2023	1	360	2025-07-06 16:36:01.676363	2025-07-06 16:36:01.676363
104	2023-06-09	3	DEPOSITO CON DOCUMENTOS	400000	6	2023	1	361	2025-07-06 16:36:01.683382	2025-07-06 16:36:01.683382
105	2023-06-29	2	TEF BANCOESTADO DE ORELLANA FREDES	2000	6	2023	1	360	2025-07-06 16:36:01.692228	2025-07-06 16:36:01.692228
106	2023-07-04	2	TEF BANCOESTADO DE RIVERA CRISOSTOM	2000	7	2023	1	360	2025-07-06 16:36:01.700131	2025-07-06 16:36:01.700131
107	2023-07-06	2	DEPOSITO EN EFECTIVO SERVIESTADO	4000	7	2023	1	360	2025-07-06 16:36:01.708893	2025-07-06 16:36:01.708893
108	2023-07-24	2	TEF BANCOESTADO DE TRONCOSO DURAN M	4000	7	2023	1	360	2025-07-06 16:36:01.716058	2025-07-06 16:36:01.716058
109	2023-07-25	2	TEF DE DAROCH MATAMALA JORDAN EBER	6000	7	2023	1	360	2025-07-06 16:36:01.724776	2025-07-06 16:36:01.724776
110	2023-08-02	2	TEF DE DIAZ FLORES MARCELO RODOLFO	2000	8	2023	1	360	2025-07-06 16:36:01.732598	2025-07-06 16:36:01.732598
111	2023-08-07	2	TEF DE SEGURA LARA OSIEL ALEXANDER	2000	8	2023	1	360	2025-07-06 16:36:01.740623	2025-07-06 16:36:01.740623
112	2023-08-09	2	TEF BANCOESTADO DE GONZALEZ MONCADA	2000	8	2023	1	360	2025-07-06 16:36:01.747924	2025-07-06 16:36:01.747924
113	2023-09-07	2	TEF DE MOISAN OPORTUS CONSTANZA PAZ	2000	9	2023	1	360	2025-07-06 16:36:01.755315	2025-07-06 16:36:01.755315
114	2023-09-11	2	TEF BANCOESTADO DE MONJE CARVAJAL C	2000	9	2023	1	360	2025-07-06 16:36:01.762798	2025-07-06 16:36:01.762798
115	2023-09-13	2	TEF BANCOESTADO DE VIDAL MELIVILU K	2000	9	2023	1	360	2025-07-06 16:36:01.773184	2025-07-06 16:36:01.773184
116	2023-09-14	2	TEF BANCOESTADO DE MIRANDA ROMERO M	2000	9	2023	1	360	2025-07-06 16:36:01.78135	2025-07-06 16:36:01.78135
117	2023-10-02	2	TEF BANCOESTADO DE POZO JIMENEZ DIE	2000	10	2023	1	360	2025-07-06 16:36:01.789459	2025-07-06 16:36:01.789459
118	2023-10-04	2	TEF BANCOESTADO DE MORA MORALES CAT	2000	10	2023	1	360	2025-07-06 16:36:01.79694	2025-07-06 16:36:01.79694
119	2023-10-12	2	TEF BANCOESTADO DE GALLARDO CORDERO	95200	10	2023	1	360	2025-07-06 16:36:01.804928	2025-07-06 16:36:01.804928
120	2023-10-19	2	TEF BANCOESTADO DE ULLOA BURGOS XIM	2000	10	2023	1	360	2025-07-06 16:36:01.813443	2025-07-06 16:36:01.813443
121	2023-11-10	2	TEF DE DIAZ VELASQUEZ IGNACIO HUMBE	2000	11	2023	1	360	2025-07-06 16:36:01.821631	2025-07-06 16:36:01.821631
122	2023-11-17	2	TEF DE BENEVENTI DUCOMMUN ANTONELLA	24000	11	2023	1	360	2025-07-06 16:36:01.829379	2025-07-06 16:36:01.829379
123	2023-11-21	2	DEPOSITO EN EFECTIVO CRC: F1637F17	14000	11	2023	1	360	2025-07-06 16:36:01.836248	2025-07-06 16:36:01.836248
124	2023-11-21	2	TEF BANCOESTADO DE ABURTO FRITZ CAR	2000	11	2023	1	360	2025-07-06 16:36:01.844193	2025-07-06 16:36:01.844193
125	2023-11-29	2	DEPOSITO EN EFECTIVO	24000	11	2023	1	360	2025-07-06 16:36:01.851191	2025-07-06 16:36:01.851191
126	2023-11-29	2	DEPOSITO EN EFECTIVO	2000	11	2023	1	360	2025-07-06 16:36:01.861095	2025-07-06 16:36:01.861095
127	2023-12-06	2	TEF DE SANTIBANEZ LARENAS MARCELA E	2000	12	2023	1	360	2025-07-06 16:36:01.868283	2025-07-06 16:36:01.868283
128	2023-12-12	2	TEF BANCOESTADO DE SANDOVAL SAMILLA	4000	12	2023	1	360	2025-07-06 16:36:01.877135	2025-07-06 16:36:01.877135
129	2023-12-12	2	TEF BANCOESTADO DE ZAMORANO ARAVENA	2000	12	2023	1	360	2025-07-06 16:36:01.885375	2025-07-06 16:36:01.885375
130	2023-12-13	2	TEF DE DAVILA BARRERA FERNANDO SEBA	2000	12	2023	1	360	2025-07-06 16:36:01.894356	2025-07-06 16:36:01.894356
86	2023-03-02	3	TEF DE DE RUT 17617623-7 - Brigadistas Mexicanos	10000	3	2023	1	71	2025-07-06 16:36:01.540495	2025-07-31 22:23:06.468429
99	2023-04-27	1	TEF DE DE RUT 17617623-7 - JUN/22 a DIC/23	38000	4	2023	1	71	2025-07-06 16:36:01.645584	2025-07-31 22:25:05.759353
131	2023-12-18	2	TEF BANCOESTADO DE CASTRO LOPEZ VIC	36000	12	2023	1	360	2025-07-06 16:36:01.901979	2025-07-06 16:36:01.901979
132	2023-12-28	2	TEF BANCOESTADO DE NAYEN JARA BELEN	2000	12	2023	1	360	2025-07-06 16:36:01.91036	2025-07-06 16:36:01.91036
133	2024-02-23	2	TEF BANCOESTADO DE CARVALLO TOLEDO	12000	2	2024	1	18	2025-07-06 20:10:08.119755	2025-07-06 20:10:08.119755
134	2024-07-23	2	TEF BANCOESTADO DE CARVALLO TOLEDO	6000	7	2024	1	18	2025-07-06 20:10:08.132771	2025-07-06 20:10:08.132771
135	2024-07-29	2	TEF BANCOESTADO DE CARVALLO TOLEDO	4000	7	2024	1	18	2025-07-06 20:10:08.143727	2025-07-06 20:10:08.143727
137	2024-12-26	2	TEF BANCOESTADO DE DAROCH HORMAZABA	2000	12	2024	1	28	2025-07-06 20:10:08.162776	2025-07-06 20:10:08.162776
139	2024-07-18	2	TEF DE OLAVARRIA BENNETT SONIA ELIZ	24000	7	2024	1	40	2025-07-06 20:10:08.18214	2025-07-06 20:10:08.18214
140	2024-08-05	2	TEF BANCOESTADO DE POPP MELENDEZ AL	2000	8	2024	1	43	2025-07-06 20:10:08.191305	2025-07-06 20:10:08.191305
141	2024-07-25	2	TEF BANCOESTADO DE CARVALLO MANRIQU	2000	7	2024	1	70	2025-07-06 20:10:08.200229	2025-07-06 20:10:08.200229
142	2024-04-26	2	TEF DE LABARCA LAGOS MONICA DEL CAR	2000	4	2024	1	80	2025-07-06 20:10:08.208645	2025-07-06 20:10:08.208645
143	2024-07-22	2	TEF BANCOESTADO DE ITURRIA CAMPANO	2000	7	2024	1	82	2025-07-06 20:10:08.22137	2025-07-06 20:10:08.22137
144	2024-05-30	2	TEF DE PARES LAMAS SARA MARIA CRIST	2000	5	2024	1	99	2025-07-06 20:10:08.22894	2025-07-06 20:10:08.22894
145	2024-05-30	2	TEF DE PARES LAMAS SARA MARIA CRIST	2000	5	2024	1	99	2025-07-06 20:10:08.237301	2025-07-06 20:10:08.237301
146	2024-08-21	2	TEF BANCOESTADO DE FERNANDEZ AGUILE	2000	8	2024	1	116	2025-07-06 20:10:08.24515	2025-07-06 20:10:08.24515
147	2024-08-23	2	TEF BANCOESTADO DE FERNANDEZ AGUILE	4000	8	2024	1	116	2025-07-06 20:10:08.253442	2025-07-06 20:10:08.253442
152	2024-12-11	2	TEF DE CASTILLO IGLESIAS LUCIA FERN	2000	12	2024	1	186	2025-07-06 20:10:08.29272	2025-07-06 20:10:08.29272
153	2024-05-08	2	TEF BANCOESTADO DE ANABALON QUIROZ	2000	5	2024	1	187	2025-07-06 20:10:08.300007	2025-07-06 20:10:08.300007
154	2024-05-08	2	TEF BANCOESTADO DE ANABALON QUIROZ	2000	5	2024	1	187	2025-07-06 20:10:08.31119	2025-07-06 20:10:08.31119
157	2024-03-13	2	TEF BANCOESTADO DE ALBORNOZ GUERRA	2000	3	2024	1	195	2025-07-06 20:10:08.335771	2025-07-06 20:10:08.335771
159	2024-02-23	2	TEF DE BASUALTO MORALES IGNACIO MAU	4000	2	2024	1	223	2025-07-06 20:10:08.351268	2025-07-06 20:10:08.351268
160	2024-02-26	2	TEF DE CRUZ ANSELMI RODRIGO ANTONIO	2000	2	2024	1	226	2025-07-06 20:10:08.359202	2025-07-06 20:10:08.359202
161	2024-03-14	2	TEF DE CRUZ ANSELMI RODRIGO ANTONIO	2000	3	2024	1	226	2025-07-06 20:10:08.366728	2025-07-06 20:10:08.366728
162	2024-03-14	2	TEF DE CRUZ ANSELMI RODRIGO ANTONIO	8000	3	2024	1	226	2025-07-06 20:10:08.373788	2025-07-06 20:10:08.373788
163	2024-04-05	2	TEF DE CRUZ ANSELMI RODRIGO ANTONIO	4000	4	2024	1	226	2025-07-06 20:10:08.380749	2025-07-06 20:10:08.380749
164	2024-03-05	2	TEF BANCOESTADO DE PINO DE LA BARRE	12000	3	2024	1	239	2025-07-06 20:10:08.388023	2025-07-06 20:10:08.388023
165	2024-03-11	2	TEF BANCOESTADO DE PINO DE LA BARRE	2000	3	2024	1	239	2025-07-06 20:10:08.398939	2025-07-06 20:10:08.398939
166	2024-03-26	2	TEF BANCOESTADO DE BANADOS PLACENCI	2000	3	2024	1	245	2025-07-06 20:10:08.407157	2025-07-06 20:10:08.407157
167	2024-09-03	2	TEF DE LEYTON ARAYA CHRISTIAN GONZA	12000	9	2024	1	254	2025-07-06 20:10:08.414435	2025-07-06 20:10:08.414435
168	2024-05-07	2	TEF DE SALGADO VARAS RENATA PAZ	2000	5	2024	1	267	2025-07-06 20:10:08.423249	2025-07-06 20:10:08.423249
169	2024-04-01	2	TEF DE DIAZ RUIZ MARCELA DEL CARMEN	2000	4	2024	1	301	2025-07-06 20:10:08.431082	2025-07-06 20:10:08.431082
170	2024-12-18	2	TEF BANCOESTADO DE DAVILA DURAN JOH	2000	12	2024	1	309	2025-07-06 20:10:08.438495	2025-07-06 20:10:08.438495
171	2024-08-13	2	TEF BANCOESTADO DE MONTECINOS MARTI	2000	8	2024	1	314	2025-07-06 20:10:08.446377	2025-07-06 20:10:08.446377
172	2024-08-19	2	TEF DE MONTECINOS MARTINEZ SOFIA AN	2000	8	2024	1	314	2025-07-06 20:10:08.453801	2025-07-06 20:10:08.453801
174	2024-10-01	2	TEF BANCOESTADO DE GARCIA CASTILLO	2000	10	2024	1	329	2025-07-06 20:10:08.46826	2025-07-06 20:10:08.46826
175	2024-04-29	2	TEF BANCOESTADO DE ANI LEIVA JANNET	2000	4	2024	1	335	2025-07-06 20:10:08.475202	2025-07-06 20:10:08.475202
176	2024-08-28	2	TEF BANCOESTADO DE ANI LEIVA JANNET	2000	8	2024	1	335	2025-07-06 20:10:08.487379	2025-07-06 20:10:08.487379
177	2024-01-17	2	TEF BANCOESTADO DE POZO JIMENEZ DIE	2000	1	2024	1	360	2025-07-06 20:10:08.496044	2025-07-06 20:10:08.496044
178	2024-01-22	2	TEF DE DE BORGUIE CABRERA PATRICIA	8000	1	2024	1	360	2025-07-06 20:10:08.503789	2025-07-06 20:10:08.503789
179	2024-01-23	2	TEF BANCOESTADO DE GONZALEZ SEGOVIA	2000	1	2024	1	360	2025-07-06 20:10:08.512527	2025-07-06 20:10:08.512527
180	2024-01-23	2	TEF DE TORRES SOTO MARCELA DE LAS N	2000	1	2024	1	360	2025-07-06 20:10:08.521059	2025-07-06 20:10:08.521059
181	2024-01-23	2	TEF BANCOESTADO DE AGUAYO SALAZAR P	2000	1	2024	1	360	2025-07-06 20:10:08.529726	2025-07-06 20:10:08.529726
182	2024-02-14	2	TEF DE CASANOVA BRITO MAURICIO VLAD	2000	2	2024	1	360	2025-07-06 20:10:08.614722	2025-07-06 20:10:08.614722
183	2024-02-23	2	TEF BANCOESTADO DE PULIDO INFANTE N	2000	2	2024	1	360	2025-07-06 20:10:08.671344	2025-07-06 20:10:08.671344
184	2024-03-01	3	ABONO PAGO A PROVEEDORES	5000000	3	2024	1	361	2025-07-06 20:10:08.724458	2025-07-06 20:10:08.724458
185	2024-03-13	2	TEF DE DE RUT 77496326-K	2000	3	2024	1	360	2025-07-06 20:10:08.743587	2025-07-06 20:10:08.743587
186	2024-03-15	2	TEF DE BAEZA DIAZ PATRICIA ANGELICA	2000	3	2024	1	360	2025-07-06 20:10:08.756999	2025-07-06 20:10:08.756999
187	2024-03-19	2	TEF BANCOESTADO DE ANGULO TRIVINO R	2000	3	2024	1	360	2025-07-06 20:10:08.765019	2025-07-06 20:10:08.765019
188	2024-03-21	2	TEF BANCOESTADO DE ANGULO TRIVINO R	2000	3	2024	1	360	2025-07-06 20:10:08.775785	2025-07-06 20:10:08.775785
189	2024-03-27	2	TEF DE POBLETE GARCES CATALINA IGNA	2000	3	2024	1	360	2025-07-06 20:10:08.783542	2025-07-06 20:10:08.783542
190	2024-03-27	2	TEF BANCOESTADO DE GONZALEZ COLINA	4000	3	2024	1	360	2025-07-06 20:10:08.793222	2025-07-06 20:10:08.793222
191	2024-04-02	2	TEF BANCOESTADO DE PINCHEIRA ALEGRI	2000	4	2024	1	360	2025-07-06 20:10:08.804308	2025-07-06 20:10:08.804308
192	2024-04-04	2	TEF BANCOESTADO DE GODOY INOSTROZA	2000	4	2024	1	360	2025-07-06 20:10:08.813208	2025-07-06 20:10:08.813208
193	2024-04-16	2	TEF DE DE RUT 19893157-8	2000	4	2024	1	360	2025-07-06 20:10:08.821058	2025-07-06 20:10:08.821058
194	2024-04-17	2	DEPOSITO CON DOCUMENTOS	24000	4	2024	1	360	2025-07-06 20:10:08.830274	2025-07-06 20:10:08.830274
195	2024-04-29	2	TEF DE RIVERA CRISOSTOMO ANDREA ELI	2000	4	2024	1	360	2025-07-06 20:10:08.841917	2025-07-06 20:10:08.841917
196	2024-05-02	2	TEF BANCOESTADO DE SEPULVEDA HIDALG	2000	5	2024	1	360	2025-07-06 20:10:08.850239	2025-07-06 20:10:08.850239
156	2024-09-02	1	TEF DE RAMIREZ CARVAJAL LUIS ARTURO - OCT/24 a JUN/25	18000	9	2024	1	190	2025-07-06 20:10:08.327164	2025-07-16 01:18:40.766362
173	2024-06-05	1	TEF DE SANTANA GACITUA CARLOS RICAR - NOV/2022 a DIC/2023	28000	6	2024	1	321	2025-07-06 20:10:08.461142	2025-07-17 02:41:38.231463
151	2024-01-04	1	TEF BANCOESTADO DE CONCHA MUNOZ CEC - JUN/2023 a JUL/2023	4000	1	2024	1	183	2025-07-06 20:10:08.285754	2025-07-17 00:26:17.986304
158	2024-11-25	2	TEF DE ACEVEDO TORRES NICOLAS ESTEB	4000	11	2024	1	154	2025-07-06 20:10:08.343578	2025-07-31 23:29:11.21455
149	2024-04-18	1	TEF BANCOESTADO DE GUAJARDO YANEZ M - ENE/24 a JUN/24	12000	4	2024	1	182	2025-07-06 20:10:08.270045	2025-08-18 04:35:09.567609
138	2024-03-13	1	TEF DE LASAGNA LABBE SILVANA ANGELI - SEP/23 a ENE/24	10000	3	2024	1	31	2025-07-06 20:10:08.172737	2025-08-08 03:33:25.343654
150	2024-08-19	1	TEF BANCOESTADO DE GUAJARDO YANEZ M - JUL/24 A DIC/24	12000	8	2024	1	182	2025-07-06 20:10:08.278174	2025-08-18 04:35:37.410121
197	2024-05-08	2	TEF DE LOPEZ CHIRINOS JOEL JOSE	2000	5	2024	1	360	2025-07-06 20:10:08.859847	2025-07-06 20:10:08.859847
198	2024-05-08	2	TEF DE LOPEZ CHIRINOS JOEL JOSE	2000	5	2024	1	360	2025-07-06 20:10:08.868954	2025-07-06 20:10:08.868954
199	2024-05-09	2	TEF BANCOESTADO DE NAVARRETE MUNOZ	2000	5	2024	1	360	2025-07-06 20:10:08.878803	2025-07-06 20:10:08.878803
200	2024-05-09	2	TEF BANCOESTADO DE NAVARRETE MUNOZ	2000	5	2024	1	360	2025-07-06 20:10:08.88822	2025-07-06 20:10:08.88822
201	2024-05-16	2	TEF DE KRIES SAAVEDRA ANA ESTER	2000	5	2024	1	360	2025-07-06 20:10:08.89866	2025-07-06 20:10:08.89866
202	2024-05-24	2	TEF BANCOESTADO DE MASANA ULLOA SAR	2000	5	2024	1	360	2025-07-06 20:10:08.908631	2025-07-06 20:10:08.908631
203	2024-05-28	2	DEPOSITO EN EFECTIVO CRC: 1394DF06	48000	5	2024	1	360	2025-07-06 20:10:08.91772	2025-07-06 20:10:08.91772
204	2024-05-29	2	TEF BANCOESTADO DE ZAMORANO ARAVENA	2000	5	2024	1	360	2025-07-06 20:10:08.92601	2025-07-06 20:10:08.92601
205	2024-06-03	3	DEPOSITO CON DOCUMENTOS	500000	6	2024	1	361	2025-07-06 20:10:08.934305	2025-07-06 20:10:08.934305
206	2024-06-03	2	TEF DE BENEVENTI DUCOMMUN ANTONELLA	24000	6	2024	1	360	2025-07-06 20:10:08.942995	2025-07-06 20:10:08.942995
207	2024-06-06	2	TEF BANCOESTADO DE MORA LARA ROBERT	2000	6	2024	1	360	2025-07-06 20:10:08.954336	2025-07-06 20:10:08.954336
208	2024-06-17	2	TEF BANCOESTADO DE LILLO CONTRERAS	2000	6	2024	1	360	2025-07-06 20:10:08.963636	2025-07-06 20:10:08.963636
209	2024-06-17	2	TEF BANCOESTADO DE LILLO CONTRERAS	4000	6	2024	1	360	2025-07-06 20:10:08.973703	2025-07-06 20:10:08.973703
210	2024-06-18	2	TEF DE MUNOZ ALARCON XIMENA DEL CAR	4000	6	2024	1	360	2025-07-06 20:10:08.983358	2025-07-06 20:10:08.983358
211	2024-07-02	2	TEF BANCOESTADO DE RIQUELME GALLEGO	2000	7	2024	1	360	2025-07-06 20:10:08.991749	2025-07-06 20:10:08.991749
212	2024-07-05	2	TEF DE DE RUT 18413684-8	2000	7	2024	1	360	2025-07-06 20:10:09.001906	2025-07-06 20:10:09.001906
213	2024-07-08	2	TEF BANCOESTADO DE LEIVA IGLESIAS A	2000	7	2024	1	360	2025-07-06 20:10:09.011152	2025-07-06 20:10:09.011152
214	2024-07-09	2	TEF BANCOESTADO DE CARRILLO ROMERO	2000	7	2024	1	360	2025-07-06 20:10:09.021383	2025-07-06 20:10:09.021383
215	2024-07-12	2	TEF BANCOESTADO DE CAMPOS BERNALES	4000	7	2024	1	360	2025-07-06 20:10:09.029811	2025-07-06 20:10:09.029811
216	2024-07-26	2	TEF DE CONCHA QUEZADA IVETT DEL ROS	2000	7	2024	1	360	2025-07-06 20:10:09.038534	2025-07-06 20:10:09.038534
217	2024-07-26	2	TEF BANCOESTADO DE KUNCAR GODOY CAR	2000	7	2024	1	360	2025-07-06 20:10:09.047266	2025-07-06 20:10:09.047266
218	2024-07-29	2	TEF BANCOESTADO DE HERNANDEZ CAMPOS	2000	7	2024	1	360	2025-07-06 20:10:09.058318	2025-07-06 20:10:09.058318
219	2024-08-07	2	TEF BANCOESTADO DE ROMERO RIOSECO I	2000	8	2024	1	360	2025-07-06 20:10:09.068287	2025-07-06 20:10:09.068287
220	2024-08-08	2	TEF BANCOESTADO DE GARCES TRONCOSO	2000	8	2024	1	360	2025-07-06 20:10:09.078811	2025-07-06 20:10:09.078811
221	2024-08-09	2	TEF BANCOESTADO DE DIAZ CASTRO SEBA	2000	8	2024	1	360	2025-07-06 20:10:09.089124	2025-07-06 20:10:09.089124
222	2024-08-13	2	TEF BANCOESTADO DE SOLIS HUENCHULEO	2000	8	2024	1	360	2025-07-06 20:10:09.098683	2025-07-06 20:10:09.098683
223	2024-08-14	2	TEF BANCOESTADO DE CASTRO GONZALEZ	2000	8	2024	1	360	2025-07-06 20:10:09.109097	2025-07-06 20:10:09.109097
224	2024-08-20	2	TEF BANCOESTADO DE CORRO BARRETO JE	2000	8	2024	1	360	2025-07-06 20:10:09.119138	2025-07-06 20:10:09.119138
225	2024-08-21	2	TEF BANCOESTADO DE BASCUR CABRERA E	2000	8	2024	1	360	2025-07-06 20:10:09.129047	2025-07-06 20:10:09.129047
226	2024-08-22	2	TEF BANCOESTADO DE GONZALEZ IBANEZ	2000	8	2024	1	360	2025-07-06 20:10:09.137966	2025-07-06 20:10:09.137966
227	2024-08-30	2	TEF BANCOESTADO DE SAEZ JANA JAIME	2000	8	2024	1	360	2025-07-06 20:10:09.146792	2025-07-06 20:10:09.146792
228	2024-09-05	2	TEF BANCOESTADO DE PEREZ NAVARRO GE	2000	9	2024	1	360	2025-07-06 20:10:09.154984	2025-07-06 20:10:09.154984
229	2024-09-05	2	TEF BANCOESTADO DE CABA ZARATE BARB	2000	9	2024	1	360	2025-07-06 20:10:09.164968	2025-07-06 20:10:09.164968
230	2024-09-11	2	TEF DE RIVAS SEPULVEDA JOSE TOMAS	4000	9	2024	1	360	2025-07-06 20:10:09.177242	2025-07-06 20:10:09.177242
231	2024-09-13	2	TEF BANCOESTADO DE GONZALEZ SEGOVIA	2000	9	2024	1	360	2025-07-06 20:10:09.186608	2025-07-06 20:10:09.186608
232	2024-09-16	2	TEF DE ZAPATA POZO CATALINA VICTORI	2000	9	2024	1	360	2025-07-06 20:10:09.196356	2025-07-06 20:10:09.196356
233	2024-09-27	2	TEF DE GUTIERREZ CARRILLO ALEJANDRA	4000	9	2024	1	360	2025-07-06 20:10:09.206466	2025-07-06 20:10:09.206466
234	2024-10-01	2	TEF BANCOESTADO DE HENRIQUEZ TORRES	4000	10	2024	1	360	2025-07-06 20:10:09.215854	2025-07-06 20:10:09.215854
235	2024-10-02	2	TEF DE PEREZ CARO AMERICA DEL CARME	2000	10	2024	1	360	2025-07-06 20:10:09.224774	2025-07-06 20:10:09.224774
236	2024-10-02	2	TEF BANCOESTADO DE SOLIS HUENCHULEO	2000	10	2024	1	360	2025-07-06 20:10:09.234687	2025-07-06 20:10:09.234687
237	2024-10-02	2	TEF BANCOESTADO DE RUZ AMIGO VICENT	2000	10	2024	1	360	2025-07-06 20:10:09.244565	2025-07-06 20:10:09.244565
238	2024-10-04	2	TEF DE HAEGER SCHEFER CARLOS A	4000	10	2024	1	360	2025-07-06 20:10:09.253257	2025-07-06 20:10:09.253257
239	2024-10-07	2	TEF BANCOESTADO DE GARRIDO FERREIRA	2000	10	2024	1	360	2025-07-06 20:10:09.261477	2025-07-06 20:10:09.261477
240	2024-10-09	2	TEF BANCOESTADO DE SAEZ MENA MARION	2000	10	2024	1	360	2025-07-06 20:10:09.270315	2025-07-06 20:10:09.270315
241	2024-10-15	2	TEF DE COFRE PEREIRA FRANCISCA LORE	4000	10	2024	1	360	2025-07-06 20:10:09.283104	2025-07-06 20:10:09.283104
242	2024-10-16	2	TEF DE DELPIN NICKEL JOSEFA CONSTAN	4000	10	2024	1	360	2025-07-06 20:10:09.292925	2025-07-06 20:10:09.292925
243	2024-10-23	2	TEF DE ARNABOLDI TIMA FLORENCIA ROS	2000	10	2024	1	360	2025-07-06 20:10:09.303393	2025-07-06 20:10:09.303393
244	2024-10-29	2	TEF DE ARDILES VELASQUEZ NOVECHKA S	2000	10	2024	1	360	2025-07-06 20:10:09.313524	2025-07-06 20:10:09.313524
245	2024-11-06	2	TEF DE LUMAN PEREIRA JEANNETTE ALEJ	4000	11	2024	1	360	2025-07-06 20:10:09.322686	2025-07-06 20:10:09.322686
246	2024-11-07	2	TEF DE MADRID CORTES CAMILA ANDREA	2000	11	2024	1	360	2025-07-06 20:10:09.333007	2025-07-06 20:10:09.333007
247	2024-11-07	2	TEF BANCOESTADO DE GONZALEZ MONCADA	2000	11	2024	1	360	2025-07-06 20:10:09.343	2025-07-06 20:10:09.343
248	2024-11-18	2	TEF DE HERRERA GARCIA CARLOS ANDRES	2000	11	2024	1	360	2025-07-06 20:10:09.353845	2025-07-06 20:10:09.353845
249	2024-11-18	2	TEF BANCOESTADO DE FUENTEALBA GACIT	2000	11	2024	1	360	2025-07-06 20:10:09.362389	2025-07-06 20:10:09.362389
250	2024-11-29	2	TEF BANCOESTADO DE ESPINOZA HERNAND	6000	11	2024	1	360	2025-07-06 20:10:09.371452	2025-07-06 20:10:09.371452
251	2024-12-02	2	TEF DE BARRALES BUSTOS PAULA ANGELI	2000	12	2024	1	360	2025-07-06 20:10:09.379782	2025-07-06 20:10:09.379782
252	2024-12-02	2	TEF BANCOESTADO DE BONILLA CONCHA C	2000	12	2024	1	360	2025-07-06 20:10:09.388771	2025-07-06 20:10:09.388771
253	2024-12-11	2	TEF BANCOESTADO DE VARELA CHAPARRO	2000	12	2024	1	360	2025-07-06 20:10:09.401137	2025-07-06 20:10:09.401137
254	2024-12-12	2	TEF BANCOESTADO DE ORELLANA MANRIQU	2000	12	2024	1	360	2025-07-06 20:10:09.411668	2025-07-06 20:10:09.411668
255	2024-12-13	2	TEF DE GUTIERREZ INOSTROZA ESTEFANI	2000	12	2024	1	360	2025-07-06 20:10:09.42197	2025-07-06 20:10:09.42197
256	2024-12-17	2	TEF DE CARVAJAL CANCINO MIGUEL ANGE	2000	12	2024	1	360	2025-07-06 20:10:09.432225	2025-07-06 20:10:09.432225
257	2024-12-18	2	TEF DE RECABARREN MARDONEZ NATALY D	4000	12	2024	1	360	2025-07-06 20:10:09.443388	2025-07-06 20:10:09.443388
258	2024-12-27	2	TEF DE VALENZUELA MORENO ANA MARIA	4000	12	2024	1	360	2025-07-06 20:10:09.451804	2025-07-06 20:10:09.451804
259	2025-02-11	2	TEF BANCOESTADO DE SANCHEZ SANCHEZ	2000	2	2025	1	11	2025-07-06 20:11:47.233848	2025-07-06 20:11:47.233848
260	2025-01-27	2	TEF BANCOESTADO DE CHAMBLAS NAVARRE	4000	1	2025	1	16	2025-07-06 20:11:47.242185	2025-07-06 20:11:47.242185
262	2025-05-26	2	TEF BANCOESTADO DE GARCIA ARANEDA C	2000	5	2025	1	25	2025-07-06 20:11:47.258094	2025-07-06 20:11:47.258094
263	2025-01-08	2	TEF DE CABRERA CROT VERONICA ANDREA	2000	1	2025	1	26	2025-07-06 20:11:47.268487	2025-07-06 20:11:47.268487
264	2025-01-22	2	TEF DE INOSTROZA CASTILLO JAVIER IG	4000	1	2025	1	64	2025-07-06 20:11:47.277279	2025-07-06 20:11:47.277279
265	2025-03-10	2	TEF DE LABARCA LAGOS MONICA DEL CAR	2000	3	2025	1	80	2025-07-06 20:11:47.285772	2025-07-06 20:11:47.285772
266	2025-03-10	2	TEF DE LABARCA LAGOS MONICA DEL CAR	2000	3	2025	1	80	2025-07-06 20:11:47.294941	2025-07-06 20:11:47.294941
267	2025-06-25	2	TEF DE LABARCA LAGOS MONICA DEL CAR	24000	6	2025	1	80	2025-07-06 20:11:47.302693	2025-07-06 20:11:47.302693
269	2025-01-02	2	TEF BANCOESTADO DE ANABALON QUIROZ	24000	1	2025	1	187	2025-07-06 20:11:47.319946	2025-07-06 20:11:47.319946
271	2025-05-09	2	TEF BANCOESTADO DE VENEGAS JOFRE CL	48000	5	2025	1	224	2025-07-06 20:11:47.334837	2025-07-06 20:11:47.334837
272	2025-03-18	2	TEF DE VASQUEZ SANCHEZ SONIA ANGELI	2000	3	2025	1	284	2025-07-06 20:11:47.341906	2025-07-06 20:11:47.341906
273	2025-04-29	2	TEF BANCOESTADO DE LEPE ORTIZ YAZNA	2000	4	2025	1	286	2025-07-06 20:11:47.348899	2025-07-06 20:11:47.348899
274	2025-05-27	2	TEF BANCOESTADO DE CARDENAS HERNAND	2000	5	2025	1	317	2025-07-06 20:11:47.357934	2025-07-06 20:11:47.357934
275	2025-01-20	2	TEF DE SANTANA GACITUA CARLOS RICAR	2000	1	2025	1	321	2025-07-06 20:11:47.36589	2025-07-06 20:11:47.36589
276	2025-02-06	2	TEF BANCOESTADO DE ANI LEIVA JANNET	4000	2	2025	1	335	2025-07-06 20:11:47.37321	2025-07-06 20:11:47.37321
277	2025-01-20	2	TEF DE AGUAYO RODRIGUEZ EDUARDO OSV	4000	1	2025	1	360	2025-07-06 20:11:47.380633	2025-07-06 20:11:47.380633
278	2025-01-23	2	TEF DE MERINO MORALES VICENTE JOAQU	2000	1	2025	1	360	2025-07-06 20:11:47.388567	2025-07-06 20:11:47.388567
279	2025-01-28	2	TEF DE GUTIERREZ CARRILLO ALEJANDRA	2000	1	2025	1	360	2025-07-06 20:11:47.396458	2025-07-06 20:11:47.396458
280	2025-01-28	2	TEF DE GUTIERREZ CARRILLO ALEJANDRA	2000	1	2025	1	360	2025-07-06 20:11:47.404792	2025-07-06 20:11:47.404792
281	2025-01-31	2	TEF DE ALEJO ALEJO NAYLET ANDREINA	2000	1	2025	1	360	2025-07-06 20:11:47.411377	2025-07-06 20:11:47.411377
282	2025-02-04	2	TEF DE MORA MUNOZ JUAN ROBERTO	2000	2	2025	1	360	2025-07-06 20:11:47.418044	2025-07-06 20:11:47.418044
283	2025-02-05	2	TEF DE VICTORIANO FICA BELEN DAMARI	2000	2	2025	1	360	2025-07-06 20:11:47.425133	2025-07-06 20:11:47.425133
284	2025-02-05	2	TEF DE VICTORIANO FICA BELEN DAMARI	2000	2	2025	1	360	2025-07-06 20:11:47.434479	2025-07-06 20:11:47.434479
285	2025-02-05	2	TEF DE SUAREZ CALDERA JONATHAN MIGU	6000	2	2025	1	360	2025-07-06 20:11:47.44152	2025-07-06 20:11:47.44152
286	2025-02-11	2	TEF BANCOESTADO DE ARAVENA VALDES E	2000	2	2025	1	360	2025-07-06 20:11:47.449192	2025-07-06 20:11:47.449192
287	2025-02-14	2	TEF BANCOESTADO DE CARRASCO AVACA M	2000	2	2025	1	360	2025-07-06 20:11:47.456785	2025-07-06 20:11:47.456785
288	2025-02-21	2	TEF DE ZAPATA POZO CATALINA VICTORI	2000	2	2025	1	360	2025-07-06 20:11:47.464366	2025-07-06 20:11:47.464366
289	2025-02-25	2	TEF BANCOESTADO DE LARA INZUNZA MAR	2000	2	2025	1	360	2025-07-06 20:11:47.47204	2025-07-06 20:11:47.47204
290	2025-02-28	2	TEF DE ROMERO PINO CONSTANZA JAVIER	2000	2	2025	1	360	2025-07-06 20:11:47.478975	2025-07-06 20:11:47.478975
291	2025-03-06	2	DEVOLUCION TRANSF MANDATO CLIENTE	4000	3	2025	1	360	2025-07-06 20:11:47.486969	2025-07-06 20:11:47.486969
292	2025-03-19	2	TEF DE PARADA VILLABLANCA CAROLINA	2000	3	2025	1	360	2025-07-06 20:11:47.493853	2025-07-06 20:11:47.493853
293	2025-03-20	2	TEF BANCOESTADO DE VILLARROEL FUENT	2000	3	2025	1	360	2025-07-06 20:11:47.501162	2025-07-06 20:11:47.501162
294	2025-03-21	2	TEF DE GODOY RIVAS BELEN BIZETH	2000	3	2025	1	360	2025-07-06 20:11:47.507778	2025-07-06 20:11:47.507778
295	2025-03-21	2	TEF BANCOESTADO DE DIAZ VELASQUEZ H	2000	3	2025	1	360	2025-07-06 20:11:47.516954	2025-07-06 20:11:47.516954
296	2025-03-25	2	TEF DE RODRIGUEZ BUSTOS HERNAN EDGA	4000	3	2025	1	360	2025-07-06 20:11:47.523918	2025-07-06 20:11:47.523918
297	2025-03-26	2	TEF DE MARTINEZ CARVAJAL MARCELA IR	2000	3	2025	1	360	2025-07-06 20:11:47.532268	2025-07-06 20:11:47.532268
298	2025-03-27	2	TEF DE ROJAS ULLOA AMARILIS FRANCIS	2000	3	2025	1	360	2025-07-06 20:11:47.539823	2025-07-06 20:11:47.539823
299	2025-03-28	2	TEF DE RIVAS ULLOA LUIS ESTEBAN	2000	3	2025	1	360	2025-07-06 20:11:47.547734	2025-07-06 20:11:47.547734
300	2025-04-01	2	TEF DE CASTRO SANDOVAL EDUARDO NAVO	2000	4	2025	1	360	2025-07-06 20:11:47.554707	2025-07-06 20:11:47.554707
301	2025-04-02	2	TEF DE CID BRAVO DANIELA ALEJANDRA	2000	4	2025	1	360	2025-07-06 20:11:47.562586	2025-07-06 20:11:47.562586
302	2025-04-03	2	TEF DE FERNANDEZ PEREZ CONSTANZA AN	2000	4	2025	1	360	2025-07-06 20:11:47.569858	2025-07-06 20:11:47.569858
303	2025-04-09	2	TEF DE ALTAMIRANO SALAMANCA RODRIGO	2000	4	2025	1	360	2025-07-06 20:11:47.576652	2025-07-06 20:11:47.576652
304	2025-04-16	2	TEF DE MELIPIL IGAYMAN GLORIA DEL C	2000	4	2025	1	360	2025-07-06 20:11:47.583962	2025-07-06 20:11:47.583962
305	2025-04-17	2	TEF BANCOESTADO DE MERCADO SANHUEZA	2000	4	2025	1	360	2025-07-06 20:11:47.590739	2025-07-06 20:11:47.590739
306	2025-04-28	2	TEF BANCOESTADO DE CAMPERO ROSSO FE	2000	4	2025	1	360	2025-07-06 20:11:47.600291	2025-07-06 20:11:47.600291
307	2025-04-29	2	TEF DE GUTIERREZ CARRILLO ALEJANDRA	6000	4	2025	1	360	2025-07-06 20:11:47.608648	2025-07-06 20:11:47.608648
308	2025-04-30	2	DEPOSITO CON DOCUMENTOS	24000	4	2025	1	360	2025-07-06 20:11:47.616185	2025-07-06 20:11:47.616185
309	2025-05-12	2	TEF DE CASTILLO EYDE LESLIE ETELVIN	2000	5	2025	1	360	2025-07-06 20:11:47.624252	2025-07-06 20:11:47.624252
310	2025-05-14	2	TEF BANCOESTADO DE BUSTOS RIQUELME	2000	5	2025	1	360	2025-07-06 20:11:47.632302	2025-07-06 20:11:47.632302
311	2025-06-04	2	TEF DE ESPINOZA SAEZ ESCARLI ESTEFA	2000	6	2025	1	360	2025-07-06 20:11:47.639522	2025-07-06 20:11:47.639522
312	2025-06-06	2	TEF DE URRA MORAGA FRANCISCA NICOLE	2000	6	2025	1	360	2025-07-06 20:11:47.647314	2025-07-06 20:11:47.647314
313	2025-06-16	2	TEF DE ZAROR GERMANY ALBERTO ELIAS	2000	6	2025	1	360	2025-07-06 20:11:47.65396	2025-07-06 20:11:47.65396
314	2025-06-30	2	TEF BANCOESTADO DE FUENTES HERMOSIL	4000	6	2025	1	360	2025-07-06 20:11:47.661733	2025-07-06 20:11:47.661733
136	2024-04-23	3	TEF BANCOESTADO DE GARCIA ARANEDA C - BRIGADISTAS	8000	4	2024	1	25	2025-07-06 20:10:08.153643	2025-07-16 00:44:30.89673
261	2025-05-26	1	TEF BANCOESTADO DE GARCIA ARANEDA C - MAR/24 a MAY/25	30000	5	2025	1	25	2025-07-06 20:11:47.25015	2025-07-16 00:46:11.480574
155	2024-01-15	1	TEF DE RAMIREZ CARVAJAL LUIS ARTURO - ENE/24 a SEP/24	18000	1	2024	1	190	2025-07-06 20:10:08.318697	2025-07-16 01:18:06.492384
270	2025-05-13	1	TEF DE RAMIREZ CARVAJAL LUIS ARTURO - JUL/25 a MAR/26	18000	5	2025	1	190	2025-07-06 20:11:47.327608	2025-07-16 01:21:28.850689
1	2022-12-13	1	TEF DE SANTOS FAJARDO ISABEL ESTER - JUN/2022 a DIC/2022	14000	6	2022	1	152	2025-07-06 16:35:36.546001	2025-07-16 02:03:04.034067
315	2025-07-17	1	TEF BANCO SANTANDER MORENO NAIL GERARDO - JUL/25	2000	7	2025	1	364	2025-07-16 22:07:41.442164	2025-07-17 00:01:20.04265
316	2025-07-17	2	TEF BANCO ESTADO MORENO NAIL GERARDO 	2000	7	2025	1	364	2025-07-16 22:09:57.002433	2025-07-17 00:01:36.738607
318	2025-07-17	2	TRANSFERENCIA DE ROMERO FERNANDEZ P	2000	7	2025	1	363	2025-07-17 00:07:45.519682	2025-07-17 00:08:38.553856
73	2023-08-21	1	TEF DE PINTO SUAZO VICTOR ANDRES - JUN/2022 a NOV-2023	36000	8	2023	1	274	2025-07-06 16:36:01.429169	2025-07-17 00:59:59.938118
319	2025-07-17	1	TEF BANCOESTADO DE CONCHA MUNOZ CEC - AGO/2023 a DIC/2023	10000	7	2025	1	183	2025-07-17 00:11:59.308374	2025-07-17 00:26:46.472045
148	2024-06-12	1	TEF DE HILLERNS ROJAS GABRIELA PATR - JUN/23 a MAY/25	48000	6	2024	1	117	2025-07-06 20:10:08.260677	2025-07-31 23:04:55.176405
268	2025-03-19	1	TEF BANCOESTADO DE GUAJARDO YANEZ M - ENE/25 a JUN/25	12000	3	2025	1	182	2025-07-06 20:11:47.310897	2025-08-18 04:36:08.534873
321	2025-08-18	1	TEF BANCOESTADO DE GUAJARDO YANEZ M - JUL/25 A JUN/26	24000	8	2025	1	182	2025-08-18 04:55:02.778335	2025-08-29 02:04:57.164866
322	2025-09-07	1	TEF DE OCAMPO DEGADO NATASHA CATAL - ENE/2024 a DIC/2025	48000	9	2025	1	71	2025-09-07 20:54:19.703316	2025-09-07 21:21:43.830222
323	2025-09-30	1	TEF DE AGUILERA RETAMAL MAGALI - JUN/2025 a NOV/2025	12000	9	2025	1	348	2025-10-01 01:33:16.05376	2025-10-01 01:33:16.05376
\.


--
-- Data for Name: schema_migrations; Type: TABLE DATA; Schema: public; Owner: csantana
--

COPY public.schema_migrations (version) FROM stdin;
20250409155933
20250409155820
20250409155520
20250409150743
20250409150742
\.


--
-- Data for Name: users; Type: TABLE DATA; Schema: public; Owner: csantana
--

COPY public.users (id, email, encrypted_password, reset_password_token, reset_password_sent_at, remember_created_at, created_at, updated_at, name_community, type_community, saldo_inicial, name, role) FROM stdin;
1	carlos.santana@gmail.com	$2a$12$WZQwdq8vx/70p4eX6heGPOzLygbN2yZ3l6nrMKJS0Y.uw/0rZUV36	\N	\N	\N	2025-07-06 16:34:39.081694	2025-07-06 16:34:39.081694	JJVV Barrio Oriente	Socio	0	Carlos Santana	1
\.


--
-- Name: apartments_id_seq; Type: SEQUENCE SET; Schema: public; Owner: csantana
--

SELECT pg_catalog.setval('public.apartments_id_seq', 364, true);


--
-- Name: bills_id_seq; Type: SEQUENCE SET; Schema: public; Owner: csantana
--

SELECT pg_catalog.setval('public.bills_id_seq', 25, true);


--
-- Name: deposits_id_seq; Type: SEQUENCE SET; Schema: public; Owner: csantana
--

SELECT pg_catalog.setval('public.deposits_id_seq', 323, true);


--
-- Name: users_id_seq; Type: SEQUENCE SET; Schema: public; Owner: csantana
--

SELECT pg_catalog.setval('public.users_id_seq', 1, true);


--
-- Name: apartments apartments_pkey; Type: CONSTRAINT; Schema: public; Owner: csantana
--

ALTER TABLE ONLY public.apartments
    ADD CONSTRAINT apartments_pkey PRIMARY KEY (id);


--
-- Name: ar_internal_metadata ar_internal_metadata_pkey; Type: CONSTRAINT; Schema: public; Owner: csantana
--

ALTER TABLE ONLY public.ar_internal_metadata
    ADD CONSTRAINT ar_internal_metadata_pkey PRIMARY KEY (key);


--
-- Name: bills bills_pkey; Type: CONSTRAINT; Schema: public; Owner: csantana
--

ALTER TABLE ONLY public.bills
    ADD CONSTRAINT bills_pkey PRIMARY KEY (id);


--
-- Name: deposits deposits_pkey; Type: CONSTRAINT; Schema: public; Owner: csantana
--

ALTER TABLE ONLY public.deposits
    ADD CONSTRAINT deposits_pkey PRIMARY KEY (id);


--
-- Name: schema_migrations schema_migrations_pkey; Type: CONSTRAINT; Schema: public; Owner: csantana
--

ALTER TABLE ONLY public.schema_migrations
    ADD CONSTRAINT schema_migrations_pkey PRIMARY KEY (version);


--
-- Name: users users_pkey; Type: CONSTRAINT; Schema: public; Owner: csantana
--

ALTER TABLE ONLY public.users
    ADD CONSTRAINT users_pkey PRIMARY KEY (id);


--
-- Name: index_apartments_on_user_id; Type: INDEX; Schema: public; Owner: csantana
--

CREATE INDEX index_apartments_on_user_id ON public.apartments USING btree (user_id);


--
-- Name: index_bills_on_user_id; Type: INDEX; Schema: public; Owner: csantana
--

CREATE INDEX index_bills_on_user_id ON public.bills USING btree (user_id);


--
-- Name: index_deposits_on_apartment_id; Type: INDEX; Schema: public; Owner: csantana
--

CREATE INDEX index_deposits_on_apartment_id ON public.deposits USING btree (apartment_id);


--
-- Name: index_deposits_on_user_id; Type: INDEX; Schema: public; Owner: csantana
--

CREATE INDEX index_deposits_on_user_id ON public.deposits USING btree (user_id);


--
-- Name: index_users_on_email; Type: INDEX; Schema: public; Owner: csantana
--

CREATE UNIQUE INDEX index_users_on_email ON public.users USING btree (email);


--
-- Name: index_users_on_reset_password_token; Type: INDEX; Schema: public; Owner: csantana
--

CREATE UNIQUE INDEX index_users_on_reset_password_token ON public.users USING btree (reset_password_token);


--
-- Name: deposits fk_rails_0eee5954c5; Type: FK CONSTRAINT; Schema: public; Owner: csantana
--

ALTER TABLE ONLY public.deposits
    ADD CONSTRAINT fk_rails_0eee5954c5 FOREIGN KEY (apartment_id) REFERENCES public.apartments(id);


--
-- Name: deposits fk_rails_88307c7ed2; Type: FK CONSTRAINT; Schema: public; Owner: csantana
--

ALTER TABLE ONLY public.deposits
    ADD CONSTRAINT fk_rails_88307c7ed2 FOREIGN KEY (user_id) REFERENCES public.users(id);


--
-- Name: apartments fk_rails_ce3cb81433; Type: FK CONSTRAINT; Schema: public; Owner: csantana
--

ALTER TABLE ONLY public.apartments
    ADD CONSTRAINT fk_rails_ce3cb81433 FOREIGN KEY (user_id) REFERENCES public.users(id);


--
-- Name: bills fk_rails_f5fcc78f42; Type: FK CONSTRAINT; Schema: public; Owner: csantana
--

ALTER TABLE ONLY public.bills
    ADD CONSTRAINT fk_rails_f5fcc78f42 FOREIGN KEY (user_id) REFERENCES public.users(id);


--
-- PostgreSQL database dump complete
--

\unrestrict XG7MoAP354Cf4684TST5fB3qqvh4ronXsSaCycGvVi8lSj2nWQHPfDKfPpFfXru

